Date,Open,High,Low,Close,Volume
2005-03-24,3.82,3.92,3.81,3.92,193410
2005-03-25,3.9,3.93,3.85,3.92,180197
2005-03-28,3.87,3.92,3.72,3.9,306441
2005-03-29,3.85,3.95,3.85,3.89,381829
2005-03-30,3.89,3.89,3.75,3.77,183200
2005-03-31,3.72,3.73,3.55,3.71,174035
2005-04-01,3.7,3.89,3.58,3.85,410555
2005-04-04,3.75,4.05,3.75,3.88,1059135
2005-04-05,3.86,3.93,3.82,3.84,305353
2005-04-06,3.8,3.9,3.7,3.84,311261
2005-04-07,3.85,3.99,3.83,3.9,500388
2005-04-08,3.88,3.98,3.88,3.97,434657
2005-04-11,3.95,4.02,3.9,3.97,382000
2005-04-12,3.96,4.0,3.83,3.84,238891
2005-04-13,3.94,3.98,3.87,3.96,500712
2005-04-14,3.96,3.99,3.81,3.81,423000
2005-04-15,3.79,3.79,3.57,3.64,351309
2005-04-18,3.6,3.67,3.5,3.51,266400
2005-04-19,3.35,3.35,3.16,3.24,1264517
2005-04-20,3.2,3.27,3.16,3.2,452873
2005-04-21,3.22,3.26,3.08,3.1,463450
2005-04-22,3.08,3.15,3.03,3.1,527425
2005-04-25,3.08,3.08,2.91,2.99,369000
2005-04-26,3.02,3.14,2.97,3.07,388167
2005-04-27,3.08,3.08,2.94,2.95,340264
2005-04-28,2.95,3.08,2.85,3.04,426214
2005-04-29,3.03,3.14,2.93,2.97,582639
2005-05-09,2.95,2.96,2.74,2.74,383288
2005-05-10,2.73,2.76,2.56,2.74,468895
2005-05-11,2.72,2.77,2.66,2.73,328937
2005-05-12,2.74,2.8,2.67,2.76,373401
2005-05-16,2.81,3.04,2.81,3.04,1385994
2005-05-17,3.09,3.15,2.91,2.95,2860367
2005-05-18,2.95,3.1,2.9,3.09,1667766
2005-05-19,3.08,3.08,2.98,3.02,753149
2005-05-20,3.02,3.2,2.96,3.14,1813791
2005-05-23,3.09,3.1,2.98,3.04,788463
2005-05-24,3.02,3.16,3.02,3.14,937963
2005-05-25,3.13,3.17,3.05,3.12,785123
2005-05-26,3.14,3.14,3.01,3.04,594339
2005-05-27,3.02,3.08,2.95,2.98,534100
2005-05-30,2.98,3.06,2.95,3.03,443977
2005-05-31,3.05,3.07,3.0,3.02,310899
2005-06-01,2.96,3.01,2.88,2.92,593199
2005-06-02,2.89,3.1,2.89,3.07,1469141
2005-06-03,3.07,3.09,3.01,3.07,916829
2005-06-06,3.07,3.2,3.05,3.17,1448397
2005-06-07,3.15,3.2,3.1,3.13,1068700
2005-06-08,3.14,3.37,3.14,3.34,1992100
2005-06-09,3.33,3.37,3.22,3.31,1778578
2005-06-10,3.28,3.28,3.18,3.18,858073
2005-06-13,3.16,3.26,3.13,3.23,537580
2005-06-14,3.24,3.28,3.1,3.11,523530
2005-06-15,3.11,3.15,3.01,3.05,503269
2005-06-16,3.02,3.08,2.89,2.99,781631
2005-06-17,2.98,3.03,2.9,2.93,381759
2005-06-20,2.95,3.02,2.86,3.0,537374
2005-06-21,2.95,3.01,2.95,2.99,378209
2005-06-22,3.0,3.05,2.96,3.04,366649
2005-06-23,3.05,3.07,2.98,3.01,535820
2005-06-24,3.01,3.01,2.88,2.94,653206
2005-06-27,2.97,3.04,2.97,3.01,587759
2005-06-28,3.01,3.01,2.91,2.93,290400
2005-06-29,2.96,2.96,2.91,2.93,328400
2005-06-30,2.89,2.89,2.7,2.74,597599
2005-07-01,2.7,2.74,2.53,2.55,621599
2005-07-04,2.5,2.54,2.31,2.45,598859
2005-07-05,2.44,2.51,2.4,2.44,376199
2005-07-06,2.45,2.48,2.4,2.47,308289
2005-07-07,2.49,2.57,2.45,2.53,577731
2005-07-08,2.5,2.51,2.37,2.38,449099
2005-07-11,2.47,2.52,2.33,2.35,266399
2005-07-12,2.31,2.44,2.29,2.43,442110
2005-07-13,2.43,2.43,2.33,2.37,362240
2005-07-14,2.61,2.61,2.61,2.61,1191894
2005-07-15,2.76,2.79,2.55,2.57,4728068
2005-07-18,2.49,2.49,2.31,2.31,1462219
2005-07-19,2.21,2.32,2.2,2.29,1267838
2005-07-20,2.28,2.32,2.22,2.3,721406
2005-07-21,2.3,2.31,2.25,2.3,588992
2005-07-22,2.26,2.4,2.26,2.37,1095406
2005-07-25,2.35,2.47,2.33,2.41,761780
2005-07-26,2.42,2.46,2.37,2.44,1006727
2005-07-27,2.44,2.52,2.44,2.52,939651
2005-07-28,2.51,2.62,2.47,2.56,1755045
2005-07-29,2.52,2.55,2.46,2.48,916100
2005-08-01,2.48,2.55,2.48,2.54,475664
2005-08-02,2.54,2.6,2.49,2.59,804171
2005-08-03,2.59,2.66,2.55,2.6,1126566
2005-08-04,2.61,2.61,2.52,2.53,642994
2005-08-05,2.53,2.63,2.51,2.62,686373
2005-08-08,2.6,2.68,2.58,2.65,955182
2005-08-09,2.65,2.72,2.61,2.7,1045501
2005-08-10,2.76,2.86,2.72,2.79,2010209
2005-08-11,2.79,2.84,2.74,2.83,1044141
2005-08-12,2.85,2.87,2.71,2.72,1315391
2005-08-15,2.72,2.85,2.72,2.85,1162607
2005-08-16,2.85,2.97,2.81,2.94,1749795
2005-08-17,2.94,3.01,2.85,2.99,1947512
2005-08-18,3.03,3.1,2.72,2.79,2090066
2005-08-19,2.8,3.07,2.76,3.07,3653791
2005-08-22,3.1,3.35,3.1,3.3,6813349
2005-08-23,3.27,3.27,3.06,3.09,2290365
2005-08-24,3.08,3.12,3.05,3.1,976849
2005-08-25,3.07,3.17,3.02,3.17,1167222
2005-08-26,3.23,3.23,3.09,3.11,760350
2005-08-29,3.11,3.15,3.03,3.07,765948
2005-08-30,3.05,3.11,3.04,3.1,588190
2005-08-31,3.06,3.17,3.06,3.14,777618
2005-09-01,3.13,3.21,3.1,3.21,1243117
2005-09-02,3.21,3.27,3.17,3.25,1211914
2005-09-05,3.26,3.29,3.2,3.27,994319
2005-09-06,3.28,3.29,3.11,3.15,1258846
2005-09-07,3.14,3.25,3.11,3.24,826549
2005-09-08,3.24,3.3,3.18,3.26,738970
2005-09-09,3.28,3.28,3.17,3.18,503855
2005-09-12,3.17,3.21,3.15,3.2,453388
2005-09-13,3.2,3.34,3.2,3.33,1270721
2005-09-14,3.35,3.41,3.28,3.41,1437422
2005-09-15,3.37,3.5,3.32,3.41,1052780
2005-09-16,3.38,3.48,3.35,3.46,935631
2005-09-19,3.45,3.6,3.43,3.55,1084327
2005-09-20,3.55,3.57,3.41,3.52,1179849
2005-09-21,3.5,3.52,3.37,3.42,961930
2005-09-22,3.4,3.41,3.18,3.23,1088706
2005-09-23,3.2,3.29,3.09,3.1,849800
2005-09-26,3.08,3.16,3.05,3.14,413100
2005-09-27,3.08,3.15,3.0,3.02,391779
2005-09-28,3.04,3.15,3.03,3.05,499049
2005-09-29,3.1,3.36,3.07,3.36,1275727
2005-09-30,3.47,3.64,3.41,3.47,4274813
2005-10-10,3.46,3.53,3.33,3.45,1012100
2005-10-11,3.4,3.65,3.39,3.56,1441204
2005-10-12,3.48,3.56,3.45,3.46,1474301
2005-10-13,3.43,3.43,3.26,3.35,1319936
2005-10-14,3.29,3.33,3.18,3.18,743006
2005-10-17,3.16,3.25,3.13,3.22,633756
2005-10-18,3.2,3.29,3.2,3.26,538603
2005-10-19,3.26,3.31,3.19,3.2,617696
2005-10-20,3.17,3.19,3.1,3.18,452495
2005-10-21,3.18,3.27,3.18,3.25,493736
2005-10-24,3.23,3.25,3.16,3.19,476808
2005-10-25,3.19,3.28,3.13,3.21,829146
2005-10-26,3.17,3.18,2.9,2.98,584199
2005-10-27,2.98,2.98,2.81,2.85,677790
2005-10-28,2.82,2.88,2.7,2.72,402450
2005-10-31,2.74,2.84,2.74,2.82,332035
2005-11-01,2.82,2.86,2.71,2.84,393259
2005-11-02,2.83,3.04,2.83,2.96,1163499
2005-11-03,2.94,2.95,2.84,2.89,431190
2005-11-04,2.9,2.9,2.81,2.88,290507
2005-11-07,2.83,2.95,2.83,2.92,203046
2005-11-08,2.9,3.0,2.86,2.95,403200
2005-11-09,2.92,3.03,2.91,3.02,615621
2005-11-10,2.98,3.15,2.86,3.06,1627612
2005-11-11,3.03,3.13,2.97,3.07,1456603
2005-11-14,3.07,3.08,2.98,3.07,393186
2005-11-15,3.04,3.08,2.94,2.97,449100
2005-11-16,2.94,3.03,2.94,3.02,328540
2005-11-17,3.03,3.09,3.01,3.05,406400
2005-11-18,3.06,3.16,3.06,3.08,1123599
2005-11-21,3.13,3.13,3.06,3.12,358712
2005-11-22,3.09,3.13,3.01,3.06,492372
2005-11-23,3.07,3.1,2.98,3.09,509126
2005-11-24,3.08,3.09,3.02,3.07,350436
2005-11-25,3.07,3.07,3.01,3.03,219601
2005-11-28,3.03,3.05,3.0,3.0,251343
2005-11-29,3.0,3.03,2.89,2.89,498599
2005-11-30,2.9,2.91,2.82,2.91,374035
2005-12-01,2.93,2.93,2.85,2.88,253237
2005-12-02,2.86,2.88,2.76,2.79,428517
2005-12-05,2.78,2.79,2.72,2.77,288491
2005-12-06,2.73,2.87,2.73,2.83,360037
2005-12-07,2.77,3.0,2.75,2.95,1126271
2005-12-08,2.95,2.98,2.86,2.95,679491
2005-12-09,2.9,2.95,2.87,2.92,437740
2005-12-12,2.88,2.93,2.87,2.92,303705
2005-12-13,2.67,2.9,2.67,2.89,286388
2005-12-14,2.87,2.92,2.81,2.9,284852
2005-12-15,2.85,2.95,2.85,2.86,299700
2005-12-16,2.83,2.92,2.83,2.9,190572
2005-12-19,2.92,2.99,2.89,2.99,514800
2005-12-20,2.9,2.99,2.9,2.95,265452
2005-12-21,2.93,2.96,2.85,2.87,230020
2005-12-22,2.9,2.9,2.83,2.84,227700
2005-12-23,2.87,2.89,2.83,2.88,271621
2005-12-26,2.89,2.9,2.85,2.88,349834
2005-12-27,2.88,2.94,2.86,2.9,442732
2005-12-28,3.01,3.03,2.93,2.94,668365
2005-12-29,2.94,3.13,2.91,3.0,1066958
2005-12-30,3.0,3.0,2.91,2.95,445838
2006-01-04,2.99,3.04,2.93,3.0,424998
2006-01-05,3.02,3.02,2.95,3.0,499778
2006-01-06,2.99,3.06,2.96,3.05,854958
2006-01-09,3.05,3.18,3.01,3.11,1630751
2006-01-10,3.08,3.3,3.06,3.28,1880597
2006-01-11,3.28,3.43,3.2,3.37,4089866
2006-01-12,3.35,3.37,3.2,3.27,1253280
2006-01-13,3.28,3.35,3.24,3.3,757498
2006-01-16,3.26,3.26,3.15,3.15,1008406
2006-01-17,3.1,3.19,3.1,3.16,414501
2006-01-18,3.18,3.22,3.16,3.21,639701
2006-01-19,3.21,3.24,3.15,3.22,574220
2006-01-20,3.2,3.2,3.14,3.16,446700
2006-01-23,3.15,3.19,3.06,3.09,637159
2006-01-24,3.1,3.13,3.07,3.1,415678
2006-01-25,3.11,3.11,2.97,2.98,503451
2006-02-06,2.97,3.07,2.89,3.05,398401
2006-02-07,3.01,3.16,2.98,3.14,854182
2006-02-08,3.14,3.17,3.1,3.17,389443
2006-02-09,3.15,3.15,3.1,3.1,297851
2006-02-10,3.11,3.14,3.08,3.1,262001
2006-02-13,3.1,3.13,3.06,3.13,391530
2006-02-14,3.12,3.16,3.09,3.14,495100
2006-02-15,3.17,3.17,3.08,3.11,423851
2006-02-16,3.1,3.12,3.02,3.03,379000
2006-02-17,3.02,3.03,2.91,2.97,640100
2006-02-20,3.0,3.0,2.95,2.99,205400
2006-02-21,3.02,3.04,2.94,3.04,231100
2006-02-22,3.04,3.07,3.03,3.04,369390
2006-02-23,3.0,3.03,2.97,3.0,230940
2006-02-24,3.0,3.09,3.0,3.06,595727
2006-02-27,3.07,3.11,3.03,3.08,405390
2006-02-28,3.05,3.08,3.01,3.07,268154
2006-03-01,3.07,3.14,3.04,3.14,746595
2006-03-02,3.14,3.15,3.05,3.06,478100
2006-03-03,3.04,3.08,2.98,3.06,249520
2006-03-06,3.06,3.12,2.98,3.07,296861
2006-03-07,3.08,3.1,2.93,2.98,404235
2006-03-08,2.95,3.0,2.93,2.94,178161
2006-03-09,2.95,2.99,2.92,2.95,196351
2006-03-10,2.97,2.97,2.93,2.94,122000
2006-03-13,2.97,2.97,2.92,2.96,101291
2006-03-14,2.95,2.97,2.89,2.94,265861
2006-03-15,2.91,2.96,2.9,2.95,265680
2006-03-16,2.94,2.96,2.92,2.93,248137
2006-03-17,2.97,3.06,2.96,3.0,636099
2006-03-20,2.99,3.04,2.97,3.02,362951
2006-03-21,3.02,3.16,3.01,3.09,851799
2006-03-22,3.07,3.1,3.03,3.1,334407
2006-03-23,3.07,3.19,3.06,3.15,886353
2006-03-24,3.12,3.19,3.06,3.09,593889
2006-03-27,3.1,3.13,3.04,3.1,859686
2006-03-28,3.1,3.14,3.09,3.12,615690
2006-03-29,3.14,3.14,3.1,3.11,586009
2006-03-30,3.08,3.12,3.01,3.05,341120
2006-03-31,3.04,3.1,3.01,3.08,505370
2006-04-03,3.06,3.12,3.05,3.09,474601
2006-04-04,3.09,3.18,3.08,3.18,845361
2006-04-05,3.15,3.19,3.13,3.15,451011
2006-04-06,3.15,3.28,3.13,3.18,1415466
2006-04-07,3.16,3.22,3.13,3.21,655950
2006-04-10,3.22,3.37,3.19,3.33,1316470
2006-04-11,3.32,3.36,3.28,3.32,996781
2006-04-12,3.32,3.41,3.26,3.39,1461191
2006-04-13,3.38,3.45,3.23,3.25,1199400
2006-04-14,3.21,3.32,3.15,3.3,1336159
2006-04-18,3.33,3.38,3.27,3.34,1009497
2006-04-19,3.4,3.42,3.26,3.29,1166802
2006-04-20,3.29,3.29,3.13,3.18,912772
2006-04-21,3.13,3.16,3.08,3.12,951460
2006-04-24,3.1,3.1,2.96,3.0,919039
2006-04-25,3.0,3.0,2.87,2.98,665122
2006-04-26,2.8,3.1,2.8,3.05,688740
2006-04-27,3.08,3.17,3.02,3.11,856916
2006-04-28,3.1,3.15,3.05,3.15,1001100
2006-05-08,3.14,3.2,3.11,3.2,867994
2006-05-09,3.23,3.42,3.15,3.41,2184147
2006-05-10,3.52,3.59,3.42,3.52,3639792
2006-05-11,3.51,3.65,3.4,3.47,2803087
2006-05-12,3.51,3.71,3.48,3.66,1943670
2006-05-15,3.71,4.0,3.7,3.91,3126391
2006-05-16,3.9,3.9,3.57,3.59,2830122
2006-05-17,3.59,3.76,3.55,3.68,1863554
2006-05-18,3.66,3.96,3.57,3.9,2475941
2006-05-19,3.84,4.08,3.82,4.02,2095119
2006-05-22,4.0,4.16,3.96,4.12,2180304
2006-05-23,4.1,4.1,3.81,3.82,1967400
2006-05-24,3.82,3.96,3.72,3.89,1898274
2006-05-25,3.92,4.04,3.86,3.95,1617264
2006-05-26,4.01,4.2,3.95,4.15,2190739
2006-05-29,4.17,4.38,4.15,4.16,2769660
2006-05-30,4.1,4.36,4.1,4.33,2089959
2006-05-31,4.3,4.49,4.21,4.4,2732200
2006-06-01,4.35,4.84,4.3,4.82,2836262
2006-06-02,4.8,5.11,4.63,4.92,2783349
2006-06-05,4.92,5.08,4.72,5.07,1979023
2006-06-06,5.0,5.12,4.9,4.92,1329917
2006-06-07,4.92,4.95,4.43,4.43,2072515
2006-06-08,4.4,4.62,4.1,4.6,2222187
2006-06-09,4.6,4.65,4.3,4.31,1612960
2006-06-12,4.03,4.05,3.88,3.88,2043563
2006-06-13,3.77,3.99,3.71,3.8,1893002
2006-06-14,3.78,3.97,3.7,3.97,1371632
2006-06-15,3.91,4.06,3.86,3.9,919798
2006-06-16,3.92,4.0,3.9,3.95,704615
2006-06-19,3.95,4.09,3.91,4.0,957344
2006-06-20,4.0,4.1,3.97,4.08,967026
2006-06-21,4.06,4.07,3.98,4.0,778079
2006-06-22,4.0,4.03,3.95,3.97,703042
2006-06-23,3.96,3.98,3.88,3.96,890123
2006-06-26,3.96,4.07,3.96,4.05,876230
2006-06-27,4.08,4.09,3.96,4.03,791635
2006-06-28,4.03,4.03,3.94,3.96,705578
2006-06-29,3.99,4.11,3.98,4.09,1323560
2006-06-30,4.09,4.22,4.09,4.17,1765612
2006-07-03,4.2,4.2,4.11,4.2,876826
2006-07-04,4.2,4.2,4.06,4.08,999431
2006-07-05,4.09,4.09,3.95,4.0,872497
2006-07-06,3.99,4.19,3.98,4.16,1245620
2006-07-07,4.18,4.53,4.1,4.4,2526845
2006-07-10,4.4,4.4,4.29,4.39,1011648
2006-07-11,4.4,4.79,4.37,4.62,2073980
2006-07-12,4.58,4.7,4.48,4.5,1352074
2006-07-13,4.5,4.5,4.05,4.05,2319500
2006-07-14,3.99,4.16,3.93,4.11,1253174
2006-07-17,4.08,4.33,4.07,4.28,1272306
2006-07-18,4.29,4.35,4.2,4.31,989782
2006-07-19,4.28,4.29,4.12,4.19,918136
2006-07-20,4.24,4.29,4.14,4.25,589345
2006-07-21,4.22,4.35,4.22,4.3,739911
2006-07-24,4.22,4.26,4.13,4.25,609037
2006-07-25,4.23,4.38,4.23,4.34,929500
2006-07-26,4.34,4.48,4.34,4.45,1438666
2006-07-27,4.45,4.46,4.29,4.33,902930
2006-07-28,4.37,4.41,4.28,4.38,822307
2006-07-31,4.31,4.37,4.1,4.1,873401
2006-08-01,4.12,4.18,4.0,4.0,698300
2006-08-02,4.0,4.06,3.76,3.91,826739
2006-08-03,3.92,3.97,3.86,3.93,278439
2006-08-04,3.94,3.97,3.77,3.77,548416
2006-08-07,3.7,3.76,3.57,3.65,646000
2006-08-08,3.65,3.79,3.65,3.78,352481
2006-08-09,3.79,3.83,3.74,3.83,220999
2006-08-10,3.87,3.9,3.82,3.9,251310
2006-08-11,3.9,3.93,3.83,3.88,276744
2006-08-14,3.83,3.87,3.72,3.8,488631
2006-08-15,3.78,3.9,3.72,3.87,235980
2006-08-16,3.9,4.01,3.85,3.97,533532
2006-08-17,3.9,4.03,3.9,4.0,591296
2006-08-18,4.03,4.03,3.89,3.9,351733
2006-08-21,3.82,3.98,3.69,3.97,382330
2006-08-22,3.96,4.04,3.96,4.0,337750
2006-08-23,4.01,4.07,3.97,4.0,642344
2006-08-24,4.03,4.07,4.01,4.07,245800
2006-08-25,4.02,4.11,4.02,4.06,420201
2006-09-11,4.05,4.47,4.05,4.47,4265214
2006-09-12,4.47,4.86,4.42,4.69,4022233
2006-09-13,4.64,4.77,4.54,4.63,2281266
2006-09-14,4.6,4.84,4.59,4.8,2599988
2006-09-15,4.7,4.79,4.65,4.75,1065210
2006-09-18,4.75,4.87,4.65,4.66,1125561
2006-09-19,4.7,4.75,4.53,4.73,1094129
2006-09-20,4.67,4.74,4.64,4.69,622220
2006-09-21,4.66,4.76,4.65,4.75,803880
2006-09-22,4.72,4.75,4.57,4.58,917891
2006-10-12,4.85,5.04,4.7,5.04,2345259
2006-10-13,4.95,4.98,4.83,4.88,938711
2006-10-16,4.91,4.99,4.83,4.86,690902
2006-10-17,4.8,4.9,4.77,4.78,438095
2006-10-18,4.78,4.85,4.76,4.8,485271
2006-10-19,4.8,4.82,4.72,4.74,727521
2006-10-20,4.74,4.76,4.62,4.65,765309
2006-11-24,3.32,3.95,3.32,3.75,2501318
2006-11-27,3.71,3.83,3.58,3.75,1347426
2006-11-28,3.75,3.81,3.7,3.71,695353
2006-11-29,3.65,3.71,3.6,3.65,972559
2006-11-30,3.66,3.75,3.63,3.7,1128759
2006-12-01,3.7,3.78,3.66,3.77,1388767
2006-12-04,3.77,3.95,3.7,3.9,1975389
2006-12-05,3.9,3.9,3.8,3.84,1580793
2006-12-06,3.84,4.22,3.78,4.09,3414509
2006-12-07,4.05,4.22,3.91,4.11,3092513
2006-12-08,4.08,4.24,3.95,4.07,2368966
2006-12-11,4.0,4.15,4.0,4.09,936592
2006-12-12,4.1,4.18,4.03,4.09,973810
2006-12-13,4.1,4.15,3.97,4.02,850885
2006-12-14,4.02,4.02,3.8,3.84,2269730
2006-12-15,3.81,3.88,3.8,3.86,848815
2006-12-18,3.87,3.92,3.81,3.85,1004894
2006-12-19,3.83,3.88,3.72,3.87,1663418
2006-12-20,3.85,3.98,3.83,3.95,1390360
2006-12-21,3.93,4.06,3.92,3.98,1552737
2006-12-22,3.93,4.07,3.92,4.06,1353110
2006-12-25,4.07,4.15,4.01,4.12,1349408
2006-12-26,4.12,4.12,3.96,4.0,1330751
2006-12-27,4.0,4.05,3.9,4.05,1403544
2006-12-28,4.07,4.1,3.94,4.03,1343847
2006-12-29,4.03,4.09,3.93,4.07,2490626
2007-01-04,4.2,4.37,4.03,4.22,5802918
2007-01-05,4.22,4.22,4.08,4.18,1820865
2007-01-08,4.18,4.39,4.12,4.37,2708016
2007-01-09,4.3,4.46,4.3,4.39,2333189
2007-01-10,4.35,4.41,4.23,4.41,1930386
2007-01-11,4.41,4.54,4.32,4.37,2309889
2007-01-12,4.32,4.46,4.12,4.13,1612857
2007-01-15,4.12,4.26,4.12,4.26,1367826
2007-01-16,4.28,4.47,4.22,4.45,2851878
2007-01-17,4.45,4.58,4.37,4.43,3694175
2007-01-18,4.38,4.58,4.18,4.55,5526105
2007-01-19,4.51,4.78,4.5,4.77,4695539
2007-01-22,4.96,5.19,4.78,5.08,8118004
2007-01-23,5.03,5.03,4.89,4.99,3968653
2007-01-24,4.99,5.08,4.9,4.99,2731772
2007-01-25,4.91,4.95,4.78,4.8,2175202
2007-01-26,4.75,4.78,4.53,4.75,1996581
2007-01-29,4.75,4.93,4.75,4.92,1315889
2007-01-30,4.92,5.0,4.86,4.93,1635484
2007-01-31,4.88,4.96,4.45,4.59,1815607
2007-02-01,4.45,4.75,4.45,4.72,1653716
2007-02-02,4.71,4.74,4.63,4.64,958306
2007-02-05,4.64,4.82,4.6,4.73,771397
2007-02-06,4.75,4.87,4.69,4.87,748002
2007-02-07,4.9,4.96,4.75,4.87,1120578
2007-02-08,4.89,4.91,4.8,4.89,1016882
2007-02-09,4.89,4.92,4.8,4.91,1119711
2007-02-12,4.95,5.08,4.9,5.04,1479657
2007-02-13,5.06,5.06,4.94,5.0,1159003
2007-02-14,5.0,5.15,5.0,5.1,1440816
2007-02-15,5.11,5.31,5.06,5.31,1754649
2007-02-16,5.38,5.42,5.26,5.35,1436993
2007-02-26,5.36,5.83,5.35,5.76,1688756
2007-02-27,5.78,6.1,5.26,5.26,2988361
2007-02-28,5.21,5.79,5.21,5.79,2554015
2007-03-01,6.1,6.19,5.8,6.06,3659061
2007-03-02,6.31,6.48,6.18,6.25,3590371
2007-03-05,6.39,6.39,5.9,6.19,2644896
2007-03-06,6.12,6.15,5.91,6.04,1958510
2007-03-07,6.08,6.18,6.06,6.13,1215849
2007-03-08,6.13,6.39,6.13,6.39,2209079
2007-03-09,6.36,6.99,6.3,6.84,3910153
2007-03-12,6.83,7.4,6.75,7.21,2778080
2007-03-13,7.18,7.28,7.0,7.07,2830088
2007-03-14,6.98,7.25,6.84,7.17,2779411
2007-03-15,7.17,7.64,7.15,7.4,2254360
2007-03-16,7.41,7.56,7.03,7.13,2401283
2007-03-19,6.9,7.29,6.85,7.19,1573595
2007-03-20,7.2,7.4,7.19,7.39,1481875
2007-03-21,7.49,7.55,7.32,7.55,1740641
2007-03-22,7.55,7.85,7.55,7.63,2415913
2007-03-26,8.39,8.39,8.3,8.39,3137841
2007-03-27,8.56,8.69,8.41,8.54,4998452
2007-03-28,8.55,9.39,8.51,9.39,6874161
2007-03-29,9.41,9.46,8.69,8.98,4825437
2007-03-30,6.5,6.78,6.31,6.53,3020504
2007-04-02,6.55,7.04,6.55,7.01,6388967
2007-04-03,7.05,7.05,6.8,6.9,4470319
2007-04-04,6.9,7.44,6.76,7.3,6549869
2007-04-05,7.3,7.55,7.2,7.45,4818393
2007-04-06,7.47,8.15,7.35,8.06,6688125
2007-04-09,8.07,8.2,7.95,8.04,7547055
2007-04-10,8.05,8.12,7.66,7.96,4826461
2007-04-11,7.95,8.07,7.7,7.93,4197628
2007-04-12,7.9,8.15,7.75,8.06,6132840
2007-04-13,8.05,8.5,7.8,8.17,11133883
2007-04-16,8.15,8.6,8.1,8.37,12637570
2007-04-17,8.38,8.38,7.98,8.25,9912565
2007-04-18,8.26,8.55,8.1,8.5,13144021
2007-04-19,8.54,8.75,7.65,7.88,10015226
2007-04-20,7.89,8.3,7.89,8.18,7238633
2007-04-23,8.2,8.52,8.2,8.45,8153661
2007-04-24,8.43,8.95,8.36,8.62,13311532
2007-04-25,8.5,8.62,8.0,8.4,6435244
2007-04-26,8.38,8.78,8.2,8.63,7458638
2007-04-27,8.75,8.99,8.5,8.76,11004232
2007-04-30,8.8,9.27,8.61,9.11,16730761
2007-05-08,9.3,9.5,9.14,9.19,12436234
2007-05-09,9.19,9.44,8.75,9.41,11292887
2007-05-10,9.4,9.56,9.2,9.29,10546657
2007-05-11,9.29,9.29,8.9,9.06,7082546
2007-05-14,9.01,9.13,8.8,9.0,6633152
2007-05-15,9.09,9.2,8.46,8.49,6240753
2007-05-16,8.43,8.79,8.15,8.75,4534400
2007-05-17,8.7,8.98,8.61,8.8,6464213
2007-05-18,8.82,9.1,8.68,8.85,6609678
2007-05-21,8.45,9.2,8.35,9.13,8730391
2007-05-22,9.26,9.48,9.09,9.33,13411724
2007-05-23,9.58,9.7,9.31,9.56,11366746
2007-05-24,9.58,10.1,9.36,10.03,17471895
2007-05-25,9.95,10.1,9.6,9.91,10429822
2007-05-28,10.0,10.45,9.93,10.4,14059107
2007-05-29,10.7,10.96,10.4,10.6,17020555
2007-05-30,9.95,10.6,9.54,9.54,8949670
2007-05-31,9.11,9.34,8.59,8.59,8388446
2007-06-01,8.48,8.59,7.73,7.73,6088367
2007-06-04,7.25,7.48,6.96,6.96,2355400
2007-06-05,6.27,6.65,6.26,6.26,9231214
2007-06-06,6.66,6.89,6.55,6.89,8309758
2007-06-07,7.12,7.58,7.1,7.58,9355987
2007-06-08,7.96,8.3,7.65,7.74,13320848
2007-06-11,7.86,7.98,7.5,7.63,6815943
2007-06-12,7.61,8.39,7.5,8.39,10338535
2007-06-13,8.48,8.7,8.21,8.47,10142040
2007-06-14,8.38,8.83,8.0,8.38,6245600
2007-06-15,8.16,8.45,8.0,8.15,3921614
2007-06-18,8.5,8.97,8.46,8.97,7341184
2007-06-19,9.4,9.4,8.9,9.07,9917487
2007-06-20,9.07,9.08,8.3,8.5,5676370
2007-06-21,8.3,8.68,8.12,8.48,4313510
2007-06-22,8.42,8.58,7.63,7.72,4232710
2007-06-25,7.84,8.24,7.2,8.03,7924456
2007-06-26,7.8,8.3,7.31,8.3,6431639
2007-06-27,8.45,8.85,8.41,8.7,10966580
2007-06-28,8.64,8.64,7.83,7.83,5328594
2007-06-29,7.36,7.5,7.05,7.06,4768455
2007-07-02,6.8,7.16,6.61,7.1,2995745
2007-07-03,7.16,7.2,6.73,7.02,2407882
2007-07-04,7.02,7.08,6.41,6.48,1953963
2007-07-05,6.3,6.36,5.85,5.88,3336180
2007-07-06,5.88,6.37,5.62,6.33,3480762
2007-07-09,6.4,6.58,6.13,6.53,4209203
2007-07-10,6.0,6.26,5.88,5.95,7294757
2007-07-11,5.87,6.1,5.75,6.02,3341287
2007-07-12,6.02,6.05,5.82,5.9,2699202
2007-07-13,5.89,5.89,5.67,5.73,2352297
2007-07-16,5.71,5.84,5.62,5.74,1912840
2007-07-17,5.69,5.98,5.65,5.85,2118960
2007-07-18,5.85,5.95,5.78,5.88,1650451
2007-07-19,5.77,5.91,5.73,5.89,1681864
2007-07-20,5.89,6.37,5.89,6.28,3543105
2007-07-23,6.28,6.57,6.2,6.5,4306800
2007-07-24,6.51,6.71,6.38,6.45,4108766
2007-07-25,6.41,6.74,6.41,6.69,2503469
2007-07-26,6.7,7.1,6.68,6.93,3177326
2007-07-27,6.88,7.03,6.7,7.0,2667149
2007-07-30,6.98,7.47,6.97,7.28,3544793
2007-07-31,7.21,7.44,7.1,7.38,2737015
2007-08-01,7.38,7.41,6.88,6.91,3464506
2007-08-02,6.83,7.37,6.83,7.34,2753110
2007-08-03,7.33,7.45,7.26,7.29,3255196
2007-08-06,7.3,7.86,7.3,7.72,3904287
2007-08-07,7.71,8.49,7.66,8.49,7241829
2007-08-08,8.45,8.45,7.9,8.0,3830909
2007-08-09,8.0,8.8,7.87,8.54,4856394
2007-08-10,8.31,8.8,8.31,8.54,4081941
2007-08-13,8.49,8.8,8.0,8.39,3465170
2007-08-14,8.36,8.49,8.1,8.19,1984506
2007-08-15,8.18,9.01,7.79,9.01,6199548
2007-08-16,8.8,9.45,8.63,9.0,7448412
2007-08-17,9.0,9.55,8.86,9.16,4510254
2007-08-20,9.2,9.93,9.2,9.63,5209406
2007-08-21,9.71,10.59,9.71,10.59,7941638
2007-08-22,10.3,11.5,10.3,10.94,11404385
2007-08-23,10.99,11.24,10.6,10.98,5564556
2007-08-24,10.9,12.08,10.75,12.08,9069765
2007-08-27,12.08,12.5,11.5,11.9,8881443
2007-08-28,11.53,12.42,11.0,11.95,6030535
2007-08-29,11.5,12.49,11.45,12.09,5015703
2007-08-30,12.2,12.3,11.71,11.97,4247760
2007-09-03,12.26,12.99,12.01,12.05,7811315
2007-09-04,12.02,12.15,11.6,11.75,4221763
2007-09-05,11.87,12.08,11.38,11.87,4248966
2007-09-06,11.88,13.06,11.73,13.06,8047408
2007-09-07,13.11,14.19,13.1,13.25,10392783
2007-09-10,13.18,14.17,12.68,14.05,6170084
2007-09-11,14.19,14.32,12.82,12.82,4310441
2007-09-12,12.5,13.44,12.25,13.09,3942039
2007-09-13,13.37,13.78,12.85,13.56,4368114
2007-09-14,13.56,13.7,13.01,13.3,2455745
2007-09-17,13.28,13.8,13.01,13.38,2660566
2007-09-18,13.2,13.59,12.5,13.0,3601179
2007-09-19,12.96,12.96,12.1,12.3,3117484
2007-09-20,12.3,12.59,12.15,12.4,1894385
2007-09-21,12.4,13.64,12.0,13.64,5069284
2007-09-24,14.09,15.0,13.88,14.96,9741807
2007-09-25,15.08,15.24,13.65,13.82,5832043
2007-09-26,13.77,15.0,13.45,14.16,4299888
2007-09-27,14.14,14.6,13.86,14.19,1939852
2007-09-28,14.2,14.39,13.99,14.16,2918801
2007-10-08,14.3,14.36,13.61,13.79,2025989
2007-10-09,13.79,14.2,13.5,14.0,2093326
2007-10-10,14.1,14.2,13.78,13.8,1844057
2007-10-11,14.08,14.08,13.15,13.45,2090016
2007-10-12,13.46,13.5,12.11,12.29,2907367
2007-10-15,12.45,12.58,11.57,11.93,2691645
2007-10-16,12.0,12.53,11.22,12.41,3605340
2007-10-17,12.41,12.9,12.01,12.52,1879098
2007-10-18,12.53,12.81,12.07,12.2,1512946
2007-10-19,12.0,12.78,12.0,12.5,1679053
2007-10-22,13.0,13.11,12.0,12.23,2433217
2007-10-23,12.23,12.23,11.01,11.58,2644190
2007-10-24,11.5,11.78,11.0,11.0,1512261
2007-10-25,11.0,11.0,9.9,9.9,2347171
2007-10-26,9.89,10.55,9.61,10.38,1512145
2007-10-29,10.6,10.68,9.9,10.08,808947
2007-10-30,10.1,10.65,9.7,10.55,1086813
2007-10-31,10.56,11.61,10.4,11.61,3075740
2007-11-01,11.87,12.35,11.45,11.75,3299915
2007-11-02,11.69,12.5,11.39,12.0,2880726
2007-11-05,12.05,12.09,11.4,11.5,1844163
2007-11-06,11.5,11.86,11.31,11.31,1361229
2007-11-07,11.4,11.65,10.52,10.9,1727499
2007-11-09,10.01,11.7,10.01,11.49,3024810
2007-11-12,11.12,11.65,10.91,11.46,1138487
2007-11-13,11.7,12.0,11.16,11.82,1975647
2007-11-14,11.82,12.31,11.63,12.2,1527711
2007-11-15,12.3,12.46,11.81,11.99,1264960
2007-11-16,11.42,12.18,11.36,11.67,675842
2007-11-19,11.6,11.6,11.01,11.13,2353640
2007-11-20,11.08,11.36,10.88,11.26,1397485
2007-11-21,11.3,11.33,10.7,10.8,2385310
2007-11-22,10.78,10.85,10.01,10.6,3223798
2007-11-23,10.33,10.47,9.9,10.07,1804714
2007-11-26,10.14,10.4,9.64,9.65,2321295
2007-11-27,9.68,9.87,8.88,8.99,3271739
2007-11-28,9.07,9.15,8.38,8.49,2685778
2007-11-29,8.68,8.94,8.42,8.78,2447869
2007-11-30,8.6,8.86,8.52,8.62,1696383
2007-12-03,8.49,9.06,8.49,8.84,2126480
2007-12-04,8.9,8.99,8.38,8.58,4575550
2007-12-05,8.56,8.85,8.4,8.83,4241819
2007-12-06,8.82,9.1,8.73,9.02,3325397
2007-12-07,9.0,9.29,9.0,9.14,3524597
2007-12-10,9.0,9.4,8.91,9.33,3667977
2007-12-11,9.49,9.5,9.22,9.39,2997813
2007-12-12,9.32,9.42,9.2,9.32,2399420
2007-12-13,9.29,9.44,8.81,8.81,2912846
2007-12-14,8.73,9.3,8.68,9.24,2362084
2007-12-18,9.2,9.2,8.78,8.86,2652850
2007-12-19,8.87,9.27,8.87,9.26,4257808
2007-12-20,9.28,9.45,9.21,9.43,3272444
2007-12-21,9.49,9.7,9.45,9.7,5150303
2007-12-24,9.78,10.17,9.58,10.16,5855303
2007-12-25,10.22,11.0,10.22,10.8,11070849
2007-12-26,10.76,10.96,10.51,10.82,4422113
2007-12-27,10.82,10.88,10.62,10.7,4803996
2007-12-28,10.8,11.1,10.71,10.88,3058281
2008-01-02,10.91,11.21,10.73,11.19,3214428
2008-01-03,11.25,11.4,10.85,11.4,4375716
2008-01-04,11.48,12.0,11.28,11.8,5527568
2008-01-07,11.71,12.1,11.65,11.7,3504228
2008-01-08,11.87,11.9,10.93,11.02,5141802
2008-01-09,10.95,11.45,10.82,11.38,3256684
2008-01-10,11.31,11.57,11.1,11.16,3597649
2008-01-11,11.13,11.3,10.82,11.15,2608852
2008-01-14,11.16,11.59,11.0,11.52,3919266
2008-01-15,11.6,11.98,11.56,11.85,4523723
2008-01-16,11.8,11.82,11.26,11.35,2631450
2008-01-17,11.21,11.46,10.51,10.96,2940590
2008-01-18,10.81,11.17,10.65,11.17,1672296
2008-01-21,11.18,11.37,10.79,10.9,3090014
2008-01-22,10.71,10.79,9.81,9.81,2382020
2008-01-23,9.68,10.15,9.02,9.97,2556873
2008-01-24,10.05,10.23,9.62,10.18,2366591
2008-01-25,10.05,10.8,9.92,10.6,3274486
2008-01-28,10.7,10.71,9.56,10.3,4025131
2008-01-29,10.3,10.98,10.19,10.78,4671016
2008-01-30,10.86,11.4,10.68,11.28,4409484
2008-01-31,11.4,11.41,10.6,10.7,3957433
2008-02-01,10.6,10.9,9.63,9.68,3790178
2008-02-04,9.75,10.65,9.75,10.5,2191897
2008-02-05,10.45,10.77,10.18,10.6,2258160
2008-02-13,10.51,10.72,10.35,10.37,1165034
2008-02-14,10.43,10.7,10.41,10.5,858383
2008-02-15,10.45,10.98,10.0,10.87,2575467
2008-02-18,10.99,11.45,10.98,11.45,5677523
2008-02-19,11.57,11.57,11.2,11.38,3777564
2008-02-20,11.33,11.75,11.33,11.69,5014381
2008-02-21,11.57,11.68,11.27,11.54,3258445
2008-02-22,11.6,11.95,11.03,11.31,4245351
2008-02-25,11.49,11.49,10.5,10.51,2891900
2008-02-26,10.58,10.9,10.2,10.6,1496936
2008-02-27,10.7,10.84,10.6,10.7,1349793
2008-02-28,10.8,11.08,10.62,10.91,1167034
2008-02-29,10.88,11.1,10.85,10.95,1192878
2008-03-03,10.9,11.27,10.61,11.2,1766403
2008-03-04,11.22,11.75,11.1,11.42,4372051
2008-03-05,11.42,11.69,11.16,11.57,3271246
2008-03-06,11.65,12.02,11.6,11.8,5455086
2008-03-07,11.86,11.98,11.0,11.5,3778708
2008-03-10,11.49,11.49,10.7,10.98,2201759
2008-03-11,10.88,11.22,10.7,11.22,1158314
2008-03-12,11.35,11.76,11.18,11.26,2632967
2008-03-13,11.04,11.2,10.22,10.6,2132645
2008-03-14,10.79,10.8,10.48,10.57,969355
2008-03-17,10.48,10.48,9.51,9.51,1754643
2008-03-18,9.25,9.48,8.56,8.56,1747486
2008-03-19,8.66,9.2,8.6,8.91,1567927
2008-03-20,8.91,9.28,8.18,9.1,1717304
2008-03-21,9.12,9.28,9.0,9.14,1422011
2008-03-24,8.91,9.14,8.74,8.75,2394526
2008-03-25,8.5,8.8,8.2,8.65,1241633
2008-03-26,8.68,8.88,8.41,8.68,1230971
2008-03-27,8.64,8.64,7.81,7.81,2255501
2008-03-28,7.53,7.87,7.1,7.77,2150601
2008-03-31,7.57,7.57,7.2,7.3,1292304
2008-04-01,7.25,7.3,6.57,6.57,1994897
2008-04-02,6.58,6.72,5.92,6.07,1897871
2008-04-03,6.06,6.35,5.81,6.27,1289025
2008-04-07,6.3,6.84,6.01,6.76,2014847
2008-04-08,6.7,6.98,6.63,6.87,2559584
2008-04-09,6.86,6.94,6.3,6.3,1971073
2008-04-10,6.18,6.5,6.1,6.4,1337808
2008-04-11,6.48,6.66,6.4,6.6,1003368
2008-04-14,6.48,6.59,6.12,6.18,1255233
2008-04-15,6.06,6.47,5.99,6.4,1058554
2008-04-16,6.28,6.4,6.15,6.21,604642
2008-04-17,6.17,6.31,5.8,5.91,1051020
2008-04-18,5.92,5.92,5.36,5.4,1079150
2008-04-21,5.8,5.85,5.3,5.41,982975
2008-04-22,5.32,5.32,4.87,5.2,1537555
2008-04-23,5.29,5.58,5.1,5.53,1245448
2008-04-24,5.97,6.08,5.73,6.07,3085322
2008-04-25,6.05,6.25,5.91,6.1,2760598
2008-04-28,6.0,6.04,5.82,5.86,1518011
2008-04-29,5.86,6.4,5.76,6.28,3423479
2008-04-30,6.38,6.5,6.28,6.39,2704045
2008-05-06,6.61,6.99,6.49,6.66,4225050
2008-05-07,6.66,6.66,6.2,6.21,3065454
2008-05-08,6.1,6.37,5.93,6.37,1769689
2008-05-09,6.38,6.42,6.1,6.25,1581154
2008-05-12,6.25,6.47,6.1,6.42,1313762
2008-05-13,6.05,6.6,6.05,6.54,2379054
2008-05-14,6.55,6.86,6.54,6.86,3191785
2008-05-15,6.86,7.15,6.65,6.65,2716601
2008-05-16,6.5,6.73,6.38,6.52,1601086
2008-05-19,6.47,6.65,6.41,6.58,735394
2008-05-20,6.65,6.66,5.92,5.94,1260864
2008-05-21,5.8,6.19,5.65,6.08,1708956
2008-05-23,5.97,6.35,5.81,6.23,1638000
2008-05-26,6.2,6.23,5.85,5.85,845632
2008-05-27,5.95,5.95,5.76,5.93,647679
2008-05-28,5.85,6.14,5.85,6.1,672301
2008-05-29,6.02,6.18,6.02,6.09,1204792
2008-05-30,6.08,6.22,5.81,6.19,1265615
2008-06-02,6.11,6.25,6.05,6.19,1119421
2008-06-03,6.12,6.25,5.9,6.15,1366768
2008-06-04,6.02,6.14,5.91,5.99,671720
2008-06-05,5.98,6.13,5.91,6.13,663593
2008-06-06,6.1,6.59,6.1,6.35,3876111
2008-06-10,6.02,6.15,5.72,5.72,1294750
2008-06-11,5.3,5.65,5.16,5.58,1571359
2008-06-12,5.5,5.78,5.35,5.59,1689411
2008-06-13,5.54,5.85,5.32,5.33,2598878
2008-06-16,5.3,5.4,4.8,4.8,1817361
2008-06-17,4.7,4.93,4.32,4.35,1176411
2008-06-18,4.35,4.67,4.17,4.6,1276417
2008-06-19,4.5,4.59,4.14,4.14,1180855
2008-06-20,4.3,4.37,3.9,4.2,1434934
2008-06-23,4.15,4.26,4.02,4.12,819292
2008-06-24,4.09,4.38,4.09,4.29,821170
2008-06-25,4.3,4.72,4.26,4.72,1839120
2008-06-26,4.8,5.14,4.69,4.8,4120775
2008-06-27,4.58,4.67,4.32,4.32,1721082
2008-06-30,4.18,4.39,4.12,4.29,913222
2008-07-01,4.29,4.33,4.14,4.17,876960
2008-07-02,4.23,4.42,4.18,4.3,659582
2008-07-03,4.21,4.51,4.11,4.46,1280952
2008-07-04,4.4,4.56,4.36,4.42,1019100
2008-07-07,4.41,4.71,4.41,4.69,1463754
2008-07-08,4.66,4.84,4.6,4.76,1373128
2008-07-09,4.76,4.93,4.72,4.88,1751986
2008-07-10,4.8,4.97,4.74,4.74,1539418
2008-07-11,4.65,4.8,4.53,4.68,1099917
2008-07-14,4.69,4.89,4.66,4.84,809835
2008-07-15,4.89,4.98,4.7,4.73,1621287
2008-07-16,4.7,4.78,4.26,4.38,855750
2008-07-17,4.52,4.58,4.33,4.4,531915
2008-07-18,4.38,4.58,4.3,4.55,717468
2008-07-21,4.55,4.78,4.45,4.75,1010448
2008-07-22,4.75,4.83,4.7,4.77,896450
2008-07-23,4.81,4.92,4.73,4.8,1104604
2008-07-24,4.8,4.94,4.8,4.92,1573703
2008-07-28,5.1,5.1,4.93,4.97,1676835
2008-07-29,4.9,4.9,4.75,4.86,1216133
2008-07-30,4.9,4.96,4.78,4.85,879898
2008-07-31,4.95,4.98,4.65,4.65,1133597
2008-08-01,4.66,4.8,4.53,4.77,856400
2008-08-04,4.77,4.78,4.56,4.57,622941
2008-08-05,4.54,4.7,4.46,4.49,647180
2008-08-06,4.58,4.59,4.39,4.48,594600
2008-08-07,4.47,4.56,4.4,4.55,605340
2008-08-08,4.57,4.57,4.1,4.25,1196217
2008-08-11,4.4,4.4,3.84,3.9,1134803
2008-08-12,3.88,3.96,3.76,3.81,648273
2008-08-13,3.81,3.81,3.52,3.71,821993
2008-08-14,3.7,3.71,3.5,3.61,1246440
2008-08-15,3.59,3.68,3.5,3.61,872353
2008-08-18,3.64,3.64,3.25,3.26,691552
2008-08-19,3.1,3.39,3.1,3.39,818958
2008-08-20,3.35,3.73,3.27,3.73,2399560
2008-08-21,3.59,3.71,3.5,3.55,1075236
2008-08-22,3.52,3.55,3.38,3.52,369460
2008-08-25,3.53,3.65,3.49,3.54,353785
2008-08-26,3.42,3.54,3.22,3.3,406576
2008-08-27,3.32,3.36,3.18,3.32,489058
2008-08-28,3.28,3.44,3.28,3.37,335538
2008-08-29,3.37,3.53,3.37,3.47,343499
2008-09-01,3.4,3.47,3.33,3.35,302848
2008-09-02,3.3,3.55,3.28,3.46,484893
2008-09-03,3.48,3.65,3.47,3.57,1117035
2008-09-04,3.52,3.59,3.43,3.52,665324
2008-09-05,3.48,3.48,3.21,3.24,655605
2008-09-08,3.2,3.28,3.05,3.14,467173
2008-09-09,3.16,3.27,3.11,3.18,264016
2008-09-10,3.17,3.3,3.11,3.23,424081
2008-09-11,3.23,3.28,2.91,3.11,1044234
2008-09-12,3.08,3.16,3.04,3.06,736984
2008-09-16,3.06,3.07,2.93,2.98,822100
2008-09-17,2.97,3.09,2.93,2.95,619900
2008-09-18,2.9,2.9,2.66,2.8,976325
2008-09-19,3.04,3.08,3.0,3.08,1023976
2008-09-22,3.2,3.38,3.09,3.18,2251344
2008-09-23,3.09,3.09,2.96,2.96,1237216
2008-09-24,2.8,3.0,2.78,2.99,630650
2008-09-25,2.99,3.09,2.95,3.04,1833399
2008-09-26,3.04,3.08,2.94,3.01,1441075
2008-10-06,2.97,3.09,2.89,2.92,972897
2008-10-07,2.85,3.02,2.77,2.97,1322099
2008-10-08,2.86,3.06,2.86,3.0,1527899
2008-10-09,3.06,3.23,2.92,2.98,3075873
2008-10-10,2.8,2.98,2.68,2.76,1859552
2008-10-13,2.75,2.98,2.51,2.9,2264108
2008-10-14,2.98,3.05,2.8,2.8,2113048
2008-10-15,2.74,2.82,2.71,2.8,653400
2008-10-16,2.75,2.95,2.66,2.7,1831079
2008-10-17,2.78,2.78,2.57,2.72,963092
2008-10-20,2.7,2.82,2.66,2.81,896494
2008-10-21,2.81,2.85,2.74,2.74,1079580
2008-10-22,2.74,2.77,2.67,2.73,499590
2008-10-23,2.65,2.75,2.61,2.73,772186
2008-10-24,2.67,2.75,2.66,2.7,324287
2008-10-27,2.58,2.63,2.43,2.43,731338
2008-10-28,2.35,2.47,2.35,2.46,973659
2008-10-29,2.47,2.5,2.31,2.31,737700
2008-10-30,2.35,2.38,2.28,2.3,576900
2008-10-31,2.34,2.34,2.22,2.24,474300
2008-11-03,2.21,2.25,2.14,2.14,385447
2008-11-04,2.13,2.18,2.07,2.16,455866
2008-11-05,2.17,2.27,2.15,2.25,689988
2008-11-06,2.21,2.23,2.13,2.2,286101
2008-11-07,2.18,2.32,2.13,2.28,795915
2008-11-10,2.3,2.45,2.3,2.43,1349510
2008-11-11,2.43,2.48,2.36,2.39,1416771
2008-11-12,2.33,2.55,2.32,2.48,1709248
2008-11-13,2.48,2.61,2.42,2.59,2130438
2008-11-14,2.59,2.71,2.54,2.69,2195986
2008-11-17,2.65,2.84,2.63,2.82,1931721
2008-11-18,2.78,2.83,2.54,2.54,2482036
2008-11-19,2.58,2.79,2.55,2.79,2544965
2008-11-20,2.75,2.87,2.73,2.86,2992400
2008-11-21,2.77,2.85,2.58,2.73,2026961
2008-11-24,2.73,2.77,2.6,2.62,976150
2008-11-25,2.63,2.75,2.6,2.66,1058290
2008-11-26,2.66,2.73,2.65,2.69,850649
2008-11-27,2.87,2.92,2.73,2.74,2229558
2008-11-28,2.72,2.77,2.64,2.74,1347257
2008-12-01,2.75,2.86,2.65,2.86,1498621
2008-12-02,2.81,2.95,2.76,2.9,2363751
2008-12-03,2.92,3.09,2.89,3.09,3195867
2008-12-04,3.05,3.15,3.01,3.13,4262271
2008-12-05,3.1,3.15,2.95,3.13,1943820
2008-12-08,3.14,3.44,3.08,3.38,7686381
2008-12-09,3.31,3.35,3.16,3.2,4414253
2008-12-10,3.2,3.27,3.11,3.24,2513015
2008-12-11,3.24,3.28,3.13,3.14,1994296
2008-12-12,3.11,3.18,2.95,3.0,1634585
2008-12-15,3.06,3.08,2.97,3.05,1092025
2008-12-16,3.05,3.1,2.97,3.1,1104027
2008-12-17,3.1,3.28,3.07,3.2,2143318
2008-12-18,3.22,3.28,3.16,3.22,1700118
2008-12-19,3.23,3.39,3.19,3.32,2827326
2008-12-22,3.26,3.43,3.26,3.34,3742454
2008-12-23,3.33,3.46,3.22,3.33,5952491
2008-12-24,3.23,3.58,3.16,3.43,8950235
2008-12-25,3.4,3.45,3.09,3.1,5351955
2008-12-26,3.05,3.14,2.93,2.94,2825822
2008-12-29,2.97,2.97,2.72,2.85,2149343
2008-12-30,2.84,2.87,2.77,2.78,1539884
2008-12-31,2.79,2.84,2.66,2.67,1731379
2009-01-05,2.72,2.8,2.67,2.79,1626160
2009-01-06,2.78,2.94,2.74,2.93,2009169
2009-01-07,2.95,3.0,2.9,2.95,1981176
2009-01-08,2.92,2.97,2.86,2.89,1673887
2009-01-09,2.91,3.03,2.9,3.02,1786781
2009-01-12,3.0,3.12,2.99,3.05,2294382
2009-01-13,3.02,3.05,2.9,2.93,1540400
2009-01-14,2.93,3.04,2.91,3.04,1234163
2009-01-15,3.02,3.1,3.0,3.06,1860582
2009-01-16,3.06,3.15,3.06,3.07,3118452
2009-01-19,3.08,3.11,3.02,3.04,1793961
2009-01-20,3.04,3.07,2.99,3.03,1933529
2009-01-21,3.02,3.1,3.0,3.05,2218910
2009-01-22,3.05,3.15,3.03,3.12,2297860
2009-01-23,3.12,3.12,3.05,3.07,1540936
2009-02-02,3.11,3.19,3.07,3.18,2290138
2009-02-03,3.18,3.32,3.16,3.29,3340949
2009-02-04,3.28,3.36,3.24,3.35,4229767
2009-02-05,3.35,3.42,3.26,3.29,3962332
2009-02-06,3.32,3.48,3.28,3.46,5326450
2009-02-09,3.5,3.7,3.43,3.7,6525336
2009-02-10,3.64,3.92,3.57,3.87,7100606
2009-02-11,3.9,4.21,3.88,4.03,16012471
2009-02-12,3.95,4.07,3.81,3.98,6322950
2009-02-13,4.01,4.09,3.94,4.06,5164220
2009-02-16,4.14,4.19,4.03,4.16,6393196
2009-02-17,4.14,4.15,3.9,3.9,5024711
2009-02-18,3.85,3.99,3.72,3.72,3803521
2009-02-19,3.78,3.85,3.68,3.78,2918461
2009-02-20,3.76,3.91,3.72,3.91,2365904
2009-02-23,3.91,4.07,3.86,4.05,3796448
2009-02-24,4.01,4.08,3.83,3.88,3399898
2009-02-25,3.88,3.95,3.78,3.94,2894126
2009-02-26,3.98,4.2,3.95,4.06,10812591
2009-02-27,4.05,4.06,3.65,3.65,5266432
2009-03-02,3.55,3.8,3.44,3.72,3504214
2009-03-03,3.65,3.83,3.6,3.79,3016688
2009-03-04,3.88,4.17,3.88,4.17,14160917
2009-03-05,4.29,4.52,4.16,4.35,17466576
2009-03-06,4.27,4.34,4.12,4.23,7338920
2009-03-09,4.22,4.45,4.02,4.02,6991503
2009-03-10,4.01,4.18,3.78,4.15,4917563
2009-03-11,4.19,4.21,3.98,3.99,5169018
2009-03-12,3.97,3.98,3.75,3.94,3691830
2009-03-13,3.95,3.97,3.81,3.81,2653188
2009-03-16,3.86,3.94,3.8,3.92,2477458
2009-03-17,4.01,4.16,3.91,4.16,5484844
2009-03-18,4.1,4.29,4.09,4.24,7486958
2009-03-19,4.3,4.35,4.22,4.3,10551488
2009-03-20,4.28,4.3,4.07,4.2,6508469
2009-03-23,4.2,4.26,4.15,4.25,5526762
2009-03-24,4.27,4.28,4.14,4.18,4486464
2009-03-25,4.15,4.28,4.12,4.15,4125172
2009-03-26,4.14,4.25,4.07,4.23,3238738
2009-03-27,4.24,4.41,4.2,4.37,7905059
2009-03-30,4.35,4.44,4.29,4.4,5248907
2009-03-31,4.32,4.38,4.2,4.36,3774896
2009-04-01,4.36,4.65,4.34,4.49,7119461
2009-04-02,4.55,4.59,4.44,4.44,4988269
2009-04-03,4.45,4.5,4.24,4.31,4318368
2009-04-07,4.3,4.36,4.27,4.35,2434850
2009-04-08,4.35,4.5,4.26,4.27,4145014
2009-04-09,4.25,4.42,4.2,4.41,3375355
2009-04-10,4.42,4.85,4.42,4.85,8223635
2009-04-13,4.95,5.14,4.82,4.87,11678571
2009-04-14,4.75,5.28,4.75,5.15,8350734
2009-04-15,5.06,5.15,4.95,5.1,5048317
2009-04-16,5.11,5.38,5.05,5.14,4672782
2009-04-17,5.08,5.14,4.76,5.0,4120558
2009-04-20,4.95,5.13,4.95,5.13,3789194
2009-04-21,5.1,5.49,5.05,5.3,6180480
2009-04-22,5.28,5.53,4.96,5.05,4474594
2009-04-23,4.87,5.02,4.73,4.96,3275377
2009-04-24,4.9,5.13,4.9,4.96,2260510
2009-04-27,4.95,4.98,4.57,4.6,2217130
2009-04-28,4.65,4.88,4.58,4.75,2065662
2009-04-29,4.75,4.91,4.71,4.88,1684336
2009-04-30,4.85,5.04,4.85,4.99,1943420
2009-05-04,5.05,5.29,5.01,5.24,3647456
2009-05-05,5.26,5.65,5.21,5.5,7540376
2009-05-06,5.42,5.56,5.36,5.45,3713179
2009-05-07,5.59,5.64,5.4,5.52,4415693
2009-05-08,5.46,5.62,5.25,5.48,4010137
2009-05-11,5.5,5.54,5.11,5.12,3896167
2009-05-12,5.1,5.31,5.09,5.28,2371339
2009-05-13,5.28,5.44,5.24,5.42,2102249
2009-05-14,5.32,5.41,5.2,5.37,1698060
2009-05-18,5.37,5.43,5.19,5.43,2099252
2009-05-19,5.49,5.54,5.39,5.49,2801594
2009-05-20,5.48,5.49,5.3,5.3,2030789
2009-05-21,5.32,5.33,5.11,5.19,2843681
2009-05-22,5.19,5.28,5.13,5.25,1415997
2009-05-25,5.03,5.28,5.03,5.27,2332843
2009-05-26,5.3,5.4,5.21,5.28,2557307
2009-05-27,5.27,5.35,5.2,5.24,1807700
2009-06-01,5.25,5.43,5.25,5.37,2296181
2009-06-02,5.32,5.91,5.3,5.91,10514100
2009-06-03,5.93,6.11,5.71,6.02,10278603
2009-06-04,6.03,6.06,5.73,5.88,4747490
2009-06-05,5.82,6.47,5.82,6.3,10169935
2009-06-08,6.21,6.56,6.13,6.34,6160367
2009-06-09,6.22,6.53,6.22,6.33,3717960
2009-06-10,6.27,6.86,6.27,6.54,5308382
2009-06-11,6.48,7.19,6.4,7.18,9209530
2009-06-12,7.16,7.36,6.53,6.64,8417913
2009-06-15,6.7,7.3,6.7,7.3,4465889
2009-06-16,7.45,8.03,7.4,7.52,17521150
2009-06-17,7.11,7.23,6.77,7.05,22022152
2009-06-18,6.9,6.9,6.68,6.73,12585294
2009-06-19,6.77,6.77,6.58,6.65,7190639
2009-06-22,6.65,6.66,6.4,6.43,8283645
2009-06-23,6.35,6.56,6.34,6.45,6694387
2009-06-24,6.45,6.55,6.36,6.52,5149876
2009-06-25,6.52,6.62,6.44,6.53,5525955
2009-06-26,6.55,6.62,6.49,6.59,4772838
2009-06-29,6.58,6.62,6.42,6.46,4778935
2009-06-30,6.42,6.55,6.28,6.33,4955863
2009-07-01,6.33,6.65,6.23,6.64,8303355
2009-07-02,6.67,6.67,6.49,6.53,5552120
2009-07-03,6.5,6.56,6.38,6.48,4683617
2009-07-06,6.48,6.48,6.35,6.41,4000462
2009-07-07,6.36,6.47,6.36,6.39,3972438
2009-07-08,6.4,6.55,6.37,6.49,4767314
2009-07-09,6.53,6.73,6.47,6.66,9110944
2009-07-10,6.7,7.2,6.66,6.81,12856527
2009-07-13,6.76,7.06,6.7,6.88,7309521
2009-07-14,6.9,7.09,6.9,6.97,6754678
2009-07-15,7.03,7.11,6.88,6.94,5641407
2009-07-16,7.0,7.26,6.93,7.26,10289975
2009-07-17,7.28,7.49,7.2,7.44,8902121
2009-07-20,7.44,7.85,7.34,7.73,11197489
2009-07-21,7.74,7.8,7.37,7.45,8970349
2009-07-22,7.44,8.2,7.37,8.2,19736780
2009-07-23,8.18,8.91,8.0,8.01,20151972
2009-07-24,8.02,8.3,7.52,8.22,15013095
2009-07-27,8.04,8.55,7.91,8.36,13712888
2009-07-28,8.38,8.4,8.0,8.15,7515772
2009-07-29,8.0,8.05,7.34,7.38,8563756
2009-07-30,7.31,7.57,7.15,7.49,5949958
2009-07-31,7.54,7.85,7.38,7.78,5355753
2009-08-03,7.71,8.0,7.7,7.88,4330357
2009-08-04,7.88,7.94,7.61,7.72,3897180
2009-08-05,7.74,8.1,7.6,8.08,6211475
2009-08-06,8.09,8.09,7.76,7.8,3590472
2009-08-07,7.8,7.89,7.44,7.5,3413636
2009-08-10,7.53,7.67,7.31,7.48,2401896
2009-08-11,7.49,7.55,7.35,7.5,1633769
2009-08-12,7.5,7.52,6.98,7.26,2879913
2009-08-13,7.24,7.24,7.06,7.14,1647761
2009-08-14,7.11,7.19,6.84,7.11,2396823
2009-08-17,7.01,7.09,6.4,6.4,3244254
2009-08-18,6.2,6.98,6.1,6.77,4757489
2009-08-19,6.68,6.93,6.48,6.66,3196922
2009-08-20,6.57,7.33,6.57,7.33,5092337
2009-08-21,7.45,7.8,7.45,7.7,6724297
2009-08-24,7.7,8.4,7.7,8.28,9524929
2009-08-25,8.31,8.66,7.88,8.19,8376538
2009-08-26,8.1,8.38,8.0,8.27,4908969
2009-08-27,8.24,8.6,8.15,8.3,5292415
2009-08-28,8.32,8.38,7.82,8.18,4539541
2009-08-31,8.15,8.15,7.57,7.78,4145334
2009-09-01,7.63,8.5,7.63,8.5,9519184
2009-09-02,8.4,8.67,8.11,8.2,6028744
2009-09-03,8.19,9.02,8.06,8.75,8606829
2009-09-04,8.78,9.18,8.7,8.8,8588272
2009-09-07,8.8,8.94,8.53,8.67,8878295
2009-09-08,8.57,8.8,8.36,8.68,4733872
2009-09-09,8.66,9.55,8.6,9.55,13208072
2009-09-10,9.5,9.62,9.17,9.19,7948102
2009-09-11,9.18,9.55,9.06,9.54,5505767
2009-09-14,9.65,10.02,9.5,9.71,6428456
2009-09-15,9.67,10.59,9.61,10.35,8252961
2009-09-16,10.26,10.48,9.95,10.26,6533391
2009-09-17,10.26,11.0,10.15,10.59,6711938
2009-09-18,10.61,10.61,9.65,9.83,6260625
2009-09-21,9.6,10.23,9.19,10.14,6078197
2009-09-22,10.11,10.2,9.62,9.67,4009968
2009-09-23,9.48,9.85,9.03,9.36,4469942
2009-09-24,9.35,9.38,8.75,9.0,3131944
2009-09-25,9.05,9.1,8.25,8.8,2500509
2009-09-28,8.83,8.88,8.13,8.2,2537404
2009-09-29,8.25,8.69,8.1,8.44,2747298
2009-09-30,8.47,8.8,8.24,8.44,2539129
2009-10-09,8.53,8.89,8.53,8.85,3385008
2009-10-12,9.15,9.15,8.61,8.7,3755380
2009-10-13,8.64,8.78,8.4,8.62,3146728
2009-10-14,8.69,9.06,8.6,8.9,5182084
2009-10-15,8.9,9.05,8.6,8.87,4150122
2009-10-16,8.71,8.89,8.6,8.71,2363658
2009-10-19,8.7,8.95,8.6,8.91,3153876
2009-10-20,8.97,9.73,8.92,9.55,8454155
2009-10-21,9.36,9.69,9.15,9.4,4858645
2009-10-22,9.41,9.6,9.33,9.51,3561192
2009-10-23,9.58,9.67,9.37,9.4,4082005
2009-10-26,9.37,9.37,9.0,9.13,4374911
2009-10-27,9.1,9.1,8.64,8.64,4219742
2009-10-28,8.6,8.85,8.55,8.75,2267596
2009-10-29,8.6,8.74,8.56,8.74,2168594
2009-10-30,9.0,9.28,8.74,8.8,6134393
2009-11-02,8.55,8.99,8.22,8.87,4245813
2009-11-03,8.95,9.08,8.83,9.03,5477029
2009-11-04,9.1,9.49,9.03,9.34,6312568
2009-11-05,9.42,9.45,9.15,9.33,4589525
2009-11-06,9.79,10.2,9.56,9.58,17550540
2009-11-09,9.43,9.43,9.16,9.32,7610452
2009-11-10,9.21,9.35,9.21,9.3,4055366
2009-11-11,9.25,9.34,9.18,9.29,3365458
2009-11-12,9.29,9.66,9.24,9.6,7822137
2009-11-13,9.4,9.87,9.4,9.7,7101019
2009-11-16,9.75,10.21,9.65,10.09,9085434
2009-11-17,10.0,10.21,9.86,9.96,5221962
2009-11-18,9.91,9.99,9.61,9.74,5534265
2009-11-19,9.69,9.8,9.62,9.74,6117666
2009-11-20,9.74,10.71,9.6,10.5,13705597
2009-11-23,10.24,10.55,10.15,10.34,10193938
2009-11-24,10.36,10.36,9.38,9.51,8202378
2009-11-25,9.5,9.84,9.35,9.75,4791902
2009-11-26,9.73,10.4,9.6,10.15,13039321
2009-11-27,9.95,10.25,9.6,9.71,8147402
2009-11-30,9.72,10.18,9.7,10.17,6017475
2009-12-01,10.2,10.64,10.0,10.64,12984738
2009-12-02,10.56,10.98,10.41,10.9,13078336
2009-12-03,10.91,11.08,10.6,10.82,9834658
2009-12-04,10.85,11.3,10.44,11.11,16106030
2009-12-07,11.03,11.65,10.82,11.17,15936501
2009-12-08,11.05,11.11,10.69,10.84,6764725
2009-12-09,10.65,10.7,10.3,10.39,6274535
2009-12-10,10.53,10.61,10.41,10.51,2982882
2009-12-14,10.51,10.58,10.0,10.35,2898369
2009-12-15,10.28,10.45,10.16,10.44,2110467
2009-12-16,10.38,10.45,10.08,10.13,3037301
2009-12-17,10.15,10.17,9.69,9.71,3234300
2009-12-18,9.6,9.71,8.98,9.07,3906124
2009-12-21,9.06,9.42,9.01,9.36,2281323
2009-12-22,9.49,9.49,8.92,8.95,2255883
2009-12-23,8.94,9.1,8.72,9.06,2141348
2009-12-24,9.06,9.5,8.97,9.4,2267866
2009-12-25,9.4,9.5,9.21,9.48,2093785
2009-12-28,9.46,9.81,9.46,9.58,1821086
2009-12-29,9.58,9.66,9.39,9.57,1507749
2009-12-30,9.65,9.65,9.38,9.45,1512320
2009-12-31,9.48,9.55,9.4,9.53,1578623
2010-01-04,9.57,9.68,9.45,9.48,1315972
2010-01-05,9.55,9.97,9.43,9.95,3313445
2010-01-06,10.0,10.23,9.82,9.96,3166634
2010-01-07,9.9,10.2,9.9,10.01,4344344
2010-01-08,9.92,10.4,9.82,10.37,4469776
2010-02-11,11.41,11.41,11.41,11.41,975720
2010-02-12,12.55,12.55,12.55,12.55,936280
2010-02-22,13.81,13.81,13.81,13.81,985755
2010-02-23,15.19,15.19,15.19,15.19,8734114
2010-02-24,16.15,16.71,15.78,16.71,29982364
2010-02-25,17.4,18.38,17.2,18.38,18931400
2010-02-26,19.49,20.22,19.3,20.22,27930996
2010-03-01,20.82,20.94,19.69,20.35,22020384
2010-03-02,20.3,21.0,19.96,20.4,16596131
2010-03-03,20.02,20.65,19.81,20.36,13089824
2010-03-04,19.95,20.85,19.72,19.85,18026036
2010-03-08,19.76,20.12,19.2,19.52,16558525
2010-03-09,19.64,20.17,19.42,19.43,10493766
2010-03-10,19.37,19.72,18.51,18.77,11588964
2010-03-11,18.9,18.96,18.6,18.91,6103473
2010-03-12,19.02,19.02,17.96,17.96,9133943
2010-03-15,17.6,17.76,17.15,17.4,9321450
2010-03-16,17.42,17.69,17.21,17.58,4538847
2010-03-17,17.63,18.04,17.45,17.81,7149577
2010-03-18,17.81,18.18,17.61,18.0,5883951
2010-03-19,18.15,18.16,17.83,17.98,3147494
2010-03-22,17.81,18.88,17.81,18.88,4817509
2010-03-23,19.15,19.51,18.85,19.2,6772014
2010-03-24,19.15,19.3,18.87,19.02,2805262
2010-03-25,18.9,19.1,18.43,18.63,2508826
2010-03-29,18.78,19.19,18.3,18.45,3034629
2010-03-30,18.33,19.37,18.33,19.12,3983069
2010-03-31,19.3,19.8,19.07,19.07,3669389
2010-04-01,19.12,19.66,19.0,19.29,5071883
2010-04-02,19.29,19.56,19.08,19.2,4045107
2010-04-06,19.38,20.16,19.21,20.16,6209334
2010-04-07,20.3,20.36,19.5,19.86,4364092
2010-04-08,19.98,20.58,19.75,19.98,2355105
2010-04-09,19.95,20.89,19.95,20.73,3491580
2010-04-12,20.74,21.77,20.7,21.77,4751727
2010-04-13,21.85,22.86,21.8,22.39,6425167
2010-04-14,22.06,22.8,21.5,22.22,3851257
2010-04-15,22.06,22.55,21.48,21.7,2978252
2010-04-16,21.7,22.42,21.56,22.0,1977238
2010-04-19,21.9,21.9,20.9,20.9,4925001
2010-04-20,20.68,20.68,19.86,19.86,3862108
2010-04-21,19.72,20.65,19.72,20.58,2149788
2010-04-22,20.71,21.4,20.23,21.15,1965674
2010-04-23,21.45,22.2,21.19,21.66,2281623
2010-04-26,21.61,21.99,21.0,21.1,2021899
2010-04-27,21.11,21.47,20.05,20.4,2322645
2010-04-28,19.9,20.66,19.9,20.52,1548017
2010-04-29,20.74,21.55,20.7,20.72,2873161
2010-04-30,21.5,21.5,19.68,19.68,3451469
2010-05-04,19.3,19.99,18.71,19.66,1042606
2010-05-05,19.53,19.9,19.02,19.75,1458487
2010-05-06,19.52,20.11,19.33,19.4,1393508
2010-05-07,19.01,19.39,18.48,18.48,1835997
2010-05-10,18.58,18.96,17.56,17.64,1988029
2010-05-11,18.17,18.28,16.76,16.76,1667271
2010-05-12,16.73,16.73,15.92,15.92,2203796
2010-05-13,15.81,16.25,15.25,16.14,2095243
2010-05-14,16.1,16.95,15.75,16.95,1733344
2010-05-17,16.7,17.8,16.65,17.05,3033928
2010-05-19,17.3,17.76,16.88,17.33,1393342
2010-05-20,17.1,17.5,16.46,16.46,963887
2010-05-21,16.0,16.8,15.64,16.75,2129450
2010-05-24,16.99,17.5,16.81,17.29,1513902
2010-05-25,17.15,17.44,17.0,17.16,902382
2010-05-26,17.34,17.34,17.0,17.16,785276
2010-05-27,17.2,17.8,17.04,17.51,1393556
2010-05-28,17.78,17.78,17.41,17.51,950534
2010-05-31,17.66,17.66,17.01,17.07,1113680
2010-06-01,16.7,17.04,16.22,16.35,1377263
2010-06-02,16.46,16.55,15.72,16.35,774749
2010-06-03,16.38,17.17,16.22,16.94,1904735
2010-06-04,16.7,17.3,16.61,17.17,1337361
2010-06-07,16.98,16.98,16.4,16.67,849128
2010-06-08,16.67,17.09,16.62,16.89,821680
2010-06-09,16.98,17.4,16.8,17.26,1011822
2010-06-10,17.25,17.25,17.01,17.02,1010339
2010-06-11,17.19,17.35,17.02,17.16,676000
2010-06-17,17.21,17.77,17.16,17.25,986200
2010-06-18,17.09,17.38,16.39,16.39,1765601
2010-06-21,16.19,16.78,15.72,16.78,1255628
2010-06-22,16.77,16.83,16.46,16.57,678938
2010-06-23,16.31,16.7,16.31,16.4,533005
2010-06-24,16.4,16.49,16.32,16.4,482934
2010-06-25,16.4,16.4,15.75,15.99,834498
2010-06-28,16.18,16.18,15.57,15.6,558248
2010-06-29,15.46,15.75,14.82,14.82,1037025
2010-06-30,14.26,14.5,14.08,14.08,1407800
2010-07-01,14.28,14.28,13.8,13.84,383140
2010-07-02,13.6,14.1,13.53,14.05,688607
2010-07-05,14.05,14.75,13.92,14.56,911180
2010-07-06,14.7,15.03,14.41,14.85,759349
2010-07-07,14.61,15.1,14.5,14.69,1123754
2010-07-08,14.55,14.9,14.55,14.75,629100
2010-07-09,14.85,15.1,14.63,15.05,830683
2010-07-12,15.1,15.33,15.01,15.08,582932
2010-07-13,15.15,15.15,14.7,14.7,527691
2010-07-14,14.53,15.07,14.53,14.69,693809
2010-07-15,14.69,14.82,14.14,14.15,844541
2010-07-16,14.2,14.2,13.65,13.86,965949
2010-07-19,13.91,14.3,13.53,14.23,875608
2010-07-20,14.23,14.94,14.23,14.94,951441
2010-07-21,15.36,15.64,15.04,15.18,1205718
2010-07-22,15.03,15.33,15.03,15.27,802498
2010-07-23,15.45,15.99,15.45,15.86,1827636
2010-07-26,15.95,16.49,15.85,16.21,964570
2010-07-27,16.21,16.21,15.91,16.1,725686
2010-07-28,16.0,16.49,15.94,16.4,1337059
2010-07-29,16.39,16.56,16.27,16.35,675148
2010-07-30,16.57,16.61,16.32,16.5,863255
2010-08-02,16.5,16.92,16.4,16.8,1001910
2010-08-03,16.8,17.4,16.7,17.13,1815017
2010-08-04,17.3,17.3,16.4,17.12,1425134
2010-08-05,17.12,17.88,17.01,17.71,1503886
2010-08-06,17.64,18.3,17.63,18.19,1363831
2010-08-09,18.27,18.29,17.8,17.97,1235846
2010-08-10,18.06,18.12,17.3,17.31,1248109
2010-08-11,17.5,17.5,17.12,17.38,1221652
2010-08-12,16.8,17.3,16.8,17.09,1013225
2010-08-13,17.09,17.25,16.53,16.87,1998910
2010-08-16,17.0,17.37,16.78,17.06,3066764
2010-08-17,17.06,17.25,16.59,16.64,2500354
2010-08-18,16.62,17.47,16.62,17.47,3840663
2010-08-19,18.17,18.34,17.6,18.34,4709057
2010-08-20,18.87,19.26,18.77,19.26,1688561
2010-08-23,20.22,20.22,20.22,20.22,658156
2010-08-24,21.23,21.23,20.4,20.5,10176794
2010-08-25,20.09,21.2,20.02,20.27,4216122
2010-08-26,20.5,20.79,20.02,20.77,1962918
2010-08-27,20.91,21.81,20.5,21.81,3638381
2010-08-30,22.6,22.9,21.83,22.04,8513725
2010-08-31,21.65,23.14,21.61,23.14,5983895
2010-09-01,23.56,23.85,22.44,22.7,5973198
2010-09-02,22.65,23.5,22.65,23.12,2889380
2010-09-03,22.99,24.2,22.78,23.78,4734616
2010-09-06,23.76,24.97,23.76,24.97,4783256
2010-09-07,25.3,26.22,25.01,26.22,4067350
2010-09-08,26.88,27.53,26.65,27.5,6014139
2010-09-09,27.59,28.22,26.25,27.0,4682474
2010-09-10,27.23,27.44,26.0,27.1,4051937
2010-09-13,27.0,28.39,27.0,28.0,2726172
2010-09-14,27.99,28.5,27.61,27.61,1980580
2010-09-15,27.51,27.93,26.23,26.23,3130182
2010-09-16,25.69,25.7,24.92,24.92,2634362
2010-09-17,24.15,26.17,24.15,26.15,5404174
2010-09-20,26.68,27.46,26.48,27.46,4288530
2010-09-21,27.45,28.7,27.45,28.0,3395000
2010-09-27,28.14,29.2,28.03,28.3,2801136
2010-09-28,28.65,28.7,27.31,27.9,3387780
2010-09-29,27.89,28.7,27.51,27.65,2862587
2010-09-30,27.8,28.0,27.4,27.71,1801416
2010-10-08,27.97,28.18,27.53,28.0,2410995
2010-10-11,28.02,29.4,28.02,28.85,6362134
2010-10-12,29.38,30.29,28.9,29.75,7693899
2010-10-13,29.51,30.39,29.5,29.86,3512602
2010-10-14,29.96,31.35,29.96,31.35,5415301
2010-10-15,32.25,32.92,31.36,32.92,2877841
2010-10-18,34.5,34.57,31.8,33.58,6975302
2010-10-19,33.0,33.87,31.9,32.0,6627476
2010-10-20,31.89,33.6,31.1,33.6,4813548
2010-10-21,33.98,34.45,32.6,33.2,2479108
2010-10-22,33.31,33.4,31.54,31.7,4466142
2010-10-25,31.71,32.75,30.5,32.0,3259247
2010-10-26,31.9,32.79,31.1,31.64,2661804
2010-10-27,31.6,32.23,30.95,31.7,2064499
2010-10-28,31.19,31.68,30.9,31.63,2036148
2010-10-29,31.63,33.21,31.2,33.21,3881956
2010-11-01,34.0,34.87,33.9,34.87,2770876
2010-11-02,35.8,35.8,33.13,33.13,7067177
2010-11-03,32.15,33.99,31.55,32.88,3943710
2010-11-04,32.99,33.58,32.6,32.92,2181233
2010-11-05,33.44,34.0,32.9,33.19,2767423
2010-11-08,33.82,34.85,33.28,34.85,4566390
2010-11-09,35.75,35.75,34.58,34.78,3586030
2010-11-10,34.01,35.48,34.01,34.56,3132590
2010-11-11,34.41,35.48,33.62,33.7,3239610
2010-11-12,33.5,33.5,32.02,32.02,4084920
2010-11-15,30.7,32.3,30.42,31.75,3171573
2010-11-16,31.8,32.16,30.16,30.16,2426187
2010-11-17,29.76,30.2,28.65,28.9,2526710
2010-11-18,29.5,30.28,29.5,30.22,2054941
2010-11-19,30.23,31.68,30.23,31.68,1950677
2010-11-22,31.68,32.99,31.2,32.17,1873256
2010-11-23,32.2,32.49,31.0,31.66,1798444
2010-11-24,31.66,32.6,31.5,32.4,1659796
2010-11-25,32.39,32.94,32.01,32.33,1140164
2010-11-26,32.35,32.9,32.02,32.33,1196083
2010-11-29,32.28,32.7,32.28,32.42,1173555
2010-11-30,32.41,32.58,30.8,31.65,2074818
2010-12-01,31.21,31.75,30.76,31.18,980616
2010-12-02,31.6,32.0,31.31,31.68,1081623
2010-12-03,31.69,33.26,31.5,33.26,1827768
2010-12-06,33.26,34.92,33.26,34.85,4694787
2010-12-07,34.91,35.1,34.0,34.5,2019755
2010-12-08,34.75,35.49,34.51,35.13,1775296
2010-12-09,35.3,35.3,33.83,33.96,1645778
2010-12-10,33.58,34.76,33.58,34.6,1222959
2010-12-13,34.88,35.2,34.3,35.05,1836110
2010-12-14,35.05,35.3,34.9,35.07,1266583
2010-12-15,34.9,36.82,34.81,36.82,3328850
2010-12-16,36.51,38.6,36.5,37.85,2506972
2010-12-17,36.9,39.69,36.9,39.61,3083898
2010-12-20,39.69,40.98,38.5,39.82,2990166
2010-12-21,40.08,41.5,40.01,40.9,2026747
2010-12-22,41.2,42.2,40.7,40.8,2269765
2010-12-23,40.8,41.33,38.91,39.96,2116316
2010-12-24,39.91,41.96,39.58,41.96,3928830
2010-12-27,43.8,44.06,42.01,44.06,4115955
2010-12-31,46.24,46.24,41.86,45.4,6903523
2011-01-04,45.41,46.18,44.2,45.15,1908074
2011-01-05,45.0,46.99,44.58,46.39,1642757
2011-01-06,46.98,46.98,44.8,45.43,1735242
2011-01-07,45.01,45.5,44.3,44.45,1258926
2011-01-10,44.3,46.2,44.3,45.22,861821
2011-01-11,45.5,45.8,42.96,43.08,1266936
2011-01-12,43.0,44.49,42.8,43.9,818770
2011-01-13,43.54,43.89,42.81,42.91,899309
2011-01-14,42.95,43.2,41.0,41.52,1129646
2011-01-17,41.52,41.8,40.03,40.68,1289459
2011-01-18,40.7,42.69,40.4,41.85,1105798
2011-01-19,41.86,43.0,41.86,42.44,972100
2011-01-20,42.44,42.69,40.32,40.32,1606880
2011-01-21,39.91,40.38,38.55,40.0,1352902
2011-01-24,39.3,39.3,38.0,38.76,2125766
2011-01-25,38.5,38.5,36.82,36.82,2331040
2011-01-26,36.8,36.8,34.98,34.98,1622243
2011-01-27,33.39,33.4,33.23,33.23,715200
2011-01-28,33.23,34.89,32.7,34.89,687552
2011-01-31,36.63,36.63,36.63,36.63,57580
2011-02-01,38.46,38.46,38.46,38.46,23330
2011-02-09,40.38,40.38,40.38,40.38,69352
2011-02-10,42.4,42.4,40.5,41.59,4668117
2011-02-11,41.06,43.67,40.9,43.67,2184346
2011-02-14,43.8,45.49,43.66,44.01,2142603
2011-02-15,43.8,45.1,43.6,44.16,1182133
2011-02-16,44.16,46.3,44.16,46.29,2010161
2011-02-17,46.6,47.58,45.05,46.35,1939695
2011-02-18,46.46,46.5,44.03,44.03,3009038
2011-02-21,44.0,45.66,41.9,44.73,2334511
2011-02-22,44.61,44.69,42.49,42.67,2083050
2011-02-23,42.68,44.4,42.67,43.89,1424805
2011-02-24,43.89,44.0,42.8,43.18,704093
2011-02-25,43.2,45.0,42.93,44.5,821807
2011-02-28,45.3,45.3,44.2,44.95,1021582
2011-03-01,45.3,46.9,45.0,46.42,1650171
2011-03-02,46.8,46.9,46.01,46.37,1181636
2011-03-03,46.6,48.5,46.35,46.5,1608970
2011-03-04,46.52,47.0,45.3,46.35,1151629
2011-03-07,46.4,47.8,46.4,47.3,1284182
2011-03-08,47.05,47.77,47.02,47.39,598615
2011-03-09,47.48,47.95,46.86,47.0,974346
2011-03-10,46.91,47.66,46.8,47.1,1008096
2011-03-14,47.88,48.99,47.11,48.11,1524446
2011-03-15,48.0,48.36,46.51,47.01,1276724
2011-03-16,47.0,47.77,46.51,47.2,657368
2011-03-17,46.98,47.0,45.0,45.6,1137123
2011-03-18,46.68,46.93,46.01,46.9,556817
2011-03-21,46.95,48.5,46.67,47.65,973141
2011-03-22,48.17,48.2,47.23,47.61,513463
2011-03-23,47.7,47.8,46.88,47.66,649518
2011-03-24,47.66,48.18,47.1,47.2,674225
2011-03-25,47.2,47.8,46.68,46.94,895763
2011-03-28,46.65,47.25,44.7,45.4,1215522
2011-03-29,45.09,45.98,44.0,44.46,1448435
2011-03-30,44.5,45.69,43.2,43.38,1134335
2011-03-31,43.5,44.5,41.88,43.83,1528501
2011-04-01,43.83,44.9,43.83,44.3,780384
2011-04-06,44.3,44.99,43.75,44.11,610666
2011-04-07,44.0,44.44,43.3,43.8,701658
2011-04-08,43.58,45.01,43.51,44.99,763749
2011-04-11,45.5,46.6,45.13,45.45,1154926
2011-04-12,45.45,45.9,45.21,45.8,661486
2011-04-13,45.8,47.6,45.07,47.3,2908180
2011-04-14,47.35,49.67,46.8,49.67,1974630
2011-04-15,50.98,52.15,50.9,52.15,2050636
2011-04-19,54.5,54.5,49.88,51.99,3936944
2011-04-20,50.9,52.7,50.8,51.3,1419927
2011-04-21,51.31,51.79,50.7,50.7,974398
2011-04-22,51.0,51.2,49.75,50.19,904920
2011-04-25,50.19,50.19,49.09,49.1,804021
2011-04-26,49.1,49.4,48.2,49.15,893168
2011-04-27,49.55,51.61,49.1,50.88,1508092
2011-04-28,50.88,52.28,49.5,49.84,1222617
2011-04-29,50.0,50.66,49.26,50.22,872341
2011-05-03,50.6,51.28,49.62,50.4,680443
2011-05-04,50.2,50.55,49.77,50.49,722154
2011-05-05,51.0,51.01,49.7,49.91,758883
2011-05-06,49.8,49.94,48.7,49.14,698646
2011-05-09,49.22,50.5,49.22,50.49,608138
2011-05-10,50.3,51.83,50.3,51.47,703217
2011-05-11,52.1,52.46,50.49,50.7,846446
2011-05-12,50.03,51.0,49.5,49.96,646685
2011-05-13,49.96,51.98,49.96,50.48,1272581
2011-05-17,51.0,51.9,47.96,48.76,1540786
2011-05-18,48.58,49.19,46.6,47.72,1058823
2011-05-19,47.02,47.99,46.3,46.65,1003805
2011-05-20,46.88,47.85,45.0,47.2,640328
2011-05-23,47.2,47.5,46.08,46.16,648480
2011-05-24,46.5,46.5,45.1,45.2,594156
2011-05-25,45.2,47.25,45.2,46.49,480160
2011-05-26,46.95,46.95,46.02,46.13,265646
2011-05-27,46.58,46.58,45.02,45.2,399310
2011-05-30,45.75,45.98,42.94,43.1,899648
2011-05-31,43.1,43.5,41.0,42.9,666686
2011-06-01,43.28,45.05,42.8,45.05,613976
2011-06-02,45.5,46.88,44.8,45.82,754874
2011-06-03,45.9,47.38,45.82,47.1,711498
2011-06-09,50.0,50.0,46.3,46.51,2386488
2011-06-13,47.2,49.2,46.34,48.26,1905692
2011-06-14,47.84,48.38,46.84,47.14,1181417
2011-06-15,46.67,47.14,45.95,46.09,785706
2011-06-16,46.05,46.05,43.85,43.86,581888
2011-06-17,43.7,47.9,43.05,44.53,634226
2011-06-20,44.4,44.85,42.5,43.23,588033
2011-06-27,47.05,47.05,45.6,46.17,1288496
2011-06-28,47.0,47.65,46.4,46.7,986081
2011-06-29,47.28,47.5,46.0,46.06,618311
2011-06-30,46.06,46.78,46.05,46.28,431147
2011-07-01,46.5,46.5,45.43,45.51,627922
2011-07-04,46.4,46.4,45.51,45.82,871385
2011-07-05,45.83,46.23,44.7,45.0,1074461
2011-07-06,44.8,44.8,43.31,44.14,1331962
2011-07-07,43.85,45.4,43.02,45.0,1081348
2011-07-08,45.02,45.2,43.6,43.65,1462425
2011-07-11,43.54,44.96,43.23,44.35,730608
2011-07-12,43.95,44.18,43.3,43.61,514057
2011-07-13,43.61,44.16,43.61,43.98,449142
2011-07-14,44.28,46.2,44.02,45.39,1129285
2011-07-15,45.2,45.84,44.82,45.47,531034
2011-07-18,45.39,45.85,44.56,44.72,788140
2011-07-19,45.04,45.1,43.98,43.98,459460
2011-07-20,44.2,44.76,43.2,43.58,842288
2011-07-21,43.8,44.05,43.2,43.5,345389
2011-07-22,43.5,43.99,43.5,43.62,295318
2011-07-25,43.51,43.8,42.52,42.54,580038
2011-07-26,42.8,43.97,42.25,43.5,509242
2011-07-27,43.52,44.2,43.43,43.78,444637
2011-07-28,43.1,43.64,43.0,43.3,523213
2011-07-29,43.57,43.77,43.0,43.32,349043
2011-08-01,43.3,44.32,43.29,43.48,375209
2011-08-02,43.48,43.78,42.64,43.32,425028
2011-08-03,42.86,43.48,42.86,43.04,380430
2011-08-04,43.1,44.8,42.9,44.5,912600
2011-08-05,43.48,44.28,43.0,43.89,699715
2011-08-08,43.82,43.82,41.12,41.87,802905
2011-08-09,40.78,42.1,38.41,42.0,935973
2011-08-10,42.2,44.0,42.2,43.6,1040749
2011-08-11,42.92,45.14,42.28,44.9,1396314
2011-08-12,44.9,49.0,44.9,49.0,4730106
2011-08-15,48.48,49.48,47.02,47.15,3271074
2011-08-16,47.0,47.9,45.78,46.8,2439905
2011-08-17,46.8,47.48,45.99,46.95,1321395
2011-08-18,47.14,47.14,45.01,45.28,1329294
2011-08-19,44.35,45.02,43.5,44.66,952523
2011-08-22,44.11,45.0,43.88,43.9,657309
2011-08-23,44.47,45.19,44.1,44.65,862541
2011-08-24,45.1,45.48,44.6,44.76,822789
2011-08-25,44.85,45.27,44.12,45.26,740198
2011-08-26,45.25,46.48,45.02,46.38,1400409
2011-08-29,46.38,47.38,45.6,46.02,1366230
2011-08-31,45.7,45.7,45.11,45.29,676448
2011-09-01,45.64,45.99,44.76,44.94,534437
2011-09-02,44.55,45.14,44.23,44.4,332531
2011-09-05,44.5,44.5,42.68,42.78,797602
2011-09-06,42.0,42.8,41.8,42.15,400901
2011-09-07,42.28,43.48,42.11,43.0,342668
2011-09-08,43.01,43.4,42.2,42.21,540746
2011-09-09,42.28,43.47,42.25,42.61,370011
2011-09-13,42.27,43.5,41.51,43.08,613618
2011-09-14,43.4,43.99,43.06,43.84,540655
2011-09-15,44.05,44.1,43.54,43.57,527038
2011-09-16,44.15,45.88,44.15,44.5,1013113
2011-09-19,44.22,44.85,43.99,44.2,649120
2011-09-20,44.4,44.44,43.5,43.69,552551
2011-09-21,43.69,44.82,43.31,44.68,693690
2011-09-22,44.3,44.3,42.93,42.95,561500
2011-09-23,42.02,42.96,41.2,42.3,582937
2011-09-26,41.95,42.56,41.08,41.27,456115
2011-09-27,41.41,42.38,41.33,41.61,328029
2011-09-28,41.94,42.78,41.09,41.28,393758
2011-09-29,40.85,40.85,39.22,39.25,786576
2011-09-30,39.39,40.44,39.39,40.29,459958
2011-10-10,40.9,43.0,40.9,41.85,993585
2011-10-11,42.85,43.1,41.31,41.67,764856
2011-10-12,41.46,42.65,40.43,42.46,900337
2011-10-13,42.46,43.43,42.46,43.06,1197816
2011-10-14,43.08,43.15,42.0,42.28,869993
2011-10-17,42.44,42.9,42.09,42.44,483209
2011-10-18,42.43,42.43,41.35,41.38,506780
2011-10-19,41.38,41.97,41.1,41.11,306620
2011-10-20,40.71,41.28,39.18,39.42,888305
2011-10-21,39.6,41.0,39.5,39.89,753550
2011-10-24,40.88,42.59,40.61,41.26,1615642
2011-10-26,42.1,42.75,41.71,41.9,1411380
2011-10-27,41.62,42.47,41.62,42.13,1419788
2011-10-28,42.73,42.88,42.01,42.38,864847
2011-10-31,42.38,42.95,42.02,42.06,974686
2011-11-01,41.79,41.98,41.21,41.23,922768
2011-11-02,40.16,41.7,40.01,41.7,929342
2011-11-03,42.3,42.48,41.74,41.86,1521259
2011-11-04,42.06,42.3,41.8,42.03,877903
2011-11-07,41.95,42.32,41.29,41.34,710452
2011-11-08,41.75,43.48,41.73,42.88,3295311
2011-11-09,42.92,43.99,42.56,43.25,2151395
2011-11-10,42.7,43.18,42.2,42.95,1652468
2011-11-11,42.96,43.2,42.56,42.74,1014455
2011-11-14,43.1,43.6,43.0,43.3,1895761
2011-11-15,43.75,43.87,43.12,43.49,1834453
2011-11-16,43.58,43.58,41.86,41.9,1575655
2011-11-17,42.15,42.42,41.55,41.79,1111660
2011-11-18,41.8,41.99,41.12,41.99,1011295
2011-11-21,42.07,42.5,41.5,42.26,944241
2011-11-22,41.87,41.97,41.1,41.46,736327
2011-11-23,41.46,42.07,41.1,41.17,563934
2011-11-24,40.8,41.07,40.11,40.39,851131
2011-11-25,40.7,40.7,39.67,39.8,822365
2011-11-28,40.19,40.23,38.5,38.88,1703008
2011-11-29,39.1,39.3,38.5,39.05,1352033
2011-12-01,39.0,40.5,38.61,39.1,2950414
2011-12-02,39.0,39.0,36.38,36.89,1917378
2011-12-05,36.99,37.0,34.7,34.82,1701948
2011-12-06,35.0,35.18,34.4,34.79,767155
2011-12-07,34.85,35.19,34.6,35.16,714721
2011-12-08,34.89,35.16,33.8,34.59,947857
2011-12-09,34.2,34.67,33.39,33.6,953967
2011-12-12,33.69,33.89,32.78,32.78,901959
2011-12-13,32.5,32.6,29.59,30.5,2059286
2011-12-14,30.45,30.45,29.16,29.23,2490391
2011-12-15,29.23,29.3,28.4,28.7,1885375
2011-12-16,28.61,30.17,28.61,30.15,1616973
2011-12-19,29.74,32.16,28.72,32.0,2639062
2011-12-20,31.6,32.77,31.32,31.99,2112494
2011-12-21,32.34,32.58,30.6,30.68,1352494
2011-12-22,30.69,31.0,28.88,30.5,1713785
2011-12-23,30.7,31.2,30.11,30.33,1476973
2011-12-26,30.33,30.65,29.65,29.82,662103
2011-12-27,29.72,29.95,28.68,28.93,965187
2011-12-28,28.85,29.46,28.61,29.46,1088006
2011-12-29,29.26,29.77,29.13,29.33,836643
2011-12-30,29.55,30.24,29.55,30.19,1308303
2012-01-04,30.69,31.5,30.56,30.6,2108705
2012-01-05,30.59,33.5,30.21,32.11,3918339
2012-01-09,33.05,35.32,33.05,35.32,4991634
2012-01-10,35.44,36.86,35.07,36.3,4074327
2012-01-11,36.0,37.3,35.83,36.62,3245387
2012-01-12,36.5,37.1,35.81,36.3,2606594
2012-01-13,36.56,36.56,34.95,35.0,2565055
2012-01-16,34.66,36.47,34.14,35.09,2478111
2012-01-17,35.09,36.92,34.33,36.88,3172099
2012-01-18,36.8,37.5,35.63,36.12,2350644
2012-01-19,36.18,36.66,35.71,36.05,1543800
2012-01-20,33.01,35.48,33.01,34.86,4952859
2012-01-30,35.2,36.1,34.6,35.6,2484825
2012-01-31,35.2,35.98,35.0,35.3,1434502
2012-02-01,35.29,35.6,34.9,34.9,1109011
2012-02-02,35.0,35.37,34.6,35.3,1247324
2012-02-03,35.19,35.95,35.01,35.55,1705310
2012-02-06,35.71,38.49,35.4,38.09,4424396
2012-02-07,38.09,38.09,36.73,37.08,2627415
2012-02-08,37.1,38.45,37.1,38.13,2828251
2012-02-09,37.78,38.45,37.48,37.78,2153538
2012-02-10,38.48,38.48,37.8,38.28,1720073
2012-02-13,37.85,39.49,37.57,38.96,2200243
2012-02-14,38.9,39.59,38.76,39.32,1813403
2012-02-15,39.32,39.5,38.76,39.32,1522294
2012-02-16,39.05,39.87,38.78,39.59,1976381
2012-02-17,40.0,40.0,39.33,39.8,1509392
2012-02-20,42.33,42.33,40.53,41.5,3344383
2012-02-21,41.88,43.49,41.0,41.75,5091603
2012-02-22,42.49,42.49,40.8,41.83,4340270
2012-02-23,41.8,41.99,40.55,41.15,3294570
2012-02-24,41.15,41.97,40.88,41.58,2270121
2012-02-27,41.56,42.36,41.31,41.68,3732745
2012-02-28,41.31,42.27,41.28,41.76,2978778
2012-02-29,41.5,42.2,41.47,41.64,1962773
2012-03-01,41.63,41.88,41.02,41.45,1967598
2012-03-02,41.65,42.28,41.1,42.12,2248813
2012-03-05,42.36,44.7,42.08,43.81,5978344
2012-03-07,43.5,47.79,43.01,44.99,5613138
2012-03-08,45.4,46.4,44.33,46.39,4322754
2012-03-09,46.37,47.67,45.78,46.64,4169380
2012-03-12,46.6,46.6,45.59,45.81,3007181
2012-03-14,46.89,47.2,42.72,43.12,5336969
2012-03-15,42.71,44.0,41.43,43.14,3075813
2012-03-16,43.16,43.79,42.2,43.24,2454811
2012-03-19,43.27,44.88,42.6,44.88,3301312
2012-03-20,46.29,48.46,45.56,47.26,9720985
2012-03-21,47.62,47.88,44.9,46.49,5651856
2012-03-22,46.3,47.45,45.5,46.5,3116311
2012-03-23,46.78,47.39,44.33,45.5,4691283
2012-03-26,45.72,45.95,43.5,44.46,3421224
2012-03-27,21.21,21.68,20.22,20.41,9050317
2012-03-28,20.21,21.77,19.61,20.87,12186917
2012-03-29,20.95,21.49,20.08,20.98,9530024
2012-03-30,20.98,21.33,20.28,20.91,6607228
2012-04-05,20.71,21.28,20.48,21.19,6027983
2012-04-06,21.19,21.19,20.18,20.34,7401098
2012-04-09,20.0,20.0,19.05,19.1,7044006
2012-04-11,19.4,21.01,19.2,21.01,8142230
2012-04-12,22.0,22.0,21.01,21.21,12251035
2012-04-13,20.94,21.82,20.6,21.6,10608527
2012-04-16,21.45,21.79,21.06,21.39,6288984
2012-04-17,21.33,21.65,20.82,21.02,5200943
2012-04-18,21.0,21.29,20.84,21.12,4409994
2012-04-19,21.01,21.19,20.53,20.76,3768694
2012-04-20,20.5,21.18,20.36,20.8,3761197
2012-04-23,21.13,21.5,20.48,20.51,4630377
2012-04-24,20.24,20.9,19.7,20.1,4199117
2012-04-25,20.1,20.27,19.5,19.74,4333873
2012-04-27,19.9,21.55,19.81,20.55,5779874
2012-05-02,21.0,21.2,20.28,20.74,5292916
2012-05-03,20.55,20.73,20.51,20.54,3162158
2012-05-04,20.56,20.7,20.34,20.65,3212093
2012-05-07,20.52,20.53,19.7,20.12,7497895
2012-05-08,20.1,20.1,19.7,19.89,4040291
2012-05-09,19.7,20.14,19.57,19.64,3695027
2012-05-10,19.63,19.79,19.54,19.64,3280005
2012-05-11,19.57,20.11,19.55,19.86,4372820
2012-05-14,20.03,20.05,19.56,19.58,3451373
2012-05-15,19.2,19.3,18.81,19.08,3894509
2012-05-16,19.0,19.18,18.81,18.81,2066422
2012-05-17,18.95,19.04,18.58,18.82,2477626
2012-05-18,18.7,18.7,17.9,17.93,3729959
2012-05-21,17.98,18.17,17.35,17.66,2491784
2012-05-22,17.51,18.05,17.5,18.05,3321361
2012-05-23,18.05,18.05,17.71,17.8,1950132
2012-05-24,17.75,17.78,17.38,17.43,2612920
2012-05-25,17.42,17.65,17.3,17.45,2385560
2012-05-28,17.45,17.49,16.95,17.49,2227810
2012-05-29,17.82,19.07,17.81,18.59,5964548
2012-05-30,18.56,18.56,18.12,18.26,2818357
2012-05-31,18.08,18.41,17.97,18.21,2347745
2012-06-01,18.21,19.05,18.1,18.71,5460491
2012-06-04,18.13,18.55,18.04,18.06,2933413
2012-06-05,18.0,18.39,17.63,17.65,2841549
2012-06-06,18.0,18.0,17.22,17.29,2146398
2012-06-07,17.5,17.7,17.11,17.22,1753974
2012-06-08,17.48,17.48,16.8,16.93,1875125
2012-06-11,16.95,17.33,16.92,17.3,1923328
2012-06-12,17.2,17.44,17.12,17.32,1510768
2012-06-13,17.4,17.98,17.32,17.96,2986914
2012-06-14,17.9,18.32,17.74,17.96,3306518
2012-06-15,18.1,18.3,17.9,17.99,2466088
2012-06-18,18.0,18.29,17.98,18.1,1834884
2012-06-19,18.11,18.18,17.75,17.78,1623002
2012-06-20,17.74,18.09,17.74,17.83,1132184
2012-06-21,18.0,18.15,17.7,17.8,2079068
2012-06-26,17.33,17.34,16.35,16.68,3219413
2012-06-27,16.69,17.31,16.69,16.9,1866698
2012-06-28,17.0,17.11,16.82,16.97,2152452
2012-06-29,16.89,17.11,16.63,16.63,3831522
2012-07-02,16.72,17.1,16.71,16.91,2524517
2012-07-03,16.85,17.02,16.71,16.87,1693036
2012-07-04,16.85,17.65,16.81,17.37,2941393
2012-07-05,17.12,17.28,16.73,16.91,1728203
2012-07-06,17.3,17.3,16.69,17.13,1481692
2012-07-09,16.82,17.09,16.55,16.55,1583996
2012-07-10,16.57,16.84,16.28,16.31,1350051
2012-07-11,16.29,16.3,15.78,15.91,2371508
2012-07-12,15.88,16.26,15.73,16.18,2295061
2012-07-13,15.2,15.3,14.56,14.56,6479171
2012-07-16,14.03,14.03,13.1,13.71,5299773
2012-07-17,13.4,13.7,13.3,13.59,1906529
2012-07-18,13.55,13.55,13.05,13.32,3009284
2012-07-19,13.33,13.72,13.32,13.43,2730500
2012-07-20,13.43,13.75,13.43,13.59,2118814
2012-07-23,13.72,13.73,13.32,13.62,2292059
2012-07-24,13.45,13.7,13.11,13.48,1804348
2012-07-25,13.48,13.48,13.18,13.21,1175280
2012-07-26,13.22,13.37,13.1,13.2,1387084
2012-07-27,13.33,13.6,13.21,13.5,2094199
2012-07-30,13.52,13.94,13.4,13.88,2782045
2012-07-31,13.88,14.46,13.8,14.06,2671389
2012-08-01,13.78,14.1,13.7,14.0,1870109
2012-08-02,13.98,14.18,13.85,14.01,1733211
2012-08-03,14.01,14.42,13.61,14.07,2308196
2012-08-06,14.1,14.25,13.82,14.24,2715713
2012-08-07,14.1,15.37,14.1,15.09,4612178
2012-08-08,15.07,15.08,14.73,15.03,3279387
2012-08-09,15.24,15.24,14.84,15.04,1839648
2012-08-10,15.1,16.18,15.1,15.58,4403485
2012-08-13,15.47,15.47,14.86,14.86,2750412
2012-08-14,14.9,14.99,14.05,14.75,2260098
2012-08-15,14.64,15.08,14.31,14.58,1636531
2012-08-16,14.33,14.8,14.31,14.34,1349482
2012-08-17,14.35,14.44,14.07,14.2,1562547
2012-08-20,14.0,14.22,14.0,14.18,886885
2012-08-21,14.35,14.55,14.1,14.35,1123889
2012-08-22,14.32,14.48,14.26,14.28,1037182
2012-08-23,14.42,14.42,14.1,14.25,1283375
2012-08-24,14.06,14.25,13.81,13.85,1008827
2012-08-27,13.85,13.86,13.1,13.22,1557021
2012-08-28,13.36,13.45,13.11,13.21,1865870
2012-08-29,13.43,13.66,13.25,13.37,1755693
2012-08-30,13.16,13.39,13.01,13.07,1363996
2012-08-31,13.12,13.15,12.99,13.05,1276897
2012-09-03,13.0,13.22,12.82,13.12,1814396
2012-09-04,13.03,13.11,12.62,12.64,2298203
2012-09-05,12.64,12.8,12.34,12.57,2079302
2012-09-06,12.5,12.68,12.48,12.62,1247610
2012-09-07,12.7,13.41,12.7,13.3,4449088
2012-09-10,13.23,13.72,13.15,13.62,2752867
2012-09-11,13.58,13.58,12.9,13.29,2792858
2012-09-12,13.35,13.49,13.12,13.3,2089525
2012-09-13,13.3,13.45,13.21,13.21,1805129
2012-09-14,13.35,13.44,13.16,13.27,2391148
2012-09-17,13.26,13.65,12.83,12.83,2315684
2012-09-18,12.7,12.7,12.0,12.18,2340793
2012-09-19,12.21,12.4,12.12,12.31,1321508
2012-09-20,12.19,12.28,11.74,11.74,1730674
2012-09-21,11.71,11.86,11.6,11.7,1209201
2012-09-24,11.45,11.78,11.31,11.65,1044031
2012-09-25,11.7,11.74,11.41,11.47,970580
2012-09-26,11.45,11.55,11.0,11.05,1233505
2012-09-27,11.2,11.53,11.01,11.32,1654632
2012-09-28,11.18,11.56,11.18,11.53,1590174
2012-10-08,11.53,12.32,11.51,11.78,2777502
2012-10-09,12.0,12.2,11.79,12.15,2496176
2012-10-10,12.07,12.16,11.83,12.16,2046528
2012-10-11,12.08,12.66,11.81,12.03,3083263
2012-10-12,12.03,12.49,12.0,12.35,2848841
2012-10-15,12.28,12.3,11.8,11.86,2121511
2012-10-16,11.86,12.02,11.72,11.77,1361959
2012-10-17,11.8,11.95,11.68,11.86,1556885
2012-10-18,11.96,12.23,11.86,12.11,1639861
2012-10-19,12.09,12.19,11.92,12.03,1154509
2012-10-22,11.95,12.08,11.81,12.01,764475
2012-10-23,12.0,12.13,11.92,11.94,1119850
2012-10-24,11.89,12.64,11.82,12.18,2859554
2012-10-25,12.04,12.14,11.86,11.96,1631137
2012-10-26,11.96,12.0,11.4,11.45,1688799
2012-10-29,11.4,11.58,11.16,11.21,1063939
2012-10-30,11.3,11.3,11.09,11.16,984948
2012-10-31,11.16,11.28,11.08,11.13,868293
2012-11-01,11.14,11.38,11.14,11.32,2183312
2012-11-02,11.32,11.48,11.25,11.31,1472162
2012-11-05,11.33,11.38,11.18,11.26,990254
2012-11-06,11.25,11.33,11.03,11.17,1454279
2012-11-07,11.15,11.26,11.1,11.17,920318
2012-11-08,11.12,11.12,10.72,10.72,1516980
2012-11-09,10.6,10.77,10.56,10.63,782185
2012-11-12,10.65,10.71,10.39,10.58,1271818
2012-11-13,10.56,10.62,10.09,10.09,1441569
2012-11-14,10.17,10.25,9.93,10.25,1225656
2012-11-15,10.14,10.14,9.9,9.92,1257230
2012-11-16,9.82,9.97,9.65,9.84,962420
2012-11-19,9.71,9.9,9.1,9.34,4038063
2012-11-20,9.3,9.33,9.21,9.23,1813065
2012-11-21,9.26,9.42,9.11,9.4,1948174
2012-11-22,9.32,9.79,9.2,9.66,6433568
2012-11-23,9.49,9.59,9.33,9.34,2353491
2012-11-26,9.34,9.37,9.09,9.14,2095059
2012-11-27,9.09,9.38,8.91,9.24,3093443
2012-11-28,9.18,10.0,8.9,9.74,9000838
2012-11-29,9.66,9.7,9.44,9.52,5930770
2012-11-30,9.44,9.52,9.03,9.33,3473061
2012-12-03,9.26,9.55,9.1,9.29,3539862
2012-12-04,9.18,9.54,9.1,9.47,4150784
2012-12-05,9.38,10.07,9.38,9.88,8374489
2012-12-06,9.75,10.05,9.73,10.0,7187196
2012-12-07,10.0,10.25,9.89,10.15,7763274
2012-12-10,10.45,10.65,10.21,10.32,7224775
2012-12-11,10.35,10.56,10.06,10.32,6295534
2012-12-12,10.23,10.33,10.08,10.18,3340873
2012-12-13,10.15,10.41,10.07,10.16,2868949
2012-12-14,10.18,10.56,10.13,10.5,5724854
2012-12-17,10.5,11.04,10.5,10.73,9573361
2012-12-18,10.73,10.78,10.42,10.5,4992243
2012-12-19,10.51,10.68,10.47,10.53,3630786
2012-12-20,10.53,10.63,10.36,10.46,3347333
2012-12-21,10.5,10.75,10.09,10.13,6324736
2012-12-24,10.1,10.22,10.01,10.18,3043693
2012-12-25,10.18,10.67,10.13,10.51,7267980
2012-12-26,10.51,11.25,10.48,11.19,10561149
2012-12-27,11.25,11.54,10.83,10.89,8393992
2012-12-28,10.89,11.05,10.78,10.93,3989264
2012-12-31,10.92,11.26,10.91,11.14,4399446
2013-01-04,11.25,11.3,10.88,10.93,3982964
2013-01-07,10.9,11.33,10.7,11.24,5167591
2013-01-08,11.25,11.8,11.25,11.56,9004758
2013-01-09,11.56,11.68,11.3,11.45,5830626
2013-01-10,11.41,11.56,11.3,11.45,3167755
2013-01-11,11.48,11.58,10.93,11.09,5261383
2013-01-14,11.0,11.47,10.86,11.42,6005411
2013-01-15,11.44,11.76,11.41,11.75,7134777
2013-01-16,11.78,11.83,11.26,11.59,6019483
2013-01-17,11.57,11.72,11.35,11.48,3393019
2013-01-18,11.62,11.68,11.37,11.63,4281173
2013-01-21,11.65,11.84,11.62,11.68,4583093
2013-01-22,11.68,11.78,11.21,11.3,5041884
2013-01-23,11.3,11.39,11.21,11.37,2725867
2013-01-24,11.36,11.65,10.82,10.99,5438087
2013-01-25,11.19,11.19,10.78,10.78,3497201
2013-01-28,10.91,11.29,10.73,11.15,3972657
2013-01-29,11.1,11.2,10.93,11.06,4272489
2013-01-30,11.11,11.15,10.78,10.88,4349975
2013-01-31,10.88,11.08,10.87,11.0,3481715
2013-02-01,10.9,11.07,10.79,10.93,2974808
2013-02-04,11.02,11.24,10.79,11.17,6243968
2013-02-05,11.17,11.17,10.98,11.1,4801326
2013-02-06,11.12,11.5,11.05,11.32,5858400
2013-02-07,11.27,11.43,11.07,11.32,4276797
2013-02-08,11.29,11.7,11.29,11.58,4765152
2013-02-18,11.65,11.97,11.65,11.81,7073794
2013-02-19,11.8,11.97,11.55,11.57,5276635
2013-02-20,11.58,11.75,11.5,11.72,3381112
2013-02-21,11.55,11.57,11.14,11.23,5410088
2013-02-22,11.3,11.54,11.26,11.44,3929203
2013-02-25,11.58,12.22,11.57,12.17,10412605
2013-02-26,13.01,13.16,11.95,12.09,19935582
2013-02-27,11.88,12.2,11.51,11.7,8361566
2013-02-28,11.73,11.89,11.55,11.83,5091276
2013-03-01,11.84,11.89,11.6,11.74,5053070
2013-03-04,11.57,11.72,11.08,11.16,6482349
2013-03-05,11.15,11.28,10.93,11.25,4582224
2013-03-06,11.35,11.5,11.24,11.35,5908470
2013-03-07,11.22,11.34,11.09,11.19,6393257
2013-03-08,11.13,11.24,10.96,11.07,5848250
2013-03-11,11.0,11.01,10.5,10.6,6627967
2013-03-12,10.65,10.69,9.95,10.12,8063441
2013-03-13,10.28,11.13,10.27,11.13,25116528
2013-03-14,10.86,11.18,10.76,10.96,14100903
2013-03-15,10.8,10.98,10.5,10.74,8302749
2013-03-18,10.6,10.6,10.15,10.18,8175006
2013-03-19,10.17,10.66,10.12,10.51,7395656
2013-03-20,10.4,10.64,10.33,10.59,7046585
2013-03-21,10.51,10.79,10.51,10.64,5981269
2013-03-22,10.55,10.83,10.54,10.61,5239926
2013-03-25,10.7,10.7,10.35,10.42,4619378
2013-03-26,10.38,10.38,10.13,10.18,4573900
2013-03-27,10.2,10.33,10.05,10.16,4085868
2013-03-28,10.03,10.03,9.74,9.77,5036391
2013-03-29,9.8,9.89,9.75,9.79,2538385
2013-04-01,9.67,9.88,9.62,9.79,2507388
2013-04-02,9.83,9.94,9.55,9.6,2884315
2013-04-03,9.59,9.69,9.03,9.21,6764074
2013-04-08,9.12,9.2,8.95,9.08,4392522
2013-04-09,9.26,9.53,9.25,9.36,4386824
2013-04-10,9.3,9.39,9.26,9.31,2344541
2013-04-11,9.34,9.44,9.31,9.33,3015924
2013-04-12,9.03,9.18,8.8,8.95,6632442
2013-04-15,8.83,8.88,8.55,8.62,4567202
2013-04-16,8.5,8.84,8.45,8.81,4027416
2013-04-17,8.82,8.86,8.67,8.78,2981063
2013-04-18,8.71,8.85,8.65,8.8,3180138
2013-04-19,8.75,8.97,8.74,8.94,3923457
2013-04-22,8.94,9.18,8.86,8.95,3417947
2013-04-23,8.96,9.04,8.6,8.66,3131110
2013-04-24,8.62,8.79,8.62,8.71,2244846
2013-04-25,8.74,8.76,8.54,8.66,4009345
2013-04-26,8.71,8.72,8.38,8.4,2516684
2013-05-02,8.4,8.48,8.05,8.15,3305342
2013-05-03,8.18,8.35,8.13,8.23,2426316
2013-05-06,8.25,8.46,8.23,8.39,2872459
2013-05-07,8.39,8.55,8.33,8.45,2161379
2013-05-08,8.53,8.55,8.43,8.48,2172460
2013-05-09,8.45,8.55,8.43,8.51,2666269
2013-05-10,8.5,8.64,8.4,8.59,2325173
2013-05-13,8.62,8.65,8.49,8.53,2154569
2013-05-14,8.55,8.55,8.19,8.23,4309762
2013-05-15,8.25,8.32,8.2,8.29,1730571
2013-05-16,8.25,8.38,8.12,8.36,3463469
2013-05-17,8.34,8.62,8.32,8.51,4707651
2013-05-20,8.5,8.79,8.5,8.72,6639121
2013-05-21,8.72,8.85,8.61,8.74,4713804
2013-05-22,8.74,8.98,8.72,8.77,4984404
2013-05-23,8.73,8.82,8.61,8.65,4663293
2013-05-24,8.63,8.84,8.63,8.76,4356486
2013-05-27,8.77,8.92,8.7,8.77,4528967
2013-05-28,8.77,9.06,8.7,8.99,9248919
2013-05-29,9.08,9.3,9.0,9.05,8448553
2013-05-30,9.0,9.11,8.93,9.07,5560866
2013-05-31,9.13,9.29,9.05,9.18,5333563
2013-06-03,9.1,9.27,9.03,9.06,4862297
2013-06-04,9.06,9.09,8.6,8.6,5449157
2013-06-05,8.63,8.7,8.46,8.47,3949705
2013-06-06,8.44,8.81,8.41,8.47,4200282
2013-06-07,8.4,8.41,8.18,8.19,3953708
2013-06-13,8.2,8.21,7.55,7.62,5388515
2013-06-14,7.52,7.74,7.52,7.66,3085699
2013-06-17,7.67,7.7,7.4,7.61,3777870
2013-06-18,7.62,7.78,7.59,7.66,2261813
2013-06-19,7.66,7.67,7.25,7.38,3950392
2013-06-20,7.38,7.53,7.3,7.34,2965083
2013-06-21,7.52,8.0,7.52,7.79,8487154
2013-06-24,7.61,8.34,7.57,8.08,12915871
2013-06-25,8.1,8.89,7.88,8.87,19438468
2013-06-26,8.76,9.3,8.45,9.11,18068256
2013-06-27,9.0,9.18,8.65,8.78,12866015
2013-06-28,8.65,8.78,8.36,8.61,9229608
2013-07-01,8.56,8.96,8.47,8.91,9253698
2013-07-02,8.9,9.09,8.64,8.84,8858943
2013-07-03,8.8,9.05,8.65,9.05,10861849
2013-07-04,9.0,9.28,8.88,8.89,12536917
2013-07-05,8.8,8.9,8.45,8.48,11070680
2013-07-08,8.29,8.29,7.63,7.63,9714281
2013-07-09,7.35,7.67,7.31,7.63,4335106
2013-07-10,7.58,7.81,7.5,7.79,4092868
2013-07-11,7.73,8.05,7.71,7.91,7065882
2013-07-12,7.88,7.92,7.67,7.68,5624535
2013-07-15,7.65,7.78,7.56,7.71,4094643
2013-07-16,7.65,8.02,7.63,7.97,6119814
2013-07-17,7.92,8.07,7.86,7.88,5367848
2013-07-18,7.89,7.94,7.71,7.85,4053195
2013-07-19,7.84,7.94,7.31,7.45,5100202
2013-07-22,7.38,7.53,7.11,7.45,5164131
2013-07-23,7.41,7.64,7.36,7.59,3104148
2013-07-24,7.56,7.69,7.42,7.53,3624184
2013-07-25,7.57,7.64,7.37,7.6,4433274
2013-07-26,7.6,7.64,7.45,7.45,2429002
2013-07-29,7.4,7.4,7.13,7.13,3964911
2013-07-30,7.09,7.28,7.05,7.24,2533405
2013-07-31,7.29,7.31,7.15,7.18,2403486
2013-08-01,7.17,7.29,7.16,7.23,3372293
2013-08-02,7.27,7.35,7.23,7.26,2291482
2013-08-05,7.25,7.36,7.21,7.34,3227998
2013-08-06,7.3,7.52,7.3,7.41,5039650
2013-08-07,7.41,7.48,7.36,7.43,3409734
2013-08-08,7.42,7.53,7.38,7.43,3150307
2013-08-09,7.46,7.51,7.35,7.44,5171041
2013-08-12,7.56,7.84,7.54,7.72,10657668
2013-08-13,7.75,7.95,7.75,7.79,7645801
2013-08-14,7.72,7.84,7.67,7.71,5837131
2013-08-15,7.66,7.74,7.58,7.59,4618581
2013-08-16,7.55,7.89,7.46,7.47,5525232
2013-08-19,7.47,7.67,7.46,7.58,4586945
2013-08-20,7.58,7.69,7.51,7.56,4410863
2013-08-21,7.59,7.74,7.5,7.66,4374263
2013-08-22,7.65,8.24,7.6,7.98,9243141
2013-08-23,7.94,8.48,7.87,8.16,13777929
2013-08-26,8.04,8.44,8.03,8.22,8850550
2013-08-27,8.2,8.31,8.11,8.22,4981422
2013-08-28,8.15,8.16,7.8,8.03,6015720
2013-08-29,8.01,8.26,7.93,8.09,5321268
2013-08-30,8.04,8.22,8.04,8.16,5777434
2013-09-02,8.15,8.35,8.1,8.31,4619190
2013-09-03,8.3,8.43,8.21,8.35,5120110
2013-09-04,8.3,8.46,8.25,8.41,4978474
2013-09-05,8.4,8.66,8.21,8.5,11610390
2013-09-06,8.47,8.66,8.32,8.61,6262103
2013-09-09,8.64,8.98,8.55,8.88,7974497
2013-09-10,8.83,9.27,8.81,9.22,8995212
2013-09-11,9.22,9.28,8.74,8.77,8174616
2013-09-12,8.77,9.08,8.65,8.98,6136334
2013-09-13,8.98,9.03,8.7,8.73,3562452
2013-09-16,8.73,8.87,8.47,8.53,4502726
2013-09-17,8.52,8.67,8.45,8.56,2770283
2013-09-18,8.55,8.69,8.38,8.69,2907686
2013-09-23,8.66,8.75,8.54,8.72,4516333
2013-09-24,8.67,8.72,8.53,8.6,2269139
2013-09-25,8.56,8.63,8.23,8.38,4630009
2013-09-26,8.32,8.8,8.16,8.42,4547370
2013-09-27,8.31,8.42,8.26,8.34,2257010
2013-09-30,8.33,8.39,8.16,8.3,2157980
2013-10-08,8.3,8.5,8.22,8.38,2450581
2013-10-09,8.37,8.49,8.3,8.37,2275166
2013-10-10,8.3,8.37,8.16,8.31,2909687
2013-10-11,8.3,8.59,8.18,8.57,5449585
2013-10-14,8.67,8.7,8.47,8.57,4930225
2013-10-15,8.54,8.58,8.4,8.53,3579958
2013-10-16,8.48,8.6,8.19,8.4,3082007
2013-10-17,8.4,8.46,8.28,8.35,1771809
2013-10-18,8.31,8.36,8.23,8.31,1263273
2013-10-21,8.29,8.39,8.24,8.38,2054436
2013-10-22,8.37,8.68,8.33,8.61,6612742
2013-10-23,8.66,8.67,8.25,8.39,4387857
2013-10-24,8.37,8.37,8.17,8.3,1953405
2013-10-25,8.31,8.59,8.27,8.38,5280310
2013-10-28,9.0,9.22,8.59,8.85,13327770
2013-10-29,8.82,9.74,8.78,9.6,46892964
2013-10-30,9.3,9.84,9.21,9.65,28759076
2013-10-31,9.59,9.8,8.97,9.07,21588556
2013-11-01,8.97,9.03,8.36,8.52,15584161
2013-11-04,8.45,8.62,8.4,8.54,5956201
2013-11-05,8.45,9.0,8.07,8.76,15029753
2013-11-06,8.67,9.2,8.57,8.86,18311788
2013-11-07,8.66,8.71,8.37,8.48,9590893
2013-11-08,8.41,8.61,8.24,8.38,7614917
2013-11-11,8.31,8.54,8.12,8.3,5200340
2013-11-12,8.3,8.34,8.17,8.27,5743570
2013-11-13,8.23,8.23,7.7,7.76,9273482
2013-11-14,7.73,7.81,7.6,7.75,6805060
2013-11-15,7.76,7.97,7.65,7.83,5092622
2013-11-18,7.83,8.05,7.77,8.01,6738057
2013-11-19,7.98,8.13,7.91,8.03,5672600
2013-11-20,8.07,8.09,7.88,7.94,5109261
2013-11-21,7.92,8.02,7.85,8.01,4342963
2013-11-22,8.0,8.24,7.95,8.09,6276433
2013-11-25,8.09,8.13,7.94,7.96,4269210
2013-11-26,7.95,8.03,7.92,7.95,2719633
2013-11-27,7.95,8.01,7.85,8.0,3948349
2013-11-28,8.03,8.11,7.9,8.04,6028723
2013-11-29,8.01,8.09,8.01,8.05,4345730
2013-12-02,7.99,8.04,7.67,7.77,4887043
2013-12-03,7.76,7.88,7.66,7.86,3731661
2013-12-04,7.82,7.97,7.81,7.9,3753182
2013-12-05,7.89,8.04,7.88,7.98,3680791
2013-12-06,7.93,8.02,7.91,7.97,2945975
2013-12-09,7.99,8.03,7.93,7.99,3151419
2013-12-10,8.0,8.16,7.98,8.1,4689361
2013-12-11,8.05,8.06,7.83,7.9,4085620
2013-12-12,7.88,7.95,7.85,7.92,2666769
2013-12-13,7.78,8.07,7.78,7.98,4169799
2013-12-16,7.98,8.03,7.79,7.79,2992151
2013-12-17,7.77,7.85,7.75,7.76,1887553
2013-12-18,7.75,7.86,7.68,7.74,2482275
2013-12-19,7.79,7.8,7.64,7.64,1685837
2013-12-20,7.7,7.7,7.32,7.37,3035267
2013-12-23,7.34,7.4,7.21,7.39,2892875
2013-12-24,7.39,7.48,7.32,7.41,3815504
2013-12-25,7.43,7.47,7.35,7.42,1466553
2013-12-26,7.37,7.44,7.2,7.25,2351554
2013-12-27,7.21,7.4,7.2,7.38,1786714
2013-12-30,7.38,7.45,7.34,7.39,1464857
2013-12-31,7.35,7.5,7.31,7.48,1627629
2014-01-02,7.49,7.68,7.42,7.67,2157440
2014-01-03,7.6,7.68,7.42,7.46,3196335
2014-01-06,7.42,7.48,7.14,7.23,2535101
2014-01-07,7.23,7.26,7.15,7.18,1572075
2014-01-08,7.23,7.24,7.02,7.05,2061885
2014-01-09,7.03,7.15,6.95,7.06,2010809
2014-01-10,7.03,7.06,6.71,6.73,3297958
2014-01-13,6.73,6.8,6.56,6.57,2154786
2014-01-14,6.53,6.71,6.53,6.67,1881581
2014-01-15,6.68,6.77,6.65,6.73,1375178
2014-01-16,6.69,6.8,6.69,6.71,1402917
2014-01-17,6.68,6.73,6.59,6.61,1886394
2014-01-20,6.55,6.61,6.3,6.61,3569728
2014-01-21,6.57,6.89,6.48,6.82,7048145
2014-01-22,6.78,7.23,6.78,7.21,7451135
2014-01-23,7.2,7.44,7.12,7.32,4892698
2014-01-24,7.29,7.44,7.24,7.27,10559974
2014-01-27,7.25,7.35,7.16,7.33,3299069
2014-01-28,7.34,7.49,7.26,7.46,10839623
2014-01-29,7.3,7.49,7.19,7.22,6985972
2014-01-30,7.15,7.24,6.94,7.07,3888749
2014-02-07,6.95,7.06,6.9,7.03,2714399
2014-02-10,7.15,7.19,7.06,7.18,3710394
2014-02-11,7.15,7.27,7.13,7.21,3861579
2014-02-12,7.21,7.29,7.18,7.27,3501946
2014-02-13,7.27,7.3,6.9,7.01,5486349
2014-02-14,7.0,7.15,7.0,7.1,2571711
2014-02-17,7.16,7.24,7.11,7.12,5383014
2014-02-18,7.13,7.31,7.12,7.24,8871881
2014-02-19,7.25,7.65,7.1,7.62,16746183
2014-02-20,7.9,8.38,7.9,8.38,36181620
2014-02-21,8.43,8.43,7.71,7.76,29389248
2014-02-24,7.55,7.76,7.47,7.5,11456702
2014-02-25,7.46,8.1,7.46,7.67,16526422
2014-02-26,7.67,8.24,7.6,8.23,23731276
2014-02-27,8.13,8.75,7.92,8.22,29988622
2014-02-28,8.06,8.16,7.81,7.98,16020549
2014-03-03,7.94,8.59,7.82,8.4,21426112
2014-03-04,8.32,8.48,8.0,8.28,14171080
2014-03-05,8.39,8.55,8.01,8.01,11834325
2014-03-06,7.9,8.16,7.71,7.98,10823255
2014-03-07,7.92,8.23,7.85,8.14,12115611
2014-03-10,8.02,8.02,7.54,7.54,9402355
2014-03-11,7.47,7.74,7.39,7.59,6918968
2014-03-12,7.4,7.41,7.01,7.05,12139687
2014-03-13,7.01,7.1,6.97,7.06,6687680
2014-03-14,7.01,7.09,6.9,6.96,6489334
2014-03-17,6.98,7.11,6.98,7.11,5691627
2014-03-18,7.1,7.19,7.04,7.05,6137229
2014-03-19,7.06,7.25,6.96,7.24,6975667
2014-03-20,7.17,7.35,7.09,7.1,8420779
2014-03-21,6.92,7.28,6.82,7.18,7837788
2014-03-24,7.12,7.23,7.08,7.19,5584866
2014-03-25,7.15,7.26,7.11,7.22,4718837
2014-03-26,7.21,7.5,7.15,7.34,7835898
2014-03-27,7.33,7.38,7.14,7.15,4674561
2014-03-28,7.11,7.27,7.0,7.02,3627040
2014-03-31,7.07,7.1,6.91,6.91,2977122
2014-04-01,6.92,7.08,6.88,7.06,2700483
2014-04-02,7.06,7.15,7.02,7.06,1964724
2014-04-03,7.08,7.13,6.95,7.03,4622105
2014-04-04,7.0,7.01,6.92,7.0,2835265
2014-04-08,6.98,7.07,6.92,7.05,4835030
2014-04-09,7.05,7.19,7.0,7.18,6649408
2014-04-10,7.16,7.18,7.1,7.15,3863055
2014-04-11,7.16,7.24,7.11,7.16,3433992
2014-04-14,7.17,7.23,7.12,7.2,3708061
2014-04-15,7.19,7.19,7.01,7.01,4029222
2014-04-16,7.03,7.07,7.0,7.02,2339680
2014-04-17,7.03,7.12,7.01,7.06,3074939
2014-04-18,7.01,7.08,6.97,7.05,2195372
2014-04-21,7.02,7.02,6.88,6.89,2970146
2014-04-22,6.9,6.93,6.69,6.76,3508687
2014-04-23,6.72,6.82,6.68,6.7,2027340
2014-04-24,6.71,6.8,6.7,6.7,1779622
2014-04-25,6.7,6.74,6.51,6.52,3161368
2014-04-28,6.52,6.56,6.24,6.24,2472227
2014-04-29,6.23,6.33,6.23,6.33,1498356
2014-04-30,6.33,6.38,6.27,6.32,1671729
2014-05-05,6.3,6.34,6.24,6.29,1844657
2014-05-06,6.28,6.47,6.27,6.36,2119956
2014-05-07,6.31,6.4,6.3,6.32,1229226
2014-05-08,6.32,6.42,6.29,6.31,2035639
2014-05-09,6.34,6.36,6.24,6.25,1650840
2014-05-12,6.31,6.47,6.28,6.45,2537050
2014-05-13,6.45,6.78,6.41,6.59,4287155
2014-05-14,6.51,6.6,6.44,6.44,2061843
2014-05-15,6.53,6.6,6.47,6.5,2290623
2014-05-16,6.51,6.58,6.47,6.57,1824895
2014-05-19,6.33,6.38,6.01,6.19,2473758
2014-05-20,6.14,6.29,6.13,6.16,1832827
2014-05-21,6.14,6.38,6.12,6.33,2502609
2014-05-22,6.3,6.38,6.22,6.23,1879590
2014-05-23,6.23,6.29,6.21,6.22,1551648
2014-05-26,6.26,6.32,6.2,6.3,2570900
2014-05-27,6.3,6.3,6.18,6.19,2406442
2014-05-28,6.14,6.19,6.08,6.13,2390535
2014-05-29,6.13,6.21,6.1,6.19,3641265
2014-05-30,6.19,6.21,6.08,6.15,3134434
2014-06-03,6.16,6.77,6.16,6.77,21523128
2014-06-04,6.99,7.45,6.83,7.45,43997476
2014-06-05,7.33,7.51,7.01,7.36,37703312
2014-06-06,7.2,7.26,6.94,6.94,22882972
2014-06-09,6.85,7.07,6.81,7.04,17825804
2014-06-10,6.96,7.07,6.84,7.04,13398001
2014-06-11,6.98,7.05,6.87,6.98,12900102
2014-06-12,6.95,7.14,6.91,6.97,17517908
2014-06-13,6.97,7.36,6.83,7.22,24729948
2014-06-16,7.22,7.35,7.11,7.19,18035946
2014-06-17,7.12,7.19,6.83,6.86,14758713
2014-06-18,6.88,7.04,6.79,7.02,10806953
2014-06-19,6.94,6.95,6.35,6.39,14870683
2014-06-20,6.35,6.43,6.21,6.36,7595961
2014-06-23,6.38,6.49,6.32,6.34,8027319
2014-06-24,6.34,6.41,6.29,6.38,6494298
2014-06-25,6.36,6.5,6.32,6.41,6870691
2014-06-26,6.39,6.68,6.36,6.63,11103122
2014-06-27,6.63,6.67,6.53,6.57,8642400
2014-06-30,6.53,6.66,6.51,6.59,6370167
2014-07-01,6.63,6.65,6.46,6.53,8139355
2014-07-02,6.49,6.78,6.42,6.65,11617632
2014-07-03,6.6,6.64,6.53,6.6,6906090
2014-07-04,6.61,6.65,6.55,6.55,4283956
2014-07-07,6.52,6.56,6.38,6.44,6421110
2014-07-08,6.43,6.44,6.29,6.42,4735339
2014-07-09,6.42,6.52,6.37,6.39,6362350
2014-07-10,6.4,6.46,6.37,6.41,3512208
2014-07-11,6.4,6.48,6.4,6.44,3211984
2014-07-14,6.47,6.53,6.41,6.5,4624595
2014-07-15,6.49,6.64,6.46,6.61,8253647
2014-07-16,6.6,6.8,6.56,6.6,10535379
2014-07-17,6.6,6.87,6.55,6.81,11501333
2014-07-18,6.79,6.8,6.64,6.68,7494253
2014-07-21,6.64,6.75,6.61,6.67,4342169
2014-07-22,6.68,6.85,6.67,6.76,6554565
2014-07-23,6.78,7.1,6.75,6.85,12625106
2014-07-24,6.78,6.83,6.66,6.7,7753920
2014-07-25,6.67,6.81,6.66,6.76,5023436
2014-07-28,6.77,6.88,6.74,6.86,9829432
2014-07-29,6.84,6.96,6.81,6.86,9293410
2014-07-30,6.87,7.27,6.85,7.04,17482160
2014-07-31,7.03,7.05,6.93,6.99,9356100
2014-08-01,6.95,7.03,6.8,6.81,8489671
2014-08-04,6.82,6.95,6.8,6.95,6201685
2014-08-05,6.95,7.16,6.92,7.13,10905924
2014-08-06,7.08,7.19,7.05,7.1,9506780
2014-08-07,7.13,7.26,7.05,7.07,8949486
2014-08-08,7.06,7.21,7.06,7.16,6792975
2014-08-11,7.2,7.3,7.14,7.26,10284086
2014-08-12,7.32,7.34,7.16,7.22,6404533
2014-08-13,7.27,7.27,7.09,7.17,6489448
2014-08-14,7.18,7.2,7.07,7.11,6207127
2014-08-15,7.15,7.22,7.12,7.19,5233414
2014-08-18,7.22,7.45,7.17,7.34,9569731
2014-08-19,7.31,7.88,7.15,7.51,17792368
2014-08-20,7.44,7.6,7.4,7.46,9416722
2014-08-21,7.47,7.52,7.38,7.49,6706104
2014-08-22,7.47,7.68,7.45,7.59,8209275
2014-08-25,7.61,7.83,7.45,7.45,10047138
2014-08-26,7.44,7.86,7.3,7.8,21175730
2014-08-27,7.73,8.55,7.63,8.37,25016856
2014-08-28,8.21,8.92,8.21,8.49,19737868
2014-08-29,8.35,8.68,8.14,8.45,13587526
2014-09-01,8.35,8.62,8.31,8.46,8369193
2014-09-02,8.41,8.66,8.09,8.21,39692796
2014-09-03,8.17,8.21,8.01,8.15,15149615
2014-09-04,8.14,8.21,8.11,8.18,10035168
2014-09-05,8.21,8.24,8.04,8.14,10612463
2014-09-10,8.27,8.56,8.2,8.3,23630360
2014-09-11,8.29,8.36,8.09,8.17,14544387
2014-09-12,8.11,8.25,8.08,8.2,8326030
2014-09-15,8.29,8.42,8.21,8.28,9566476
2014-09-16,8.25,8.28,7.81,7.84,11294780
2014-09-17,7.9,7.94,7.8,7.88,5816863
2014-09-18,7.91,8.06,7.89,7.98,6978942
2014-09-19,7.96,8.06,7.9,8.04,5017603
2014-09-22,8.05,8.38,7.88,8.13,11491782
2014-09-23,8.16,8.45,8.08,8.33,11866135
2014-09-24,8.3,8.36,8.19,8.28,10982308
2014-09-25,8.23,8.3,8.12,8.16,11030533
2014-09-26,8.13,8.14,8.03,8.07,5919082
2014-09-29,8.04,8.11,7.85,7.9,15231397
2014-09-30,7.89,7.99,7.89,7.95,7354240
2014-10-08,7.96,8.07,7.95,8.03,7274269
2014-10-09,8.02,8.07,7.93,8.0,9611510
2014-10-10,7.98,8.2,7.94,8.19,14197219
2014-10-13,8.15,8.28,8.11,8.28,12558302
2014-10-14,8.31,8.35,7.99,8.02,13584779
2014-10-15,8.0,8.8,7.86,8.57,20664220
2014-10-16,8.41,8.67,7.93,7.96,46176288
2014-10-17,7.88,7.91,7.41,7.54,18447888
2014-10-20,7.54,7.65,7.51,7.61,8157614
2014-10-21,7.6,7.62,7.46,7.47,8587061
2014-10-22,7.47,7.73,7.32,7.35,22566640
2014-10-23,7.34,7.43,6.97,6.98,25273132
2014-10-24,6.98,7.07,6.95,6.98,7306978
2014-10-27,6.99,7.01,6.85,6.93,7943449
2014-10-28,6.96,7.14,6.93,7.13,10627505
2014-10-29,7.15,7.26,7.13,7.22,10947528
2014-10-30,7.24,7.32,7.18,7.23,10567114
2014-10-31,7.25,7.3,7.16,7.29,10977389
2014-11-03,7.32,7.5,7.28,7.38,15618504
2014-11-04,7.38,7.49,7.32,7.38,10089766
2014-11-05,7.36,7.46,7.3,7.41,9387743
2014-11-06,7.41,7.55,7.38,7.51,10828934
2014-11-07,7.53,7.72,7.43,7.57,19207488
2014-11-10,7.51,7.87,7.36,7.48,43126136
2014-11-11,7.46,7.56,7.08,7.13,23257042
2014-11-12,7.04,7.22,7.04,7.2,9379086
2014-11-13,7.21,7.23,7.06,7.12,9917689
2014-11-14,7.11,7.18,7.06,7.15,7507628
2014-11-17,7.15,7.22,7.11,7.19,7048539
2014-11-18,7.19,7.23,7.16,7.21,7946741
2014-11-19,7.2,7.24,7.13,7.2,8879676
2014-11-20,7.22,7.25,7.16,7.19,6662896
2014-11-21,7.19,7.23,7.16,7.21,7353319
2014-11-24,7.25,7.36,7.23,7.32,15488062
2014-11-25,7.33,7.43,7.28,7.4,12629787
2014-11-26,7.41,7.48,7.36,7.43,13882408
2014-11-27,7.45,7.52,7.38,7.41,15743791
2014-11-28,7.41,7.67,7.38,7.64,30511590
2014-12-01,7.67,7.68,7.38,7.45,24183412
2014-12-02,7.44,7.55,7.44,7.52,13887550
2014-12-03,7.56,7.74,7.49,7.74,26581972
2014-12-04,7.82,8.04,7.72,7.96,37126480
2014-12-05,7.9,7.98,7.4,7.64,32358728
2014-12-08,7.63,7.75,7.49,7.66,19282214
2014-12-09,7.64,7.67,7.19,7.24,25709180
2014-12-10,7.26,7.47,7.2,7.46,12514110
2014-12-11,7.4,7.68,7.39,7.68,17609066
2014-12-12,7.68,7.77,7.62,7.72,16296293
2014-12-15,7.76,8.02,7.65,7.96,26681278
2014-12-16,7.89,8.03,7.81,7.9,18175450
2014-12-17,7.94,7.95,7.61,7.72,18099296
2014-12-18,7.7,8.0,7.67,7.98,20889642
2014-12-19,7.99,8.25,7.81,8.1,26878978
2014-12-22,8.11,8.14,7.71,8.05,24501108
2014-12-23,8.0,8.5,7.85,8.26,39418216
2014-12-24,8.19,8.82,8.17,8.7,43549820
2014-12-25,8.6,8.98,8.5,8.73,37678016
2014-12-26,8.73,8.8,8.51,8.69,21627532
2014-12-29,8.7,9.5,8.7,9.4,38123408
2014-12-30,9.3,9.36,9.05,9.07,23339288
2014-12-31,9.1,9.18,8.83,9.03,14784971
2015-01-05,9.04,9.6,8.75,9.43,27740614
2015-01-06,9.35,9.64,9.1,9.14,20913498
2015-01-07,9.08,9.16,8.86,8.99,18018656
2015-01-08,8.99,9.0,8.65,8.67,19582926
2015-01-09,8.58,8.85,8.58,8.6,13171193
2015-01-12,8.63,8.85,8.38,8.42,15698478
2015-01-13,8.43,8.54,8.3,8.49,11323945
2015-01-14,8.5,8.57,8.34,8.4,9218360
2015-01-15,8.42,8.57,8.4,8.53,8915386
2015-01-16,8.53,9.31,8.53,8.97,23378842
2015-01-19,8.7,9.38,8.41,8.61,28467752
2015-01-20,8.63,8.97,8.63,8.91,15824321
2015-01-21,8.91,9.21,8.85,9.11,19312272
2015-01-22,9.11,9.25,8.97,9.12,15665627
2015-01-23,9.13,9.3,9.01,9.06,18700028
2015-01-26,9.05,9.15,8.8,9.14,15320182
2015-01-27,9.1,9.27,8.95,9.04,14464237
2015-01-28,9.04,9.09,8.74,8.79,13064290
2015-01-29,8.7,8.86,8.61,8.7,11041721
2015-01-30,8.72,8.85,8.63,8.78,10721126
2015-02-02,8.4,8.93,8.25,8.83,17865962
2015-02-03,8.82,9.66,8.82,9.37,36259520
2015-02-04,9.58,10.2,9.46,9.47,30152416
2015-02-05,9.47,9.9,9.28,9.3,21713222
2015-02-06,9.3,9.75,9.25,9.55,15981669
2015-02-09,9.44,10.19,9.37,9.89,20909688
2015-02-10,9.83,10.08,9.53,9.69,13182831
2015-02-11,9.69,9.71,9.3,9.64,11660487
2015-02-12,9.53,9.66,9.37,9.58,11381275
2015-02-13,9.68,9.75,9.52,9.52,10600518
2015-02-16,9.56,9.99,9.37,9.88,19841112
2015-02-17,9.89,10.3,9.81,10.22,18678984
2015-02-25,10.22,10.58,9.97,10.3,15460255
2015-02-26,10.3,10.6,10.23,10.45,13328395
2015-02-27,10.35,10.96,10.16,10.84,18984824
2015-03-02,11.24,11.36,10.64,10.84,19391060
2015-03-03,10.76,11.08,10.67,10.94,14380738
2015-03-04,10.89,11.28,10.78,11.09,12480813
2015-03-05,10.96,10.99,10.54,10.59,15300425
2015-03-06,10.57,10.76,10.2,10.26,14302990
2015-03-09,10.18,10.42,9.98,10.34,12765172
2015-03-10,10.34,10.51,10.22,10.31,9070612
2015-03-11,10.23,10.46,10.13,10.15,9218335
2015-03-12,10.13,10.39,10.02,10.36,9669847
2015-03-13,10.45,10.46,10.18,10.25,9148650
2015-03-16,10.21,10.41,10.07,10.38,18850318
2015-03-17,10.36,10.82,10.26,10.75,25415148
2015-03-18,10.69,10.85,10.66,10.76,17923664
2015-03-19,10.81,11.18,10.61,11.02,26226736
2015-03-20,10.98,11.06,10.7,10.83,17397868
2015-03-23,10.9,11.2,10.79,10.92,16101435
2015-03-24,10.9,10.92,10.27,10.49,28581820
2015-03-25,10.45,10.45,10.19,10.28,18129600
2015-03-26,10.2,10.55,10.19,10.42,13347941
2015-03-27,10.47,10.52,10.3,10.43,12711352
2015-03-30,10.44,10.8,10.43,10.7,18571588
2015-03-31,10.72,10.96,10.6,10.94,21786492
2015-04-01,10.95,11.06,10.82,11.0,29790404
2015-04-02,11.07,11.5,11.02,11.45,36053516
2015-04-03,11.4,12.1,11.25,12.02,34402260
2015-04-07,12.8,13.22,12.5,12.79,45507108
2015-04-08,12.9,13.8,12.2,13.39,44267292
2015-04-09,13.29,13.33,12.5,13.07,26095658
2015-04-10,13.1,13.54,12.9,13.31,29910114
2015-04-13,13.5,13.83,13.27,13.29,27907976
2015-04-14,13.28,13.28,12.78,12.89,23573924
2015-04-15,12.95,14.18,12.95,13.3,31105046
2015-04-16,13.3,14.1,12.96,13.85,27597220
2015-04-17,13.95,14.31,13.61,13.82,36518960
2015-04-20,13.75,13.78,13.08,13.2,23732486
2015-04-21,13.26,14.0,13.1,13.99,25086432
2015-04-22,14.2,14.6,13.92,14.26,28818166
2015-04-23,14.35,14.51,14.1,14.19,21132572
2015-04-24,14.15,14.74,13.91,14.63,26223440
2015-04-27,14.66,15.83,14.66,15.34,35147560
2015-04-28,15.0,15.56,14.25,14.7,27949958
2015-04-29,14.5,15.05,14.31,14.98,14772176
2015-04-30,14.9,15.01,14.61,14.71,14593217
2015-05-04,14.54,14.7,13.85,14.3,25829456
2015-05-05,15.48,15.48,13.73,13.81,19253688
2015-05-06,14.0,14.13,12.98,13.05,17988112
2015-05-07,12.97,13.9,12.35,13.38,22769728
2015-05-08,13.38,13.57,13.21,13.51,14354092
2015-05-11,13.51,13.83,13.4,13.74,15332182
2015-05-12,14.1,14.3,13.81,14.02,17031692
2015-05-13,14.1,14.41,13.72,14.25,19938132
2015-05-14,14.2,14.39,13.85,14.0,17725656
2015-05-15,13.89,13.89,13.19,13.21,16819696
2015-05-18,13.15,13.15,12.81,13.0,15989697
2015-05-19,12.96,13.35,12.95,13.31,13003882
2015-05-20,13.26,13.77,13.21,13.36,18937324
2015-05-21,13.36,13.95,13.36,13.85,20191984
2015-05-22,14.1,14.54,13.96,14.33,24762340
2015-05-25,14.45,15.19,14.3,15.04,26166906
2015-05-26,15.28,15.75,14.85,15.57,27610776
2015-05-27,15.5,15.75,14.88,15.67,29706118
2015-05-28,15.64,16.29,14.26,14.95,31445380
2015-05-29,14.78,15.19,13.89,15.0,28555748
2015-06-01,15.2,16.5,15.15,16.5,34258704
2015-06-02,16.85,17.85,16.6,17.6,35916852
2015-06-03,17.49,18.89,17.16,18.14,28496736
2015-06-04,18.18,19.22,17.2,18.9,29836584
2015-06-05,18.94,19.61,18.19,18.48,30349348
2015-06-08,18.4,18.4,17.31,17.73,25172184
2015-06-09,17.65,18.48,17.3,18.18,20037112
2015-06-10,17.9,18.49,17.55,18.1,14936813
2015-06-11,18.0,18.1,17.45,17.92,16836394
2015-06-12,18.05,18.79,18.05,18.51,22359684
2015-06-15,18.8,18.9,17.41,17.56,21977820
2015-06-16,17.18,17.86,16.75,16.91,16336161
2015-06-17,16.71,17.75,16.49,17.41,15295972
2015-06-18,17.29,17.76,16.8,16.85,11119723
2015-06-19,16.3,16.5,15.17,15.17,22393788
2015-06-23,15.17,15.45,13.65,15.06,18414952
2015-06-24,15.19,15.57,14.75,15.39,17215748
2015-06-25,15.4,15.43,14.0,14.35,18062388
2015-06-26,13.5,13.95,12.92,12.92,19563564
2015-06-29,13.41,13.41,11.63,11.63,25321216
2015-06-30,11.6,12.79,10.53,12.76,26745628
2015-07-01,12.76,13.48,11.85,12.02,22418284
2015-07-02,12.02,12.5,10.82,10.91,18802572
2015-07-03,10.5,11.6,9.82,10.08,26874376
2015-07-06,11.08,11.08,9.16,10.14,29814054
2015-07-07,9.61,9.98,9.13,9.13,14462847
2015-07-08,8.22,9.7,8.22,9.03,58219772
2015-07-09,9.1,9.93,9.03,9.93,16286001
2015-07-10,10.25,10.92,10.07,10.92,14393027
2015-07-13,11.55,12.01,11.17,12.01,28333480
2015-07-14,11.55,12.37,11.17,11.38,33654980
2015-07-15,10.9,11.2,10.24,10.24,17544764
2015-07-16,10.24,10.89,9.34,10.64,17748470
2015-07-17,10.68,11.55,10.64,11.29,13769762
2015-07-20,11.22,11.6,10.91,11.25,14634846
2015-07-21,11.08,12.0,10.85,12.0,20643402
2015-07-22,11.95,12.15,11.39,11.86,19605684
2015-07-23,11.71,12.45,11.65,12.38,22288580
2015-07-24,12.35,12.37,11.68,11.88,24796624
2015-07-27,11.44,11.88,10.69,10.69,17518488
2015-07-28,10.37,10.98,9.62,10.52,22997656
2015-07-29,10.66,11.05,10.3,11.03,12163975
2015-07-30,10.9,11.16,10.4,10.42,12554500
2015-07-31,10.27,10.64,10.27,10.5,7998502
2015-08-06,10.79,11.35,10.51,10.96,17501568
2015-08-07,10.97,11.29,10.82,11.29,15955043
2015-08-10,11.32,11.9,11.24,11.75,17132072
2015-08-11,11.62,12.32,11.46,11.82,23174000
2015-08-12,11.6,12.12,11.57,11.65,14541915
2015-08-13,11.88,12.16,11.6,11.92,15224948
2015-08-14,11.91,12.22,11.85,11.98,17120544
2015-08-17,11.8,11.91,11.51,11.91,13793873
2015-08-18,11.9,12.0,10.72,10.72,16012519
2015-08-19,10.26,10.9,9.8,10.81,13804822
2015-08-20,10.77,10.8,10.18,10.27,9241950
2015-08-21,9.98,10.25,9.3,9.31,9907051
2015-08-24,8.9,8.99,8.38,8.38,7507577
2015-08-25,7.54,7.87,7.54,7.55,18466500
2015-08-26,7.71,7.97,7.15,7.54,10436421
2015-08-27,7.7,7.9,7.44,7.9,9244813
2015-08-28,8.17,8.47,8.03,8.47,12768096
2015-08-31,8.49,8.84,8.2,8.45,10988332
2015-09-01,8.37,8.37,7.62,7.73,8942528
2015-09-02,7.5,7.91,7.21,7.32,7454367
2015-09-07,7.53,7.85,7.35,7.42,6038307
2015-09-08,7.39,7.97,7.33,7.9,6417976
2015-09-09,7.99,8.28,7.89,8.2,9684913
2015-09-10,8.08,8.22,7.91,7.97,6609261
2015-09-11,7.98,8.18,7.82,8.05,5543012
2015-09-14,8.06,8.15,7.25,7.26,8234740
2015-09-15,7.16,7.2,6.79,6.86,5877828
2015-09-16,6.85,7.55,6.85,7.45,7556337
2015-09-17,7.31,7.97,7.31,7.33,9400618
2015-09-18,7.44,7.55,7.2,7.45,5495447
2015-09-21,7.3,7.7,7.18,7.64,5957526
2015-09-22,7.6,7.92,7.57,7.79,7532854
2015-09-23,7.53,7.7,7.48,7.55,6184942
2015-09-24,7.55,7.72,7.54,7.7,5801571
2015-09-25,7.68,7.71,7.12,7.26,5919648
2015-09-28,7.21,7.48,7.16,7.42,3419373
2015-09-29,7.3,7.3,7.09,7.16,5183457
2015-09-30,7.18,7.31,7.15,7.23,3218488
2015-10-08,7.49,7.69,7.47,7.54,6229734
2015-10-09,7.52,7.89,7.51,7.8,10375487
2015-10-12,7.84,8.53,7.76,8.35,12712165
2015-10-13,8.25,8.81,8.16,8.73,15220924
2015-10-14,8.73,8.82,8.3,8.51,14281247
2015-10-15,8.33,8.65,8.25,8.63,17331090
2015-10-16,8.63,8.85,8.47,8.66,16659242
2015-10-19,8.61,8.68,8.31,8.43,11531225
2015-10-20,8.44,8.58,8.3,8.56,11337855
2015-10-21,8.53,8.64,7.71,7.79,14158927
2015-10-22,7.79,8.02,7.72,7.97,9507820
2015-10-23,7.99,8.39,7.95,8.31,13206801
2015-10-26,8.45,8.7,8.35,8.57,12164386
2015-10-27,8.5,8.69,8.12,8.63,11101999
2015-10-28,8.58,8.72,8.43,8.48,11832929
2015-10-29,8.56,8.85,8.53,8.69,12511320
2015-10-30,8.68,8.78,8.43,8.59,10258136
2015-11-02,8.48,9.28,8.31,9.01,19256540
2015-11-03,8.82,9.37,8.82,9.14,18876706
2015-11-04,9.46,9.87,9.41,9.64,19624892
2015-11-05,9.67,9.88,9.41,9.51,15502912
2015-11-11,10.46,10.46,9.91,10.46,34912752
2015-11-12,10.3,10.37,10.0,10.0,19878656
2015-11-13,10.02,10.35,9.9,10.01,13919788
2015-11-16,9.78,10.26,9.56,10.18,11755958
2015-11-17,10.19,10.74,10.01,10.32,19768796
2015-11-18,10.32,10.5,9.98,10.05,10666018
2015-11-19,10.01,10.1,9.87,10.08,8716301
2015-11-20,10.18,11.09,10.12,11.09,27366094
2015-11-23,11.33,12.2,11.28,11.65,29538076
2015-11-24,11.66,12.18,11.47,12.03,17782376
2015-11-25,12.03,12.56,11.9,12.08,19989544
2015-11-26,12.08,12.25,11.6,11.98,18346908
2015-11-27,11.6,11.6,10.78,10.78,24006588
2015-11-30,10.46,10.69,9.72,10.44,16622748
2015-12-01,10.35,10.67,10.13,10.41,10342634
2015-12-02,10.36,10.98,10.36,10.71,13901502
2015-12-03,10.6,10.91,10.6,10.83,6322893
2015-12-04,10.88,10.88,10.46,10.52,6367152
2015-12-07,10.74,11.46,10.62,10.98,15623203
2015-12-08,10.81,10.91,10.55,10.66,7471492
2015-12-09,10.6,10.87,10.54,10.6,5143099
2015-12-10,10.6,10.86,10.41,10.45,5337555
2015-12-11,10.36,10.37,9.98,10.04,7351489
2015-12-14,9.71,10.69,9.71,10.69,8743017
2015-12-15,10.71,11.1,10.62,10.64,7031495
2015-12-16,10.66,11.39,10.66,11.02,12603815
2015-12-17,10.96,11.29,10.91,11.06,13849063
2015-12-18,11.01,11.28,10.91,11.13,11084569
2015-12-21,11.08,11.2,10.81,11.2,13862205
2015-12-22,11.23,11.4,11.1,11.36,16494121
2015-12-23,11.34,11.41,11.0,11.06,8797323
2015-12-24,11.06,12.17,11.05,11.67,21415668
2015-12-25,11.78,12.05,11.5,11.85,14392437
2015-12-28,11.84,11.84,11.25,11.26,11992073
2015-12-29,11.13,11.4,10.78,11.25,9274088
2015-12-30,11.1,11.47,11.03,11.41,7205250
2015-12-31,11.35,11.4,11.08,11.11,7022459
2016-01-04,11.04,11.08,10.02,10.05,7059177
2016-01-05,9.75,10.5,9.65,10.25,6551355
2016-01-06,10.24,10.75,10.24,10.74,6841475
2016-01-07,10.53,10.55,9.76,9.81,1629036
2016-01-08,10.29,10.41,9.69,10.25,7625465
2016-01-11,10.25,10.48,9.86,10.0,5761280
2016-01-12,9.91,10.1,9.35,9.42,5730611
2016-01-13,9.48,9.54,8.48,8.48,8999855
2016-01-14,8.14,9.0,7.75,9.0,11268255
2016-01-15,8.84,9.18,8.47,8.95,7657045
2016-01-18,8.8,9.13,8.51,8.91,5236106
2016-01-19,8.98,9.35,8.71,9.29,7953470
2016-01-20,9.2,9.32,8.78,8.91,9672416
2016-01-21,8.73,8.97,8.61,8.61,5518734
2016-01-22,8.78,8.9,8.48,8.77,7976672
2016-01-25,8.95,9.65,8.9,9.48,13319599
2016-01-26,9.2,9.33,8.6,8.71,7142021
2016-01-27,8.74,8.89,8.03,8.82,5584310
2016-01-28,8.74,9.27,8.62,8.73,6666936
2016-01-29,8.88,9.4,8.77,9.22,10317741
2016-02-01,9.22,9.4,9.11,9.19,4489894
2016-02-02,9.1,9.6,9.03,9.51,6008014
2016-02-03,9.3,9.53,9.18,9.5,4068803
2016-02-04,9.78,10.45,9.78,10.04,15899531
2016-02-05,9.88,10.24,9.77,10.13,8636767
2016-02-15,9.8,10.46,9.79,10.38,7749354
2016-02-16,10.33,11.42,10.28,11.13,11205995
2016-02-17,11.03,11.22,10.67,11.05,8605543
2016-02-18,11.35,12.16,10.68,10.75,17065508
2016-02-19,10.65,11.13,10.46,10.97,9680044
2016-02-22,11.21,11.26,10.68,11.0,8382411
2016-02-23,11.1,12.1,11.1,11.88,24948254
2016-02-24,11.5,12.33,11.4,12.2,17946850
2016-02-25,12.38,12.38,10.98,10.98,13010822
2016-02-26,10.99,12.08,10.99,11.95,14438491
2016-02-29,11.75,13.03,11.0,12.43,20975276
2016-03-01,12.5,13.3,12.03,12.32,23811164
2016-03-02,12.13,13.33,12.13,13.22,22055200
2016-03-03,13.01,13.47,12.81,12.99,16745429
2016-03-04,13.25,13.39,12.21,12.37,14378021
2016-03-07,12.9,13.45,12.75,12.86,9518876
2016-03-08,13.07,13.5,12.98,13.25,16523416
2016-03-09,12.58,12.6,11.93,11.93,20464462
2016-03-10,11.99,12.11,11.0,11.27,15329150
2016-03-11,11.27,11.32,10.84,11.11,11838528
2016-03-14,11.36,11.67,11.11,11.14,16492718
2016-03-15,11.0,11.54,10.72,11.3,14340478
2016-03-16,11.22,11.27,10.7,10.85,10883219
2016-03-17,11.1,11.56,11.1,11.37,16464945
2016-03-18,11.6,12.21,11.6,11.78,21258864
2016-03-21,11.98,11.98,11.53,11.82,13998134
2016-03-22,11.78,12.15,11.6,12.03,11538126
2016-03-23,11.95,12.18,11.7,11.86,8240925
2016-03-24,11.55,11.55,10.96,11.06,20501572
2016-03-25,10.99,11.14,10.85,11.09,9394626
2016-03-28,11.16,11.33,10.92,10.97,8626251
2016-03-29,10.8,10.86,10.49,10.71,8097139
2016-03-30,10.83,11.45,10.76,11.32,14716832
2016-03-31,11.39,11.52,11.24,11.38,9988331
2016-04-01,11.91,12.1,11.55,11.92,17113636
2016-04-05,11.71,12.05,11.51,11.96,14382302
2016-04-06,11.8,12.18,11.6,12.0,11707823
2016-04-07,12.2,12.39,11.58,11.65,13777467
2016-04-08,11.51,11.53,11.12,11.22,7335034
2016-04-11,11.4,11.83,11.39,11.7,9632883
2016-04-12,11.78,11.79,11.3,11.55,6693301
2016-04-13,11.96,12.71,11.96,12.71,35911520
2016-04-14,12.66,12.84,12.25,12.53,17250312
2016-04-15,12.58,12.58,12.22,12.53,11575664
2016-04-18,12.2,12.21,11.65,11.87,19432934
2016-04-19,11.94,12.25,11.75,11.89,8904087
2016-04-20,12.08,12.33,11.02,11.27,23007236
2016-04-21,11.5,11.85,11.28,11.8,14389557
2016-04-22,11.45,11.71,11.28,11.48,11012024
2016-04-25,11.6,11.9,11.4,11.89,11617926
2016-04-26,11.93,12.23,11.8,12.22,15618711
2016-04-27,12.24,12.27,11.9,11.91,10986280
2016-04-28,11.95,12.3,11.56,11.67,23028752
2016-04-29,11.42,11.7,11.41,11.44,9792488
2016-05-03,11.44,11.79,11.2,11.74,10388750
2016-05-04,11.74,11.93,11.62,11.86,11211343
2016-05-05,11.82,11.88,11.53,11.78,7940096
2016-05-06,11.8,11.83,11.21,11.25,11593462
2016-05-09,11.1,11.11,10.19,10.31,16377188
2016-05-10,10.35,10.47,9.96,10.29,12252960
2016-05-11,10.39,10.48,9.93,9.98,11470815
2016-05-12,9.95,10.32,9.6,10.07,11748407
2016-05-13,10.0,10.14,9.82,9.87,7026900
2016-05-16,9.8,10.16,9.68,10.13,10336418
2016-05-17,10.2,10.64,10.2,10.42,15582713
2016-05-18,10.35,10.35,9.9,10.07,8520813
2016-05-19,10.05,10.23,9.96,10.0,6325951
2016-05-20,9.9,10.16,9.81,10.1,4406249
2016-05-23,10.1,10.3,10.01,10.12,7748937
2016-05-24,10.1,10.1,9.62,9.71,14750450
2016-05-25,9.83,10.02,9.62,9.77,11823303
2016-05-26,9.77,9.93,9.58,9.93,8112921
2016-05-27,9.89,9.96,9.61,9.69,13163283
2016-05-30,9.62,9.62,9.31,9.47,13174970
2016-05-31,9.53,9.81,9.5,9.79,13358542
2016-06-01,9.83,9.95,9.71,9.81,13333779
2016-06-02,9.81,9.95,9.73,9.93,10263556
2016-06-03,9.9,9.92,9.79,9.87,10669780
2016-06-06,9.9,9.94,9.78,9.82,9815505
2016-06-07,9.85,9.87,9.65,9.67,10796846
2016-06-08,9.71,9.77,9.66,9.71,6792719
2016-06-13,9.52,9.6,9.2,9.2,8817655
2016-06-14,9.1,9.26,9.03,9.23,6247337
2016-06-15,9.11,9.53,9.05,9.44,7942109
2016-06-16,9.45,9.5,9.28,9.37,8228332
2016-06-17,9.38,9.46,9.31,9.35,5919758
2016-06-20,9.41,9.55,9.34,9.44,6996539
2016-06-21,9.47,9.55,9.22,9.28,9672161
2016-06-22,9.26,9.7,9.23,9.7,12853529
2016-06-23,9.65,9.83,9.62,9.69,7987293
2016-06-24,9.62,9.82,9.18,9.68,11416555
2016-06-27,9.6,9.82,9.53,9.75,12246894
2016-06-28,9.75,9.95,9.67,9.92,13412901
2016-06-29,9.99,9.99,9.82,9.86,7117470
2016-06-30,9.91,9.93,9.78,9.87,6293787
2016-07-01,9.86,9.88,9.76,9.77,5328035
2016-07-04,9.71,10.2,9.7,10.07,14171803
2016-07-05,10.1,10.49,10.1,10.2,13503052
2016-07-06,10.11,10.25,9.97,10.2,8900160
2016-07-07,10.44,10.55,10.16,10.38,12638288
2016-07-08,10.28,10.45,10.25,10.34,6598944
2016-07-11,10.47,10.52,10.28,10.4,8287300
2016-07-12,10.4,10.5,10.2,10.5,8205258
2016-07-13,10.58,11.22,10.55,10.72,17154392
2016-07-14,10.75,11.25,10.69,11.25,18950477
2016-07-15,11.3,11.33,10.96,11.03,9707890
2016-07-18,10.96,11.1,10.73,10.81,8366851
2016-07-19,10.79,10.8,10.51,10.69,9540977
2016-07-20,10.71,10.98,10.71,10.76,8351774
2016-07-21,10.75,10.85,10.57,10.72,10312582
2016-07-22,10.85,11.1,10.8,10.84,14040516
2016-07-25,10.8,10.83,10.51,10.58,10606211
2016-07-26,10.56,10.75,10.55,10.67,8495616
2016-07-27,10.69,10.84,10.0,10.26,14285214
2016-07-28,10.16,10.6,10.16,10.5,9052470
2016-07-29,10.58,10.64,10.29,10.36,7388792
2016-08-01,10.31,10.65,10.04,10.6,9531127
2016-08-02,10.6,10.9,10.5,10.87,11106540
2016-08-03,10.77,10.93,10.71,10.85,8247091
2016-08-04,10.85,10.99,10.64,10.8,9040362
2016-08-05,10.8,10.82,10.52,10.71,9229041
2016-08-08,10.67,10.73,10.52,10.73,5729098
2016-08-09,10.72,10.89,10.64,10.84,10356154
2016-08-10,10.86,11.16,10.86,10.97,13038262
2016-08-11,10.97,11.0,10.75,10.78,8382330
2016-08-12,10.85,10.98,10.69,10.92,5631381
2016-08-15,10.93,11.5,10.93,11.29,18553247
2016-08-16,11.3,11.45,11.17,11.34,9332641
2016-08-17,11.35,11.47,11.26,11.3,6964657
2016-08-18,11.38,11.4,11.17,11.18,6539842
2016-08-19,11.2,11.26,11.04,11.22,7683678
2016-08-22,11.19,11.24,10.88,10.9,9268602
2016-08-23,10.9,11.05,10.81,11.05,6125097
2016-08-24,11.0,11.26,10.96,11.23,6763036
2016-08-25,11.1,11.47,11.04,11.27,18132790
2016-08-26,11.28,11.68,11.18,11.57,19547902
2016-08-29,11.51,11.8,11.41,11.65,12171178
2016-08-30,11.6,11.68,11.43,11.54,6884031
2016-08-31,11.54,11.56,11.33,11.54,7035072
2016-09-01,11.56,11.74,11.47,11.55,8737530
2016-09-02,11.5,11.65,11.24,11.38,8860501
2016-09-05,11.42,11.54,11.28,11.48,6816497
2016-09-06,11.46,11.7,11.34,11.7,9095675
2016-09-07,11.7,12.1,11.62,12.08,18598952
2016-09-08,11.96,12.05,11.85,12.0,7968168
2016-09-09,11.95,12.35,11.86,12.19,13699592
2016-09-12,11.95,12.35,11.86,12.2,14865867
2016-09-13,12.19,12.34,11.97,12.09,8762398
2016-09-14,12.06,12.08,11.81,11.99,8292702
2016-09-19,11.91,12.04,11.8,12.02,5827551
2016-09-20,11.96,12.09,11.88,11.91,4430152
2016-09-21,11.96,12.02,11.81,11.87,6808714
2016-09-22,11.96,12.01,11.82,11.85,4482118
2016-09-23,11.89,11.96,11.82,11.87,4723964
2016-09-26,11.87,11.97,11.48,11.68,9379024
2016-09-27,11.57,11.77,11.52,11.74,4936707
2016-09-28,11.7,11.85,11.65,11.69,3797470
2016-09-29,11.8,12.15,11.76,12.0,10347466
2016-09-30,12.03,12.05,11.9,12.01,4814440
2016-10-10,12.22,12.34,12.08,12.13,6311326
2016-10-11,12.2,12.3,12.06,12.23,5949041
2016-10-12,12.15,12.19,12.0,12.02,5478374
2016-10-13,12.04,12.14,11.99,12.01,4114800
2016-10-14,12.07,12.08,11.93,12.06,4249488
2016-10-17,12.1,12.16,11.7,11.78,9049325
2016-10-18,11.87,12.09,11.76,12.05,6204342
2016-10-19,12.05,12.15,11.88,11.97,6868897
2016-10-20,12.0,12.3,11.99,12.25,11196015
2016-10-21,12.23,12.3,12.03,12.25,8089275
2016-10-24,12.21,12.63,12.17,12.48,14140121
2016-10-25,12.52,12.79,12.41,12.7,11730892
2016-10-26,12.74,12.75,12.42,12.47,8344922
2016-10-27,12.46,12.49,12.32,12.35,3776268
2016-10-28,12.36,12.56,12.28,12.34,4657712
2016-10-31,12.4,12.55,12.25,12.55,5108338
2016-11-01,12.48,12.7,12.41,12.52,4804358
2016-11-02,12.5,12.55,12.28,12.35,5803880
2016-11-03,12.31,12.44,12.27,12.34,3756448
2016-11-04,12.35,12.39,12.08,12.15,5354135
2016-11-07,12.14,12.33,12.12,12.31,3970513
2016-11-08,12.34,12.45,12.26,12.27,3301565
2016-11-09,12.31,12.32,11.92,12.1,6806047
2016-11-10,12.16,12.32,12.16,12.32,4590259
2016-11-11,12.45,13.55,12.45,13.55,34786806
2016-11-14,13.0,13.37,12.83,13.18,22693612
2016-11-15,13.02,13.12,12.92,13.11,7600504
2016-11-16,13.18,13.35,12.78,12.81,10474478
2016-11-17,12.64,12.92,12.64,12.83,4294016
2016-11-18,12.75,12.96,12.73,12.89,4218454
2016-11-21,12.84,13.36,12.78,13.23,10255044
2016-11-22,13.36,13.51,13.06,13.35,9060692
2016-11-23,13.27,13.6,13.27,13.58,9739622
2016-11-24,13.58,14.07,13.51,13.93,14151414
2016-11-25,13.78,13.92,13.35,13.79,8474951
2016-11-28,13.69,13.95,13.47,13.79,6600168
2016-11-29,13.76,13.92,13.58,13.58,5112640
2016-11-30,13.5,13.6,13.1,13.32,6791094
2016-12-01,13.54,14.1,13.54,13.91,11732660
2016-12-02,13.88,14.4,13.71,13.81,11114116
2016-12-05,13.58,14.19,13.4,14.04,8252235
2016-12-06,13.99,14.7,13.95,14.43,11072245
2016-12-07,14.4,14.4,14.16,14.35,7460795
2016-12-08,14.35,14.37,13.96,14.24,5439183
2016-12-09,14.23,14.92,14.03,14.81,10383219
2016-12-12,15.05,15.44,14.46,14.69,14594118
2016-12-13,14.58,15.53,14.33,15.47,13259044
2016-12-14,15.34,15.95,15.16,15.25,14250439
2016-12-15,15.0,15.4,14.67,15.12,12490972
2016-12-16,15.1,15.16,14.76,14.76,9738106
2016-12-19,14.61,15.03,14.18,14.7,10523628
2016-12-20,14.55,14.73,13.99,14.0,9522033
2016-12-21,14.0,14.76,14.0,14.6,9908797
2016-12-22,14.75,14.99,14.38,14.61,9382131
2016-12-23,14.58,14.74,14.43,14.45,5737540
2016-12-26,14.46,14.95,14.15,14.94,8519021
2016-12-27,15.0,15.16,14.92,15.12,6876177
2016-12-28,15.21,15.51,14.85,14.97,7697531
2016-12-29,14.78,15.13,14.74,14.9,4739193
2016-12-30,15.47,15.47,14.77,15.03,4662923
2017-01-03,14.98,15.2,14.82,15.11,3721714
2017-01-04,14.99,15.62,14.87,15.47,8578808
2017-01-05,15.63,15.9,15.32,15.47,7273974
2017-01-06,15.38,15.6,15.09,15.17,5053452
2017-01-09,15.15,15.56,15.14,15.56,4737073
2017-01-10,15.53,15.53,14.93,15.0,7015699
2017-01-11,14.91,14.91,14.1,14.23,11201723
2017-01-12,14.31,14.85,14.21,14.55,7996531
2017-01-13,14.5,14.54,14.2,14.25,3603687
2017-01-16,14.05,14.19,12.98,14.1,6663804
2017-01-17,13.99,14.06,13.41,13.86,6206962
2017-01-18,13.99,14.13,13.89,13.95,2906375
2017-01-19,13.88,13.88,13.52,13.6,2679162
2017-01-20,13.53,14.13,13.53,13.93,3551316
2017-01-23,13.91,14.48,13.91,14.36,5764465
2017-01-24,14.34,14.55,14.24,14.47,3068658
2017-01-25,14.47,14.82,14.31,14.58,4293284
2017-01-26,14.58,14.71,14.28,14.56,4623158
2017-02-03,14.6,14.98,14.51,14.84,4586849
2017-02-06,14.84,15.22,14.84,15.15,7162087
2017-02-07,15.04,15.26,14.9,14.95,3867638
2017-02-08,14.91,15.03,14.85,14.94,3633477
2017-02-09,15.01,15.15,14.83,14.88,3403207
2017-02-10,14.96,14.96,14.7,14.85,3377278
2017-02-13,14.92,15.45,14.91,15.44,12681082
2017-02-14,15.3,15.62,15.23,15.43,8841169
2017-02-15,15.37,15.48,15.19,15.25,7304362
2017-02-16,15.37,15.46,15.11,15.41,4714959
2017-02-17,15.32,15.64,15.23,15.27,5132815
2017-02-20,15.28,15.51,15.23,15.45,5658692
2017-02-21,15.42,15.54,14.94,15.13,8612822
2017-02-22,15.12,15.42,15.09,15.3,8540446
2017-02-23,15.27,15.39,15.18,15.24,5774960
2017-02-24,15.2,15.3,15.02,15.06,5337411
2017-02-27,15.06,15.18,14.55,14.6,7030500
2017-02-28,14.62,14.93,14.62,14.89,5184375
2017-03-01,14.87,14.97,14.79,14.86,2848622
2017-03-02,14.94,14.95,14.77,14.83,2839293
2017-03-03,14.75,14.94,14.57,14.9,3989360
2017-03-06,14.89,15.12,14.71,15.0,5754765
2017-03-07,14.96,15.55,14.96,15.5,9772161
2017-03-08,15.4,15.6,15.12,15.28,6627509
2017-03-09,14.98,15.27,14.8,15.16,6677582
2017-03-10,15.08,15.33,15.0,15.13,4165101
2017-03-13,15.06,15.3,14.62,14.86,8219220
2017-03-14,14.84,15.02,14.84,14.95,1705374
2017-03-15,14.94,14.95,14.73,14.73,2188300
2017-03-16,14.87,14.96,14.82,14.95,4197919
2017-03-17,15.0,15.12,14.89,14.89,2864532
2017-03-20,14.92,15.0,14.76,15.0,2345635
2017-03-21,14.95,14.95,14.38,14.8,8000016
2017-03-22,14.6,14.66,14.03,14.21,8081309
2017-03-23,14.27,14.42,14.05,14.26,5136359
2017-03-24,14.25,14.25,13.48,13.67,13762680
2017-03-27,13.61,13.66,13.33,13.4,9258295
2017-03-28,13.45,13.65,13.38,13.51,6535683
2017-03-29,13.55,13.65,13.38,13.39,5241410
2017-03-30,13.31,13.66,13.31,13.66,5164252
2017-03-31,13.73,13.78,13.54,13.76,4245536
2017-04-05,13.77,14.13,13.75,14.05,4343990
2017-04-06,14.04,14.07,13.92,13.93,3062792
2017-04-07,13.96,14.02,13.75,13.78,3890296
2017-04-10,13.75,13.87,13.51,13.84,3097653
2017-04-11,13.82,14.02,13.73,14.0,4079676
2017-04-12,14.02,14.09,13.77,13.77,3489869
2017-04-13,13.78,14.1,13.74,14.0,3929644
2017-04-14,14.01,14.08,13.78,13.8,2023460
2017-04-17,13.79,13.79,13.25,13.37,3022027
2017-04-18,13.47,13.6,13.47,13.54,2277410
2017-04-19,13.5,13.6,13.04,13.48,3687681
2017-04-20,13.38,13.62,13.38,13.62,6585494
2017-04-21,13.53,13.73,13.47,13.49,3136804
2017-04-24,13.49,13.67,13.3,13.56,3811692
2017-04-25,13.54,13.91,13.45,13.68,3938124
2017-04-26,13.6,13.77,13.15,13.26,4968892
2017-04-27,13.25,13.33,12.6,13.3,5032873
2017-04-28,13.28,13.34,13.17,13.26,1739505
2017-05-02,13.18,13.48,13.17,13.38,3719993
2017-05-03,13.41,13.47,13.27,13.36,2289823
2017-05-04,13.35,13.45,13.21,13.37,3869047
2017-05-05,13.26,13.33,12.87,12.95,3999851
2017-05-08,12.94,13.2,12.74,12.81,2423877
2017-05-09,12.5,12.97,12.5,12.82,2754821
2017-05-10,12.81,12.92,12.55,12.55,3171836
2017-05-11,12.5,12.55,11.8,12.23,5759058
2017-05-12,12.17,12.17,11.9,12.0,2622715
2017-05-15,11.95,12.16,11.95,12.14,1947558
2017-05-16,12.15,12.95,12.1,12.9,5343847
2017-05-17,12.84,13.14,12.76,12.82,3314487
2017-05-18,12.78,13.06,12.71,12.91,4540770
2017-05-19,12.93,13.36,12.92,13.26,6293139
2017-05-22,13.27,14.16,13.27,13.67,11111513
2017-05-23,13.69,13.69,13.36,13.4,4385873
2017-05-24,13.32,13.65,13.27,13.51,5127391
2017-05-25,13.5,13.75,13.31,13.71,3904197
2017-05-26,13.5,13.92,13.5,13.61,4425110
2017-05-31,13.66,14.09,13.66,14.03,6278992
2017-06-01,13.98,14.15,13.27,13.29,9089952
2017-06-02,13.35,13.53,12.98,13.5,3582611
2017-06-05,13.45,13.58,13.34,13.34,2561398
2017-06-06,13.34,13.46,13.17,13.38,2825216
2017-06-07,13.42,13.7,13.31,13.6,3527670
2017-06-08,13.5,13.55,13.21,13.28,4202020
2017-06-09,13.28,13.34,13.09,13.17,4782893
2017-06-12,13.08,13.17,12.95,13.05,3735495
2017-06-13,13.08,13.2,12.96,13.2,3021932
2017-06-14,13.1,13.32,13.06,13.31,3927261
2017-06-15,13.21,13.4,13.2,13.24,2798839
2017-06-16,13.22,13.23,13.05,13.07,2757665
2017-06-19,13.01,13.18,13.01,13.07,2252150
2017-06-20,13.14,13.21,13.04,13.08,1830618
2017-06-21,13.0,13.55,13.0,13.54,5536773
2017-06-22,13.6,13.76,13.45,13.5,5098048
2017-06-23,13.52,13.89,13.45,13.78,4309075
2017-06-26,13.78,13.95,13.63,13.86,3327410
2017-06-27,13.83,13.94,13.66,13.81,4118715
2017-06-28,13.84,14.1,13.67,13.99,5131441
2017-06-29,13.95,14.33,13.92,14.01,3841740
2017-06-30,14.01,14.33,13.96,14.24,3800319
2017-07-03,14.25,14.9,14.22,14.89,10662922
2017-07-04,14.88,15.1,14.75,15.02,9269027
2017-07-05,14.95,15.13,14.73,15.03,7257015
2017-07-06,15.09,15.47,15.03,15.18,6174493
2017-07-07,15.11,15.7,15.05,15.7,8290295
2017-07-10,15.7,16.2,15.55,15.9,13772525
2017-07-11,15.78,16.16,15.77,16.0,10664887
2017-07-12,16.06,16.17,15.9,16.07,10297593
2017-07-13,16.06,16.26,15.9,16.15,9007908
2017-07-14,16.07,16.49,15.85,16.42,8717165
2017-07-17,16.31,16.67,15.89,16.38,12266788
2017-07-18,16.23,16.45,15.93,16.38,10069998
2017-07-19,16.28,16.45,16.06,16.42,9768262
2017-07-20,16.38,17.06,16.32,16.88,14602350
2017-07-21,16.71,17.27,16.6,16.92,19071243
2017-07-24,16.87,16.87,16.06,16.24,11927979
2017-07-25,16.24,16.35,16.08,16.3,6619854
2017-07-26,16.2,16.36,16.04,16.32,6721171
2017-07-27,16.28,16.31,15.67,15.78,7792853
2017-07-28,15.78,16.1,15.61,16.08,6705029
2017-07-31,16.14,16.95,16.13,16.8,10177288
2017-08-01,17.0,17.0,16.2,16.33,9519113
2017-08-02,16.3,16.91,16.1,16.6,8549381
2017-08-03,16.45,16.7,16.25,16.61,6557202
2017-08-04,16.66,16.87,16.4,16.4,6199698
2017-08-07,16.24,16.49,15.9,16.21,4402548
2017-08-08,16.15,16.43,15.99,16.09,4886410
2017-08-09,16.19,16.24,15.96,16.18,3090506
2017-08-10,16.09,16.19,15.62,15.8,4828365
2017-08-11,15.58,16.1,15.5,15.5,4761473
2017-08-14,15.54,15.86,15.5,15.81,2523477
2017-08-15,15.79,15.8,15.1,15.3,6143960
2017-08-16,15.28,15.55,15.28,15.4,3617191
2017-08-17,15.38,15.62,15.18,15.61,4074754
2017-08-18,15.5,15.6,15.3,15.52,3250747
2017-08-21,15.53,15.68,15.44,15.6,2276636
2017-08-22,15.6,15.67,15.35,15.38,3549861
2017-08-23,15.38,15.65,15.25,15.49,2853743
2017-08-24,15.55,15.98,15.45,15.89,5783820
2017-08-25,15.84,15.94,15.7,15.9,3881132
2017-08-28,15.92,16.32,15.82,16.01,6733756
2017-08-29,16.17,16.28,16.05,16.05,5873306
2017-08-30,16.15,16.65,16.02,16.62,9752900
2017-08-31,16.58,16.76,16.25,16.46,8017614
2017-09-01,16.57,16.79,16.37,16.72,8511736
2017-09-04,16.77,16.91,16.56,16.79,6418070
2017-09-05,16.78,16.82,16.6,16.68,6192246
2017-09-06,16.59,16.74,16.5,16.7,5566668
2017-09-07,16.6,16.89,16.38,16.54,5777524
2017-09-08,16.44,16.58,16.33,16.49,4525919
2017-09-11,16.45,16.55,16.05,16.23,5835472
2017-09-12,16.45,16.65,16.3,16.37,6655109
2017-09-13,16.55,16.63,16.31,16.63,5881839
2017-09-14,16.64,17.02,16.47,17.01,8775818
2017-09-15,17.1,17.31,16.4,16.49,8217874
2017-09-18,16.47,16.81,16.2,16.76,7356054
2017-09-19,16.7,16.81,16.15,16.23,10662248
2017-09-20,16.18,16.47,16.08,16.3,4550820
2017-09-21,16.31,16.39,16.18,16.29,2895139
2017-09-22,16.22,16.28,15.87,16.1,3637979
2017-09-25,16.09,16.33,16.02,16.15,2358134
2017-09-26,16.09,16.32,16.08,16.3,3034662
2017-09-27,16.32,16.45,16.23,16.43,2315508
2017-09-28,16.42,16.6,16.21,16.46,4328233
2017-09-29,16.41,16.6,16.3,16.4,2228375
2017-10-09,16.66,16.66,16.02,16.03,3933784
2017-10-10,16.03,16.42,16.0,16.32,4863972
2017-10-11,16.27,16.38,15.73,15.83,4887604
2017-10-12,15.7,16.0,15.7,15.85,2945660
2017-10-13,15.83,15.96,15.76,15.87,1741508
2017-10-16,15.78,15.88,15.55,15.8,3755550
2017-10-17,15.72,15.81,15.34,15.79,4775872
2017-10-18,15.76,15.76,15.24,15.51,4579953
2017-10-19,15.42,15.58,15.17,15.55,3190406
2017-10-20,15.69,15.69,15.37,15.55,2562430
2017-10-23,15.56,16.17,15.55,16.09,5271305
2017-10-24,16.04,16.31,15.96,16.27,5896268
2017-10-25,16.3,16.4,15.96,16.4,5892316
2017-10-26,16.38,16.4,15.66,15.81,8225852
2017-10-27,15.79,15.88,15.6,15.6,4548641
2017-10-30,15.59,15.6,15.0,15.44,4878844
2017-10-31,15.33,15.48,15.31,15.44,3465275
2017-11-01,15.5,15.5,15.18,15.28,6575584
2017-11-02,15.28,15.29,15.03,15.15,7885008
2017-11-03,15.14,15.14,14.84,14.84,6954031
2017-11-06,14.99,15.03,14.5,14.67,6295501
2017-11-07,14.75,15.07,14.72,14.99,7987436
2017-11-08,15.0,15.52,14.83,15.43,6956280
2017-11-09,15.42,15.55,15.26,15.35,3107667
2017-11-10,15.35,15.6,15.02,15.48,4232624
2017-11-13,15.55,15.59,15.4,15.45,4387408
2017-11-14,15.48,15.77,15.48,15.77,5049053
2017-11-15,15.56,15.66,15.3,15.43,5934156
2017-11-16,15.38,16.83,15.38,16.5,24758983
2017-11-17,16.5,17.05,16.25,16.45,17034992
2017-11-20,16.31,16.98,15.46,16.95,9806909
2017-11-21,16.84,16.94,16.34,16.72,10134032
2017-11-22,16.63,16.98,16.41,16.59,10471565
2017-11-23,16.58,16.86,16.26,16.51,9291867
2017-11-24,16.33,16.7,16.32,16.6,7911531
2017-11-27,16.58,17.44,16.45,16.7,17826893
2017-11-28,16.72,18.37,16.36,18.24,36763593
2017-11-29,18.39,19.08,18.28,18.73,38099022
2017-11-30,18.4,18.41,17.58,17.93,25229672
2017-12-01,17.8,17.97,17.46,17.84,16843198
2017-12-04,17.82,18.58,17.68,17.98,29359689
2017-12-05,18.01,18.44,17.37,17.64,18376067
2017-12-06,17.57,18.2,17.34,18.09,18827616
2017-12-07,18.02,18.03,16.54,16.59,30031747
2017-12-08,16.8,17.5,16.61,17.24,34142628
2017-12-11,16.98,17.49,16.78,17.3,28907822
2017-12-12,17.49,17.63,17.03,17.2,16301130
2017-12-13,17.2,17.99,17.12,17.85,27583962
2017-12-14,17.91,18.83,17.81,18.44,47223502
2017-12-15,18.3,18.78,18.0,18.0,29253678
2017-12-18,17.85,18.58,17.82,18.27,20570052
2017-12-19,18.36,19.62,18.23,19.3,38260265
2017-12-20,19.11,19.75,18.92,19.3,32895642
2017-12-21,19.25,19.78,18.94,19.52,20712142
2017-12-22,19.4,20.94,19.22,20.65,30112660
2017-12-25,20.51,21.14,20.19,21.0,32804636
2017-12-26,20.8,20.96,20.28,20.5,19265080
2017-12-27,20.51,21.69,20.38,21.46,25066336
2017-12-28,21.4,21.66,20.88,21.52,17042951
2017-12-29,21.36,21.89,21.13,21.57,16954669
2018-01-02,21.48,23.73,21.41,23.73,26530178
2018-01-03,24.2,24.77,23.58,24.5,22753329
2018-01-04,24.65,26.88,24.65,26.01,37054540
2018-04-03,23.41,23.41,23.41,23.41,282900
2018-04-04,21.07,22.15,21.07,21.6,86472618
2018-04-09,21.19,21.19,19.93,20.47,36055335
2018-04-10,20.65,22.2,20.63,21.92,21561658
2018-04-11,22.1,22.8,21.45,21.79,19482370
2018-04-12,21.83,22.22,21.31,21.4,11867158
2018-04-13,21.48,22.04,21.15,21.61,12628305
2018-04-16,21.78,21.78,20.4,20.62,21876256
2018-04-17,20.8,21.89,20.7,20.81,14038746
2018-04-18,21.17,21.34,20.07,20.65,12976861
2018-04-19,21.04,21.8,20.99,21.1,13414481
2018-04-20,21.01,21.47,19.95,20.38,14245126
2018-04-23,20.3,20.68,19.31,20.3,7762964
2018-04-24,20.65,21.3,20.65,20.79,11392815
2018-04-25,20.78,21.69,20.78,20.91,11973236
2018-04-26,20.65,20.76,19.88,19.97,13236063
2018-04-27,20.18,20.88,19.92,20.21,12641443
2018-05-02,20.54,21.74,20.4,21.35,17146144
2018-05-03,21.45,22.08,20.84,21.83,18031491
2018-05-04,21.83,22.64,21.21,22.35,16457341
2018-05-07,22.4,23.75,22.35,23.68,20222070
2018-05-08,23.67,23.99,23.09,23.72,12762616
2018-05-09,23.72,23.72,23.12,23.35,7355531
2018-05-10,23.49,23.96,22.76,23.02,9796491
2018-05-11,23.13,23.56,22.73,23.2,6991191
2018-05-14,23.23,24.11,23.22,23.33,10630701
2018-05-15,23.53,24.35,23.53,23.81,13683007
2018-05-16,23.76,24.19,23.17,23.3,12076041
2018-05-17,23.32,24.32,23.32,24.05,13842464
2018-05-18,24.15,25.84,24.15,25.28,20928531
2018-05-21,25.65,25.82,24.9,25.65,14718796
2018-05-22,25.64,26.9,25.36,26.26,19014095
2018-05-23,26.0,26.0,24.93,25.08,15734142
2018-05-24,17.56,17.67,17.14,17.41,19699934
2018-05-25,17.33,17.7,17.11,17.33,14528557
2018-05-28,16.52,17.6,16.5,17.33,19805000
2018-05-29,17.25,17.59,16.86,17.0,21192787
2018-05-30,16.63,17.1,16.55,16.6,15450439
2018-05-31,16.85,17.16,16.17,16.61,11926801
2018-06-01,16.4,16.6,16.12,16.21,12157929
2018-06-04,16.21,16.65,16.16,16.43,9408008
2018-06-05,16.43,16.73,15.9,16.25,15115939
2018-06-06,16.3,16.45,16.1,16.22,11053258
2018-06-07,16.18,16.39,16.1,16.14,9289652
2018-06-08,16.14,17.08,16.1,17.03,28955215
2018-06-11,16.87,16.95,16.26,16.85,17722205
2018-06-12,16.65,16.96,16.43,16.88,9021344
2018-06-13,16.84,17.35,16.6,16.98,11565171
2018-06-14,16.8,17.22,16.68,17.03,8489585
2018-06-15,17.09,17.09,16.38,17.06,13510962
2018-06-19,16.3,16.83,15.35,16.2,20298776
2018-06-20,16.0,16.19,15.52,16.05,15281834
2018-06-21,16.0,16.08,14.46,14.88,25487570
2018-06-22,14.66,15.02,13.96,14.77,13772665
2018-06-25,15.1,15.46,14.3,14.5,13826130
2018-06-26,14.29,14.79,14.18,14.7,9129612
2018-06-27,14.83,15.44,13.95,14.69,25461856
2018-06-28,14.58,14.9,14.25,14.5,13997847
2018-06-29,14.59,14.95,14.4,14.88,14443724
2018-07-02,14.91,15.17,14.55,14.79,8699156
2018-07-03,14.83,14.9,14.22,14.56,11543929
2018-07-04,14.46,14.79,14.3,14.51,9172972
2018-07-05,14.43,14.48,13.06,13.5,30360104
2018-07-06,13.39,13.45,12.6,13.08,21039237
2018-07-09,13.38,14.14,13.12,14.02,19124568
2018-07-10,14.04,14.62,13.83,14.16,19659506
2018-07-11,14.06,14.44,13.61,14.27,18533406
2018-07-12,14.18,14.87,14.14,14.62,16012666
2018-07-13,14.8,15.41,14.63,15.25,13998891
2018-07-16,15.26,15.35,14.69,15.2,15239723
2018-07-17,15.04,15.15,14.78,15.06,10601255
2018-07-18,14.95,15.3,14.82,14.95,12372876
2018-07-19,15.0,15.29,14.86,15.2,7970875
2018-07-20,15.14,15.36,14.97,15.2,8337667
2018-07-23,15.5,15.65,14.97,15.48,10979724
2018-07-24,15.85,16.91,15.85,16.56,41144363
2018-07-25,16.55,16.75,16.25,16.38,11625528
2018-07-26,16.44,16.48,15.93,15.96,8899472
2018-07-27,15.94,16.19,15.72,16.02,9805299
2018-07-30,16.25,16.66,16.08,16.35,15285353
2018-07-31,16.27,16.49,15.98,16.26,8903717
2018-08-01,16.29,16.53,16.15,16.18,10274819
2018-08-02,16.18,16.42,15.41,16.41,15896065
2018-08-03,16.41,17.08,16.16,16.89,21290020
2018-08-06,16.94,17.0,15.2,15.2,29995521
2018-08-07,14.88,15.91,14.65,15.75,19891727
2018-08-08,15.6,15.91,14.7,14.74,17513817
2018-08-09,14.7,16.21,14.7,15.8,27546796
2018-08-10,16.11,16.86,16.08,16.73,26861290
2018-08-13,16.86,17.4,16.42,17.23,26176955
2018-08-14,17.05,17.7,16.96,17.44,22522312
2018-08-15,17.36,18.12,16.91,16.95,23814627
2018-08-16,17.05,17.15,16.48,16.81,22860704
2018-08-17,16.86,16.97,15.88,16.2,24592517
2018-08-20,16.14,16.92,16.11,16.92,18821561
2018-08-21,16.92,17.62,16.88,17.15,22289724
2018-08-22,17.08,17.08,16.66,16.82,8969849
2018-08-23,16.82,17.12,16.33,16.68,12621485
2018-08-24,16.5,16.84,16.25,16.81,16967715
2018-08-27,16.81,17.05,16.61,16.86,26213282
2018-08-28,17.03,17.83,16.86,17.7,43868654
2018-08-29,17.65,17.9,17.24,17.47,18448175
2018-08-30,17.45,17.68,16.79,16.79,17828604
2018-08-31,16.77,16.95,16.59,16.78,12548529
2018-09-03,16.74,16.85,16.37,16.68,10982303
2018-09-04,16.65,17.03,16.21,16.66,17365326
2018-09-05,16.55,16.65,16.16,16.19,10613418
2018-09-06,16.16,16.25,15.66,16.21,13434987
2018-09-07,16.17,16.53,16.01,16.24,8496378
2018-09-10,16.12,16.24,15.8,16.11,11491954
2018-09-11,15.9,16.1,14.85,15.81,25154888
2018-09-12,15.54,15.81,15.15,15.77,21977163
2018-09-13,15.89,15.99,15.55,15.77,9695419
2018-09-14,15.68,15.93,15.44,15.89,10513041
2018-09-17,15.74,15.88,15.44,15.74,12509495
2018-09-18,15.51,15.86,15.28,15.66,11073992
2018-09-19,15.61,15.72,15.31,15.63,18934884
2018-09-20,15.54,16.3,15.53,16.21,32638966
2018-09-21,16.1,17.09,16.01,16.87,24457206
2018-09-25,16.79,17.43,16.7,16.9,16759862
2018-09-26,16.91,17.35,16.82,17.3,16552774
2018-09-27,17.21,17.39,16.7,16.77,14109066
2018-09-28,16.88,17.01,16.67,16.95,9830026
2018-10-08,16.59,16.8,15.97,16.48,33771740
2018-10-09,16.38,16.59,16.08,16.48,10746006
2018-10-10,16.37,16.68,16.26,16.3,17629514
2018-10-11,15.7,16.18,15.1,15.68,28946648
2018-10-12,15.37,15.78,14.96,15.69,18946451
2018-10-15,15.58,15.62,14.35,15.29,30529128
2018-10-16,14.94,14.99,14.3,14.73,19011916
2018-10-17,14.89,14.89,13.9,14.66,17889282
2018-10-18,14.48,14.49,13.19,13.19,18338264
2018-10-19,12.0,14.51,11.87,13.89,122287295
2018-10-22,13.28,14.3,13.21,14.05,87635900
2018-10-23,14.09,14.09,13.3,13.5,39128414
2018-10-24,12.96,13.19,12.25,12.77,37450743
2018-11-02,13.01,13.7,12.96,13.66,53954842
2018-11-05,13.65,13.74,13.28,13.4,30636167
2018-11-06,13.29,13.37,12.5,13.0,32120307
2018-11-07,12.95,12.96,12.38,12.41,29390313
2018-11-08,12.53,12.67,12.34,12.52,19143104
2018-11-09,12.56,12.78,12.36,12.7,16296980
2018-11-12,12.6,12.8,12.44,12.77,16047199
2018-11-13,12.53,13.02,12.47,12.97,22984222
2018-11-14,12.79,12.97,12.68,12.79,19024752
2018-11-15,12.75,12.87,12.7,12.84,11352556
2018-11-16,12.91,13.06,12.69,12.98,18666691
2018-11-19,13.2,13.51,13.04,13.4,21239785
2018-11-20,13.33,13.4,12.79,12.92,18534516
2018-11-21,12.48,12.86,12.23,12.77,18081720
2018-11-22,12.79,12.88,12.5,12.5,8071579
2018-11-23,12.5,12.56,11.87,12.06,15742400
2018-11-26,11.9,11.94,11.0,11.41,27894834
2018-11-27,11.45,11.61,11.3,11.51,11278915
2018-11-28,11.6,11.8,11.43,11.64,13779487
2018-11-29,11.66,11.85,11.2,11.29,17297064
2018-11-30,11.29,11.72,11.2,11.71,18683830
2018-12-03,12.04,12.63,11.88,12.42,25382295
2018-12-04,12.39,12.62,12.26,12.59,15950513
2018-12-05,12.2,12.47,12.16,12.38,12775158
2018-12-06,12.34,12.34,11.96,12.0,11349170
2018-12-07,12.0,12.52,11.98,12.38,13292828
2018-12-10,12.38,12.55,12.2,12.21,11060393
2018-12-11,12.23,12.42,12.23,12.39,12998538
2018-12-12,12.5,12.75,12.39,12.61,18076459
2018-12-13,12.62,12.85,12.45,12.62,17214774
2018-12-14,12.57,12.86,12.52,12.71,18188326
2018-12-17,12.6,12.66,11.95,12.2,18674038
2018-12-18,12.06,12.34,11.92,12.26,10887142
2018-12-19,12.2,12.26,11.75,11.9,15706901
2018-12-20,11.86,12.02,11.71,12.0,9133300
2018-12-21,11.95,11.98,11.0,11.83,12187007
2018-12-24,11.78,11.82,11.55,11.74,7449318
2018-12-25,11.55,11.56,11.1,11.51,11610661
2018-12-26,11.51,11.51,11.25,11.49,9998772
2018-12-27,11.89,11.92,11.46,11.52,14075692
2018-12-28,11.63,11.63,11.21,11.52,11570494
2019-01-02,11.51,11.59,11.37,11.5,8204007
2019-01-03,11.49,11.54,11.35,11.43,7833739
2019-01-04,11.34,11.73,11.29,11.65,11967722
2019-01-07,11.75,12.16,11.75,12.16,17183147
2019-01-08,12.06,12.44,12.01,12.43,10893678
2019-01-09,12.38,12.75,12.35,12.64,15621012
2019-01-10,12.6,12.73,12.52,12.63,10232060
2019-01-11,12.62,12.7,12.16,12.43,21216106
2019-01-14,12.4,12.5,12.3,12.35,7869134
2019-01-15,12.4,12.54,12.27,12.51,10611217
2019-01-16,12.47,12.55,12.37,12.38,6983699
2019-01-17,12.39,12.47,12.19,12.28,6722023
2019-01-18,12.18,12.82,12.09,12.56,17158818
2019-01-21,12.57,13.02,12.52,12.97,20604177
2019-01-22,12.88,12.94,12.61,12.83,12544510
2019-01-23,12.65,13.16,12.63,13.0,20877496
2019-01-24,12.97,12.98,12.7,12.8,10769248
2019-01-25,12.71,12.78,12.46,12.51,11578229
2019-01-28,12.59,12.71,12.45,12.56,8002557
2019-01-29,12.5,12.68,12.44,12.6,8491910
2019-01-30,12.54,12.89,12.54,12.85,11626415
2019-01-31,12.85,13.17,12.79,12.93,14251449
2019-02-01,13.04,13.14,12.94,12.98,6931509
2019-02-11,13.09,13.13,12.84,13.04,7523400
2019-02-12,13.06,13.53,13.0,13.53,14186307
2019-02-13,13.46,13.54,13.3,13.44,11197958
2019-02-14,13.44,13.89,13.44,13.66,10912271
2019-02-15,13.65,13.8,13.44,13.44,9685767
2019-02-18,13.59,13.72,13.39,13.66,11713281
2019-02-19,13.59,13.73,13.39,13.51,9850235
2019-02-20,13.59,13.63,13.41,13.43,7287652
2019-02-21,13.5,13.59,13.2,13.22,9875556
2019-02-22,13.24,13.48,13.12,13.46,8560532
2019-02-25,13.57,14.0,13.55,13.95,18095422
2019-02-26,13.94,14.25,13.72,13.76,16901872
2019-02-27,13.76,13.97,13.49,13.75,12093745
2019-02-28,13.64,13.92,13.6,13.9,11911086
2019-03-01,13.92,13.95,13.68,13.75,9561043
2019-03-04,13.83,14.08,13.71,13.82,15370637
2019-03-05,13.85,14.07,13.81,13.98,10393465
2019-03-06,13.99,14.18,13.91,14.17,16295014
2019-03-07,14.13,14.18,13.64,14.05,21453421
2019-03-08,13.8,13.87,13.14,13.14,18141999
2019-03-11,13.24,13.5,13.19,13.47,12984923
2019-03-12,13.58,13.83,13.51,13.68,13824592
2019-03-13,13.7,13.94,13.54,13.68,12078204
2019-03-14,13.7,13.79,13.23,13.39,7818656
2019-03-15,13.33,13.73,13.31,13.48,14102219
2019-03-18,13.6,14.83,13.6,14.78,73981979
2019-03-19,14.8,14.91,14.46,14.66,37706200
2019-03-20,14.66,14.79,14.0,14.17,26608261
2019-03-21,14.2,14.3,14.05,14.12,20893556
2019-03-22,14.1,14.5,13.94,14.43,26867574
2019-03-25,14.2,15.25,14.11,14.73,42019070
2019-03-26,15.03,15.5,14.5,14.62,23980175
2019-03-27,14.96,15.15,14.65,14.95,18268601
2019-03-28,14.89,15.06,14.72,14.93,17841068
2019-03-29,14.87,15.4,14.58,15.33,30031292
2019-04-01,15.34,16.38,15.34,16.26,51540414
2019-04-02,16.77,16.99,16.33,16.55,31999451
2019-04-03,16.25,16.81,16.18,16.44,19388791
2019-04-04,16.7,17.15,16.67,16.84,27243158
2019-04-08,18.0,18.35,17.34,17.46,47564700
2019-04-09,17.07,17.52,16.84,17.04,21204837
2019-04-10,17.16,17.3,16.61,17.06,16201792
2019-04-11,16.91,16.95,15.87,16.05,26239789
2019-04-12,15.93,16.36,15.9,16.11,10284597
2019-04-15,16.45,16.7,15.81,15.88,12223380
2019-04-16,15.68,15.99,15.47,15.96,15563228
2019-04-17,16.02,16.59,15.93,16.28,13677981
2019-04-18,16.08,16.28,15.79,16.03,13506707
2019-04-19,16.03,16.24,15.27,15.65,19984270
2019-04-22,15.76,15.95,15.48,15.73,20968628
2019-04-23,15.6,15.69,15.27,15.46,14415730
2019-04-24,15.48,15.49,14.9,15.27,22743604
2019-04-25,15.29,15.39,14.92,15.07,12833604
2019-04-26,15.0,15.2,14.91,14.99,14143277
2019-04-29,14.96,15.54,14.58,15.3,14974873
2019-04-30,15.33,15.52,15.16,15.51,8195732
2019-05-06,14.8,14.8,13.96,13.96,20651669
2019-05-07,13.99,14.44,13.75,13.95,13665997
2019-05-08,13.77,13.96,13.2,13.61,8752573
2019-05-09,13.55,13.6,13.24,13.6,10114505
2019-05-10,13.73,14.1,13.3,13.9,15819525
2019-05-13,13.61,13.63,13.05,13.42,21914934
2019-05-14,13.1,13.35,13.06,13.26,10570421
2019-05-15,13.3,13.63,13.15,13.49,13350868
2019-05-16,13.49,13.62,13.39,13.47,9753656
2019-05-17,13.51,13.55,13.0,13.33,9588590
2019-05-20,13.21,13.25,12.63,12.99,8326352
2019-05-21,12.97,13.13,12.87,13.0,7608104
2019-05-22,13.03,13.04,12.58,12.88,10957274
2019-05-23,12.65,12.77,12.58,12.75,7186045
2019-05-24,12.65,12.84,12.61,12.8,5507572
2019-05-27,13.0,13.05,12.72,12.99,6019757
2019-05-28,12.99,13.55,12.91,13.55,14242277
2019-05-29,13.33,13.4,13.21,13.36,8584196
2019-05-30,13.21,13.4,12.76,13.35,16095189
2019-05-31,13.18,13.5,13.0,13.5,17521912
2019-06-03,13.29,13.65,13.01,13.01,16002938
2019-06-04,12.98,13.03,12.7,12.83,5816715
2019-06-05,12.99,13.07,12.81,12.88,4348397
2019-06-06,12.83,12.94,12.4,12.5,7780095
2019-06-10,12.51,12.83,12.01,12.62,7222172
2019-06-11,12.34,12.89,12.3,12.75,7504105
2019-06-12,12.63,12.88,12.6,12.7,5221824
2019-06-13,12.63,12.72,12.49,12.6,4635052
2019-06-14,12.65,12.72,12.39,12.46,4580299
2019-06-17,12.46,12.64,12.41,12.58,4582615
2019-06-18,12.55,12.66,12.47,12.6,3331657
2019-06-19,13.0,13.17,12.87,12.92,10426974
2019-06-20,12.98,13.29,12.91,13.26,9810938
2019-06-21,13.32,13.52,13.11,13.23,10000674
2019-06-24,13.23,13.23,13.02,13.07,7260290
2019-06-25,13.08,13.11,12.7,12.88,8707312
2019-06-26,12.75,13.14,12.65,13.12,12718163
2019-06-27,13.39,13.72,13.27,13.51,22347686
2019-06-28,13.51,13.68,13.23,13.66,13926960
2019-07-01,14.1,14.26,13.83,14.07,25317885
2019-07-02,14.08,14.68,13.93,14.51,23041454
2019-07-03,14.08,14.18,13.62,13.67,20690700
2019-07-04,13.68,13.86,13.5,13.83,15021422
2019-07-05,13.66,13.87,13.4,13.85,13039491
2019-07-08,13.74,13.81,13.4,13.7,10044303
2019-07-09,13.68,13.85,13.34,13.5,9056834
2019-07-10,13.54,13.58,13.25,13.55,8187646
2019-07-11,13.73,13.79,13.42,13.53,8146787
2019-07-12,13.51,13.56,13.26,13.27,6548144
2019-07-15,13.23,13.23,12.81,13.08,8744405
2019-07-16,13.12,13.2,12.94,13.19,5780850
2019-07-17,13.12,13.3,13.06,13.25,4267789
2019-07-18,13.18,13.24,13.0,13.04,4260759
2019-07-19,12.98,13.19,12.98,13.08,3903521
2019-07-22,13.07,13.07,12.05,12.35,20619991
2019-07-23,11.76,12.37,11.76,12.28,20961400
2019-07-24,12.13,12.26,12.05,12.23,10800017
2019-07-25,12.16,12.18,11.86,11.94,9905921
2019-07-26,11.86,12.1,11.81,12.1,6688322
2019-07-29,12.04,12.05,11.9,11.95,4946731
2019-07-30,11.98,12.28,11.98,12.14,7437644
2019-07-31,12.12,12.24,12.1,12.17,4163988
2019-08-01,12.14,12.23,11.91,12.17,6847539
2019-08-02,11.87,12.01,11.7,12.0,10252954
2019-08-05,11.89,11.96,11.62,11.85,7289820
2019-08-06,11.5,11.72,11.33,11.55,9438123
2019-08-07,11.62,11.82,11.56,11.62,5168961
2019-08-08,11.73,11.94,11.68,11.82,5390287
2019-08-09,11.97,12.12,11.86,11.9,4519698
2019-08-12,12.19,12.25,11.95,12.03,3861014
2019-08-13,11.99,11.99,11.86,11.87,3307783
2019-08-14,12.11,12.15,11.99,12.01,5659254
2019-08-15,11.73,12.0,11.71,11.99,2783471
2019-08-16,11.91,11.99,11.45,11.62,8552419
2019-08-19,11.65,11.78,11.53,11.75,6531604
2019-08-20,11.78,11.9,11.64,11.66,5558224
2019-08-21,11.66,11.68,11.5,11.5,5563714
2019-08-22,11.58,11.58,11.31,11.52,7060991
2019-08-23,11.55,11.55,11.35,11.44,5511346
2019-08-26,11.12,11.4,11.0,11.1,9156253
2019-08-27,11.15,11.39,11.15,11.2,11683761
2019-08-28,11.29,11.46,11.24,11.36,11904821
2019-08-29,11.48,11.51,11.2,11.22,8012279
2019-08-30,11.29,11.36,11.06,11.3,9420430
2019-09-02,11.24,11.36,11.18,11.32,9133017
2019-09-03,11.31,11.41,11.24,11.4,8188313
2019-09-04,11.38,12.15,11.33,12.08,25410765
2019-09-05,12.3,12.58,12.21,12.35,21926185
2019-09-06,12.35,12.85,12.3,12.73,18780007
2019-09-09,13.01,13.57,13.01,13.4,29958266
2019-09-10,13.45,13.53,13.2,13.47,12406624
2019-09-11,13.53,13.73,13.28,13.34,10571081
2019-09-12,13.34,13.52,13.3,13.49,8392291
2019-09-16,14.18,14.29,12.99,13.2,31660218
2019-09-17,13.26,13.43,12.9,13.0,14917157
2019-09-18,13.0,13.08,12.75,12.91,10044205
2019-09-19,12.99,13.18,12.93,13.0,12472426
2019-09-20,13.1,13.11,12.83,12.9,10928060
2019-09-23,12.9,12.92,12.54,12.74,8685195
2019-09-24,12.72,12.76,12.49,12.55,6782213
2019-09-25,12.52,12.69,12.43,12.47,6461949
2019-09-26,12.58,12.6,12.2,12.3,5339319
2019-09-27,12.22,12.47,12.2,12.39,5801182
2019-09-30,12.51,13.35,12.51,13.01,14438230
2019-10-08,13.05,13.08,12.64,12.68,11279169
2019-10-09,12.55,13.37,12.53,13.35,15485859
2019-10-10,13.28,13.53,13.15,13.45,9487465
2019-10-11,13.44,14.09,13.34,14.04,23614968
2019-10-14,14.27,14.33,13.83,14.04,17162612
2019-10-15,13.98,14.43,13.79,14.04,20324569
2019-10-16,13.96,14.47,13.96,14.25,12378257
2019-10-17,14.32,14.55,14.07,14.11,11467432
2019-10-18,13.93,14.21,13.65,14.0,20928349
2019-10-21,14.15,14.15,13.72,13.85,7961221
2019-10-22,13.93,14.34,13.85,13.97,10022105
2019-10-23,14.02,14.19,13.88,13.98,6899547
2019-10-24,13.96,13.97,13.61,13.77,6077638
2019-10-25,13.84,13.88,13.66,13.81,5417163
2019-10-28,13.75,13.98,13.6,13.69,8723129
2019-10-29,13.65,13.73,13.54,13.54,5633000
2019-10-30,13.51,14.02,13.51,13.75,10278754
2019-10-31,13.77,14.55,13.76,14.35,19667338
2019-11-01,14.3,14.63,14.02,14.5,13940652
2019-11-04,14.74,14.99,14.56,14.73,13652655
2019-11-05,14.8,14.93,14.6,14.73,9971383
2019-11-06,14.7,14.77,14.34,14.43,12104972
2019-11-07,14.58,14.72,14.36,14.53,6287074
2019-11-08,14.53,14.66,14.25,14.27,7707255
2019-11-11,14.27,14.27,13.78,13.91,11155281
2019-11-12,13.95,13.95,13.74,13.85,8420547
2019-11-13,13.87,13.87,13.36,13.52,23806155
2019-11-14,13.65,13.84,13.22,13.27,19616578
2019-11-15,13.35,13.47,13.01,13.01,14557086
2019-11-18,13.05,13.25,12.75,12.85,14794129
2019-11-19,12.91,13.04,12.76,12.9,15003595
2019-11-20,12.9,12.91,12.58,12.91,18365165
2019-11-21,12.91,12.91,12.56,12.71,16596265
2019-11-22,12.8,13.07,12.73,12.96,14203024
2019-11-25,12.89,13.2,12.72,13.2,11012501
2019-11-26,13.08,13.69,12.98,13.69,20317181
2019-11-27,13.52,13.73,13.43,13.6,9301060
2019-11-28,13.6,13.73,13.36,13.63,9324792
2019-11-29,13.56,13.95,13.39,13.93,14747983
2019-12-02,13.8,13.88,13.71,13.8,5297706
2019-12-03,13.73,13.79,13.58,13.79,5830129
2019-12-04,13.68,13.73,13.49,13.59,5674584
2019-12-05,13.71,13.75,13.16,13.25,10239647
2019-12-06,13.26,13.3,13.1,13.16,6935510
2019-12-09,13.24,13.33,13.08,13.26,6740228
2019-12-10,13.27,13.27,13.05,13.08,6291139
2019-12-11,13.1,13.22,13.03,13.04,7474101
2019-12-12,13.08,13.1,12.92,12.97,7875361
2019-12-13,13.04,13.36,12.98,13.22,10295426
2019-12-16,13.28,13.3,13.07,13.17,13633521
2019-12-17,13.17,13.29,13.1,13.23,12153299
2019-12-18,13.23,13.3,12.95,12.96,15422835
2019-12-19,12.91,12.98,12.62,12.97,15399760
2019-12-20,12.9,13.01,12.83,12.95,6639160
2019-12-23,12.99,13.04,12.81,12.96,8252826
2019-12-24,12.95,13.05,12.85,12.97,6108685
2019-12-25,12.91,13.05,12.91,12.98,4742032
2019-12-26,12.98,13.21,12.88,13.2,10971383
2019-12-27,13.18,13.52,13.15,13.5,16430124
2019-12-30,13.45,13.9,13.34,13.79,14526489
2019-12-31,13.8,14.07,13.8,13.92,14788171
2020-01-02,13.95,14.2,13.87,14.13,16956127
2020-01-03,13.99,14.08,13.82,13.95,9878832
2020-01-06,14.2,14.52,14.0,14.17,28311000
2020-01-07,14.21,14.25,13.85,14.03,19632632
2020-01-08,13.96,14.1,13.77,13.9,10523875
2020-01-09,13.9,13.95,13.62,13.8,13796981
2020-01-10,13.85,13.91,13.7,13.86,12738616
2020-01-13,13.86,14.12,13.75,14.05,14460127
2020-01-14,14.02,14.44,14.01,14.31,15887062
2020-01-15,14.3,14.39,14.1,14.22,10928574
2020-01-16,14.27,14.5,14.13,14.38,12148767
2020-01-17,14.41,14.85,14.33,14.51,13299377
2020-01-20,14.7,14.78,14.38,14.54,11502800
2020-01-21,14.59,14.59,13.98,14.03,14980435
2020-01-22,14.0,14.25,13.78,14.15,9613697
2020-01-23,14.15,14.15,13.32,13.72,14698220
2020-02-03,12.35,12.49,12.35,12.35,14648400
2020-02-04,12.18,12.42,11.91,12.26,18375816
2020-02-05,12.26,12.99,12.26,12.84,22530034
2020-02-06,12.95,13.13,12.76,13.05,12619356
2020-02-07,13.04,13.26,12.73,13.2,15400863
2020-02-10,13.3,13.3,12.97,13.1,13356739
2020-02-11,13.1,13.22,12.97,13.19,8854304
2020-02-12,13.1,13.3,12.98,13.23,9970319
2020-02-13,13.15,13.23,13.06,13.16,8276174
2020-02-14,13.06,13.25,13.05,13.18,5363093
2020-02-17,13.16,13.57,13.14,13.52,8638223
2020-02-18,13.52,13.55,13.25,13.4,7782134
2020-02-19,13.38,13.39,13.18,13.31,6624669
2020-02-20,13.32,13.49,13.18,13.37,8855648
2020-02-21,13.3,13.43,13.2,13.21,11096477
2020-02-24,13.23,13.49,13.1,13.1,17262533
2020-02-25,12.85,12.91,12.55,12.82,15730160
2020-02-26,12.68,13.24,12.56,13.15,19673598
2020-02-27,13.0,13.2,12.91,13.08,14267972
2020-02-28,12.85,13.99,12.58,13.81,33497901
2020-03-02,13.9,14.1,13.68,13.9,30941006
2020-03-03,13.94,14.05,13.72,13.91,22691392
2020-03-04,13.85,13.89,13.55,13.65,13815101
2020-03-05,13.74,13.85,13.57,13.85,13816464
2020-03-06,13.66,14.24,13.64,14.1,28034492
2020-03-09,13.7,13.7,13.1,13.57,24022600
2020-03-10,13.2,13.74,13.17,13.63,19261699
2020-03-11,13.58,13.67,13.13,13.55,18426436
2020-03-12,13.27,13.55,13.01,13.53,13082823
2020-03-13,13.01,13.47,12.68,13.47,10664825
2020-03-16,13.32,13.4,13.02,13.2,9021270
2020-03-17,13.08,13.2,12.7,13.15,10962662
2020-03-18,13.13,13.22,12.6,12.6,10832997
2020-03-19,12.5,12.5,11.35,11.82,25521557
2020-03-20,11.76,12.03,11.53,11.9,11927597
2020-03-23,11.9,11.9,11.39,11.62,10276513
2020-03-24,11.75,11.79,11.37,11.61,7544182
2020-03-25,11.65,11.8,11.58,11.74,8280584
2020-03-26,11.69,11.71,11.53,11.62,7653048
2020-03-27,11.65,11.85,11.58,11.67,9018020
2020-03-30,11.98,12.37,11.74,11.77,18548598
2020-03-31,11.94,12.5,11.73,12.5,24109444
2020-04-01,12.35,12.37,11.87,11.87,16075878
2020-04-02,11.72,12.08,11.6,11.93,15692180
2020-04-03,11.91,11.96,11.74,11.75,7108832
2020-04-07,11.91,12.24,11.85,12.11,13687432
2020-04-08,12.05,12.25,11.99,12.05,8497691
2020-04-09,12.09,12.15,11.91,11.98,8267910
2020-04-10,11.89,11.92,11.63,11.7,9118138
2020-04-13,11.75,11.89,11.68,11.78,10032672
2020-04-14,11.77,11.91,11.73,11.86,9368511
2020-04-15,11.85,11.96,11.66,11.75,9660383
2020-04-16,11.67,11.89,11.6,11.82,8938403
2020-04-17,11.89,12.05,11.82,11.99,13043931
2020-04-20,12.0,12.14,11.83,12.08,10495414
2020-04-21,12.01,12.01,11.68,11.85,10462069
2020-04-22,11.7,11.93,11.66,11.9,8245458
2020-04-23,11.95,12.21,11.93,12.1,13443562
2020-04-24,12.12,12.13,11.9,12.0,8391525
2020-04-27,12.04,12.22,11.69,11.8,14196790
2020-04-28,11.96,12.0,11.46,11.64,11619677
2020-04-29,11.59,11.88,11.56,11.86,9249849
2020-04-30,11.92,12.33,11.9,12.29,15629701
2020-05-06,12.12,12.35,12.06,12.24,10720859
2020-05-07,12.33,12.33,12.06,12.09,8627786
2020-05-08,12.15,12.26,12.02,12.21,10114876
2020-05-11,12.22,12.46,12.19,12.26,8681938
2020-05-12,12.25,12.26,12.04,12.12,5645345
2020-05-13,12.02,12.22,12.02,12.18,4871737
2020-05-14,12.14,12.14,12.04,12.06,4544793
2020-05-15,12.11,12.13,11.98,11.98,6399108
2020-05-18,12.0,12.09,11.93,11.96,5546946
2020-05-19,12.07,12.21,12.02,12.08,5379254
2020-05-20,12.05,12.13,11.98,12.06,5513465
2020-05-21,12.19,12.38,12.13,12.2,10184231
2020-05-22,12.22,12.23,11.93,11.99,5657342
2020-05-25,11.98,12.08,11.94,12.06,3879153
2020-05-26,12.1,12.19,12.01,12.15,5215569
2020-05-27,12.11,12.28,12.1,12.15,8292807
2020-05-28,9.05,9.15,8.91,9.09,13289591
2020-05-29,9.06,9.15,9.01,9.15,9766999
2020-06-01,9.2,9.28,9.14,9.24,11425458
2020-06-02,9.26,9.38,9.21,9.34,12334835
2020-06-03,9.39,9.56,9.3,9.3,16645176
2020-06-04,9.35,9.45,9.24,9.3,7369110
2020-06-05,9.3,9.3,9.14,9.18,8273046
2020-06-08,9.27,9.4,9.26,9.28,9286046
2020-06-09,9.32,9.47,9.27,9.4,13059965
2020-06-10,9.36,9.51,9.31,9.49,11698620
2020-06-11,9.48,9.49,9.28,9.37,11373685
2020-06-12,9.2,9.36,9.15,9.24,8553742
2020-06-15,9.25,9.34,9.13,9.13,7704033
2020-06-16,9.21,9.24,9.14,9.18,10129160
2020-06-17,9.18,9.2,8.98,9.07,13662908
2020-06-18,9.07,9.1,9.01,9.06,15026802
2020-06-19,9.08,9.12,9.01,9.07,13474899
2020-06-22,9.02,9.06,8.94,8.96,13794878
2020-06-23,8.98,9.0,8.83,8.86,9482252
2020-06-24,8.92,8.99,8.9,8.93,8777616
2020-06-29,8.89,8.89,8.77,8.81,9324761
2020-06-30,8.85,9.17,8.82,9.13,14533107
2020-07-01,9.07,9.1,8.99,9.05,10581932
2020-07-02,9.06,9.22,9.04,9.18,17994754
2020-07-03,9.24,9.49,9.21,9.43,20430728
2020-07-06,9.5,9.94,9.5,9.91,38694852
2020-07-07,9.93,10.2,9.77,9.98,28135080
2020-07-08,9.92,10.05,9.75,9.95,26923390
2020-07-09,9.95,10.17,9.89,10.12,22285319
2020-07-10,10.12,10.39,10.03,10.2,22928964
2020-07-13,10.2,10.46,10.12,10.4,25041691
2020-07-14,10.37,10.37,9.93,10.07,27367444
2020-07-15,10.0,10.15,9.89,9.9,19081363
2020-07-16,9.9,10.18,9.56,9.63,26830697
2020-07-17,9.65,9.93,9.65,9.8,17853524
2020-07-20,10.0,10.42,9.9,10.29,38127025
2020-07-21,10.29,10.33,9.97,10.05,27532551
2020-07-22,10.13,10.64,10.01,10.62,50381829
2020-07-23,10.4,11.01,10.31,11.01,45415003
2020-07-24,10.8,11.0,10.3,10.52,36244694
2020-07-27,10.52,10.62,10.05,10.11,29215007
2020-07-28,10.17,10.28,9.89,9.96,20480285
2020-07-29,9.98,10.16,9.83,10.11,17730480
2020-07-30,10.12,10.32,10.01,10.12,15343286
2020-07-31,10.05,10.29,10.02,10.15,17821343
2020-08-03,10.2,10.25,10.11,10.22,23774184
2020-08-04,10.23,10.77,10.19,10.51,43951441
2020-08-05,10.58,11.25,10.36,11.15,65880296
2020-08-06,11.1,11.5,10.7,10.92,63464642
2020-08-07,11.0,11.04,10.73,10.85,31279804
2020-08-10,10.82,10.95,10.75,10.83,22415151
2020-08-11,10.77,10.92,10.47,10.51,29676862
2020-08-12,10.43,10.61,10.0,10.2,34007754
2020-08-13,10.24,10.34,10.16,10.29,15053140
2020-08-14,10.27,10.38,10.2,10.33,12658192
2020-08-17,10.38,11.0,10.35,10.88,38260055
2020-08-18,10.99,11.25,10.92,11.17,58734556
2020-08-19,11.17,11.79,11.03,11.46,52644437
2020-08-20,11.36,11.43,11.06,11.17,30209004
2020-08-21,11.35,11.38,10.85,10.94,31421982
2020-08-24,11.05,11.26,10.92,10.95,21634628
2020-08-25,11.05,11.43,10.98,11.03,33844611
2020-08-26,11.04,11.14,10.75,10.84,22422352
2020-08-27,10.97,11.19,10.84,11.16,23327899
2020-08-28,11.26,11.59,11.24,11.55,43448105
2020-08-31,12.27,12.71,12.0,12.45,94938344
2020-09-01,12.34,12.64,12.28,12.45,49809973
2020-09-02,12.55,12.65,12.28,12.3,37601335
2020-09-03,12.38,12.47,12.22,12.32,25672107
2020-09-04,12.11,12.25,11.99,12.15,29694933
2020-09-07,12.15,12.46,11.85,11.88,31816309
2020-09-08,11.88,12.04,11.75,12.0,20476061
2020-09-09,11.78,11.88,11.51,11.76,22606461
2020-09-10,11.85,11.96,11.6,11.77,20029499
2020-09-11,11.76,11.85,11.5,11.76,18337042
2020-09-14,11.85,12.05,11.56,11.64,28901534
2020-09-15,11.64,12.02,11.37,12.0,33735098
2020-09-16,12.04,12.07,11.5,11.57,39697711
2020-09-17,11.62,11.81,11.4,11.76,25471748
2020-09-18,11.75,12.0,11.6,11.81,31564256
2020-09-21,11.93,11.99,11.69,11.8,16396253
2020-09-22,11.62,11.7,11.16,11.18,27033741
2020-09-23,11.29,11.31,11.03,11.13,11767212
2020-09-24,11.04,11.13,10.71,10.71,19813137
2020-09-25,10.79,10.84,10.49,10.57,16059024
2020-09-28,10.6,10.75,10.44,10.49,11815840
2020-09-29,10.6,10.65,10.4,10.49,11557934
2020-09-30,10.51,10.6,10.26,10.38,16303657
2020-10-09,10.6,10.92,10.44,10.9,27242337
2020-10-12,10.86,11.47,10.79,11.44,39230184
2020-10-13,11.49,11.55,11.2,11.5,18591674
2020-10-14,11.56,11.83,11.49,11.65,32835339
2020-10-15,11.65,11.73,11.5,11.53,22849801
2020-10-16,11.56,11.68,11.35,11.45,22671636
2020-10-19,11.52,11.92,11.52,11.75,32780897
2020-10-20,11.75,11.89,11.54,11.7,25168999
2020-10-21,11.69,11.88,11.51,11.82,35608774
2020-10-22,11.71,11.94,11.64,11.84,19115697
2020-10-23,11.84,12.29,11.82,12.0,33843781
2020-10-26,11.89,12.0,11.38,11.91,32094855
2020-10-27,11.75,11.85,11.49,11.61,29338467
2020-10-28,11.6,11.94,11.58,11.87,32279984
2020-10-29,11.7,11.87,11.54,11.73,34425055
2020-10-30,11.75,11.84,11.4,11.52,22944486
2020-11-02,11.45,11.87,11.32,11.83,41882756
2020-11-03,11.82,12.23,11.73,12.11,33898363
2020-11-04,12.07,12.51,12.02,12.48,61606253
2020-11-05,12.47,12.59,12.08,12.24,40639954
2020-11-06,12.25,12.57,12.05,12.42,40422725
2020-11-09,12.45,12.55,12.27,12.47,46108006
2020-11-10,12.58,13.01,12.43,12.63,81742105
2020-11-11,12.51,12.85,12.37,12.82,85568692
2020-11-12,12.71,13.55,12.71,13.4,90660561
2020-11-13,13.41,14.0,13.21,13.99,88098042
2020-11-16,14.05,14.45,13.73,14.36,136012358
2020-11-17,14.23,14.5,13.81,14.18,79872471
2020-11-18,14.0,14.24,13.68,13.74,72766071
2020-11-19,13.67,13.97,13.41,13.54,63119881
2020-11-20,13.65,13.96,13.48,13.66,89304428
2020-11-23,13.75,14.0,13.5,13.5,72889200
2020-11-24,13.34,13.62,13.12,13.47,47054613
2020-11-25,13.63,13.95,12.97,13.19,65326257
2020-11-26,13.14,13.24,12.61,13.1,40771837
2020-11-27,13.1,13.16,12.78,12.91,19370078
2020-11-30,13.08,13.15,12.7,12.7,33982455
2020-12-01,12.77,13.07,12.65,13.02,33551995
2020-12-02,13.01,13.1,12.71,12.8,30164905
2020-12-03,12.87,12.9,12.71,12.73,17007848
2020-12-04,12.8,13.07,12.7,13.02,24877054
2020-12-07,13.02,13.06,12.58,12.74,29473108
2020-12-08,12.6,12.68,12.3,12.59,32682615
2020-12-09,12.5,12.61,12.41,12.5,17223225
2020-12-10,12.37,12.55,12.28,12.42,14386025
2020-12-11,12.55,12.77,12.38,12.53,24337314
2020-12-14,12.45,12.73,12.36,12.62,20160810
2020-12-15,12.64,12.65,12.31,12.48,20155479
2020-12-16,12.43,12.85,12.41,12.73,44092472
2020-12-17,12.65,13.0,12.64,12.84,32096037
2020-12-18,12.84,12.92,12.38,12.69,53438020
2020-12-21,12.6,12.89,12.34,12.39,27617604
2020-12-22,12.35,12.36,11.59,12.0,57861069
2020-12-23,11.89,11.9,11.62,11.72,24420369
2020-12-24,11.79,12.01,11.61,11.89,21843656
2020-12-25,11.91,12.02,11.66,11.91,21770963
2020-12-28,11.98,12.2,11.78,11.78,22250365
2020-12-29,11.78,11.93,11.67,11.85,27136174
2020-12-30,11.85,12.27,11.78,12.25,27905186
2020-12-31,12.14,12.85,12.13,12.8,45998046
2021-01-04,12.8,12.81,12.55,12.7,25120782
2021-01-05,12.7,13.2,12.61,13.1,42162246
2021-01-06,13.16,13.4,13.04,13.18,33700601
2021-01-07,13.24,13.44,12.9,13.0,40859346
2021-01-08,12.92,13.06,12.75,12.96,25040307
2021-01-11,13.0,13.56,12.99,13.19,41004447
2021-01-12,13.22,13.49,13.12,13.42,32800611
2021-01-13,13.48,13.88,13.25,13.45,43978307
2021-01-14,13.22,13.24,12.63,12.92,45471715
2021-01-15,12.92,13.14,12.72,12.95,23692749
2021-01-18,12.91,14.0,12.81,13.99,65374826
2021-01-19,14.0,14.55,13.77,14.19,67036891
2021-01-20,14.19,14.3,13.86,13.99,33160460
2021-01-21,13.95,15.15,13.94,14.86,90478261
2021-01-22,14.83,14.87,14.31,14.64,67118856
2021-01-25,14.78,15.25,14.52,14.63,63230279
2021-01-26,14.55,14.68,13.86,13.91,58577962
2021-01-27,13.93,14.1,13.25,13.51,67694723
2021-01-28,13.2,13.47,12.67,12.89,65577394
2021-01-29,12.93,13.02,12.55,12.99,47339098
2021-02-01,13.0,14.29,12.9,14.16,74338756
2021-02-02,14.23,14.84,13.85,14.61,76440800
2021-02-03,14.62,15.02,14.4,14.6,62051745
2021-02-04,14.61,15.18,14.15,14.77,82556719
2021-02-05,15.15,15.3,14.18,14.47,76073703
2021-02-08,14.6,15.59,14.43,15.16,113619843
2021-02-09,15.31,16.08,15.09,16.08,134437454
2021-02-10,16.1,16.79,15.8,16.57,115448548
2021-02-18,17.9,18.23,17.38,17.76,207657711
2021-02-19,17.85,18.44,17.12,17.75,158375119
2021-02-22,18.3,19.53,18.03,19.3,181318107
2021-02-23,19.19,19.79,18.71,19.4,120860588
2021-02-24,19.14,20.35,18.3,18.83,133552469
2021-02-25,19.77,20.2,19.21,19.53,117767239
2021-02-26,18.4,18.63,17.58,17.97,119086571
2021-03-01,18.27,19.01,18.1,18.4,76939197
2021-03-02,18.24,18.31,16.99,17.35,123459054
2021-03-03,17.39,17.6,16.99,17.24,72877663
2021-03-04,17.3,17.32,16.33,16.73,80725790
2021-03-05,16.82,17.63,16.31,17.09,82906657
2021-03-08,17.61,17.74,16.66,17.08,76885555
2021-03-09,16.55,16.64,15.37,15.68,86342619
2021-03-10,16.1,16.15,15.3,15.36,44251017
2021-03-11,15.49,16.28,15.4,16.01,47658988
2021-03-12,16.0,16.23,15.65,16.09,39070355
2021-03-15,15.97,16.03,15.41,15.65,37988510
2021-03-16,15.82,15.85,15.25,15.61,27455694
2021-03-17,15.57,16.34,15.42,15.92,39694836
2021-03-18,16.4,17.19,16.33,16.86,67658047
2021-03-19,16.41,16.42,16.1,16.19,42856599
2021-03-22,16.11,16.42,15.72,16.01,29147105
2021-03-23,15.98,16.03,14.85,15.2,47351458
2021-03-24,14.92,14.94,13.77,13.85,70242740
2021-03-25,14.0,14.68,13.9,14.27,48849381
2021-03-26,14.28,14.8,13.86,14.52,47458567
2021-03-29,14.66,15.15,14.36,14.87,42470012
2021-03-30,14.82,15.34,14.65,15.04,40215554
2021-03-31,14.98,14.99,14.5,14.65,38944263
2021-04-01,14.59,15.15,14.46,14.9,31679426
2021-04-02,15.36,15.42,14.58,14.63,46595539
2021-04-06,14.73,14.81,14.24,14.38,37301841
2021-04-07,14.45,14.63,14.3,14.63,49424428
2021-04-08,14.46,14.7,14.3,14.51,30113719
2021-04-09,14.46,14.61,14.1,14.55,38826633
2021-04-12,14.49,14.55,13.37,13.44,58070743
2021-04-13,13.75,13.75,13.18,13.27,36658618
2021-04-14,13.27,13.45,13.16,13.34,26286723
2021-04-15,13.33,13.42,13.0,13.34,29410566
2021-04-16,13.3,13.31,12.76,13.01,56296373
2021-04-19,12.91,13.24,12.66,13.12,46662838
2021-04-20,12.81,13.43,12.61,13.22,136412786
2021-04-21,13.03,13.26,12.68,13.17,69143756
2021-04-22,13.19,13.47,12.95,13.16,42959330
2021-04-23,13.09,13.35,13.02,13.29,38872497
2021-04-26,13.27,13.79,13.27,13.48,57999569
2021-04-27,13.39,13.53,13.04,13.49,48463658
2021-04-28,13.52,13.58,13.31,13.52,28321061
2021-04-29,13.47,13.55,13.32,13.45,26045195
2021-04-30,13.44,13.48,13.01,13.17,43900713
2021-05-06,13.07,13.66,13.07,13.45,45563194
2021-05-07,13.41,13.91,13.41,13.56,51803529
2021-05-10,13.61,13.67,13.18,13.35,38899048
2021-05-11,13.26,13.26,12.3,12.75,48669987
2021-05-12,12.59,12.91,12.5,12.87,23555181
2021-05-13,12.8,12.85,12.5,12.71,25355694
2021-05-14,12.63,12.84,12.42,12.72,29384502
2021-05-17,12.69,13.06,12.65,12.9,30646209
2021-05-18,12.89,13.22,12.83,13.01,21689439
2021-05-19,12.94,12.94,12.56,12.61,26217714
2021-05-20,12.53,12.61,12.03,12.28,39899202
2021-05-21,12.26,12.34,12.07,12.2,17514444
2021-05-24,12.19,12.31,12.07,12.13,18184342
2021-05-25,12.13,12.71,12.02,12.67,36996296
2021-05-26,12.61,12.92,12.56,12.72,27136829
2021-05-27,12.72,12.77,12.62,12.7,18592956
2021-05-28,12.71,13.09,12.57,12.64,28167221
2021-05-31,12.68,12.8,12.35,12.49,24324337
2021-06-01,12.6,13.31,12.42,13.19,48929289
2021-06-02,13.29,13.45,12.96,13.13,40691375
2021-06-03,13.18,13.22,12.81,12.83,27836737
2021-06-04,12.73,13.02,12.61,12.84,18817761
2021-06-07,12.86,13.14,12.73,13.1,23213231
2021-06-08,13.06,13.16,12.74,12.78,21922903
2021-06-09,12.77,13.23,12.63,13.05,31163837
2021-06-10,13.0,13.2,12.95,13.14,25049158
2021-06-11,13.11,13.14,12.86,12.9,22125606
2021-06-15,12.9,12.91,12.55,12.59,17859440
2021-06-16,12.6,12.72,12.38,12.44,17628721
2021-06-17,12.36,12.47,11.8,12.19,46227257
2021-06-18,11.96,12.05,11.67,12.02,42298110
2021-06-21,11.9,11.91,11.55,11.81,41828587
2021-06-22,11.7,11.98,11.7,11.85,24474930
2021-06-23,11.85,12.11,11.72,11.93,34578616
2021-06-24,11.9,12.05,11.81,11.94,17886242
2021-06-25,12.02,12.59,12.01,12.44,52172603
2021-06-28,12.35,12.44,12.14,12.21,32694856
2021-06-29,12.2,12.38,12.02,12.08,25191379
2021-06-30,12.09,12.13,11.9,11.95,18515027
2021-07-01,11.93,12.11,11.91,12.06,20072205
2021-07-02,11.95,12.64,11.82,12.46,54576093
2021-07-05,12.45,13.19,12.1,13.03,64469908
2021-07-06,12.73,13.29,12.65,12.8,75897024
2021-07-07,12.56,12.97,12.32,12.66,40929413
2021-07-08,12.52,12.74,12.49,12.59,21228136
2021-07-09,12.56,12.85,12.5,12.75,33591638
2021-07-12,12.85,13.09,12.69,12.77,42866359
2021-07-13,12.77,13.05,12.48,12.93,32079122
2021-07-14,12.95,13.32,12.79,13.26,54503935
2021-07-15,13.14,13.93,13.11,13.25,59126339
2021-07-16,13.3,13.58,13.08,13.16,44625136
2021-07-19,13.1,13.35,12.95,13.08,37448594
2021-07-20,12.8,12.81,12.52,12.66,32838577
2021-07-21,12.69,12.76,12.59,12.7,27743408
2021-07-22,12.83,13.36,12.75,13.21,59763262
2021-07-23,13.2,13.52,12.92,12.98,53858742
2021-07-26,13.02,13.09,12.48,12.55,37914542
2021-07-27,12.6,12.78,12.06,12.1,40391089
2021-07-28,12.0,12.18,11.59,11.82,34167586
2021-07-29,11.96,12.13,11.85,12.09,27593541
2021-07-30,12.09,12.28,12.03,12.16,24225192
2021-08-02,12.05,12.64,11.82,12.59,33656018
2021-08-03,12.46,12.62,12.36,12.4,25600756
2021-08-04,12.36,12.48,12.2,12.31,24167407
2021-08-05,12.29,12.3,11.93,12.02,25825579
2021-08-06,11.95,12.19,11.74,12.04,19150065
2021-08-09,11.96,12.16,11.9,12.13,21613712
2021-08-10,12.04,12.23,12.01,12.2,20410840
2021-08-11,12.24,12.48,12.15,12.19,22412163
2021-08-12,12.17,12.28,12.06,12.2,18730030
2021-08-13,12.17,12.39,12.12,12.28,29301180
2021-08-16,12.28,12.47,12.12,12.17,27873920
2021-08-17,12.11,12.26,11.81,11.85,33089659
2021-08-18,11.83,11.94,11.34,11.58,66481514
2021-08-19,11.43,11.51,10.87,11.49,96849736
2021-08-20,11.21,11.61,11.1,11.6,41682502
2021-08-23,11.49,11.68,11.46,11.56,20153270
2021-08-24,11.61,11.66,11.39,11.45,22609938
2021-08-25,11.28,11.71,11.13,11.69,34295102
2021-08-26,11.7,11.73,11.46,11.63,26160000
2021-08-27,12.0,12.31,11.65,11.8,65898520
2021-08-30,11.64,11.95,11.61,11.8,42630862
2021-08-31,11.72,11.8,11.5,11.72,26895438
2021-09-01,11.64,12.01,11.64,11.78,41356711
2021-09-02,11.81,12.08,11.64,12.04,41960594
2021-09-03,11.98,12.17,11.88,11.98,30151318
2021-09-06,11.98,12.05,11.8,11.96,22637956
2021-09-07,12.0,12.29,11.94,12.17,44223759
2021-09-08,12.12,12.45,12.09,12.3,62492685
2021-09-09,12.29,12.4,12.17,12.33,40150489
2021-09-10,12.37,12.52,12.07,12.17,50269575
2021-09-13,12.17,12.61,12.09,12.53,71968154
2021-09-14,12.6,12.67,12.2,12.52,91461898
2021-09-15,12.38,12.7,12.32,12.6,69310735
2021-09-16,12.69,13.09,12.48,12.95,96883661
2021-09-17,12.79,12.86,12.26,12.49,50028204
2021-09-22,12.31,12.36,12.13,12.32,27766733
2021-09-23,12.37,12.47,12.19,12.26,29448799
2021-09-24,12.27,12.5,11.7,12.03,61937013
2021-09-27,11.98,12.08,11.53,11.7,29834494
2021-09-28,11.77,11.86,11.68,11.72,16102231
2021-09-29,11.58,11.61,11.15,11.45,33275231
2021-09-30,11.38,11.52,11.33,11.5,22397184
2021-10-08,11.55,11.75,11.47,11.64,20537669
2021-10-11,11.69,11.88,11.62,11.73,22767997
2021-10-12,11.72,11.75,11.44,11.55,15163969
2021-10-13,11.52,11.57,11.43,11.51,9737820
2021-10-14,11.51,11.54,11.37,11.5,11976858
2021-10-15,11.47,11.51,11.28,11.5,15941980
2021-10-18,11.48,11.48,11.29,11.41,24989920
2021-10-19,11.34,11.44,11.26,11.4,15222254
2021-10-20,11.35,11.36,11.23,11.29,13811535
2021-10-21,11.26,11.33,11.2,11.27,17588466
2021-10-22,11.23,11.29,11.05,11.05,16053790
2021-10-25,11.04,11.15,10.91,11.09,10340212
2021-10-26,11.08,11.36,11.06,11.23,13568595
2021-10-27,11.21,11.3,11.01,11.07,11294298
2021-10-28,11.07,11.09,10.08,10.9,55828077
2021-10-29,10.8,10.98,10.55,10.95,19924350
2021-11-01,10.89,11.03,10.8,10.86,13440645
2021-11-02,10.8,10.85,10.41,10.56,22209157
2021-11-03,10.46,10.56,10.32,10.56,13695060
2021-11-04,10.48,10.62,10.4,10.5,17164250
2021-11-05,10.5,10.55,10.41,10.49,12552260
2021-11-08,10.48,10.67,10.43,10.6,7809396
2021-11-09,10.59,10.65,10.54,10.62,6029812
2021-11-10,10.61,10.62,10.46,10.54,8223699
2021-11-11,10.49,10.59,10.43,10.51,13323724
2021-11-12,10.51,10.51,10.4,10.48,13524083
2021-11-15,10.45,10.48,10.38,10.47,10493816
2021-11-16,10.48,10.62,10.45,10.48,11857538
2021-11-17,10.47,10.49,10.41,10.47,13075674
2021-11-18,10.46,10.48,10.39,10.47,14315736
2021-11-19,10.44,10.48,10.38,10.45,12770330
2021-11-22,10.43,10.59,10.42,10.46,12980358
2021-11-23,10.47,10.53,10.4,10.48,10801041
2021-11-24,10.49,10.5,10.41,10.47,9442433
2021-11-25,10.46,10.49,10.41,10.48,9487457
2021-11-26,10.45,10.47,10.42,10.46,7675987
2021-11-29,10.2,10.46,10.19,10.45,17542995
2021-11-30,10.42,10.55,10.41,10.47,11419062
2021-12-01,10.44,10.55,10.43,10.53,13042076
2021-12-02,10.53,10.79,10.5,10.63,19884051
2021-12-03,10.65,10.7,10.53,10.64,10327302
2021-12-06,10.67,10.73,10.58,10.6,13883722
2021-12-07,10.62,10.64,10.42,10.45,13289076
2021-12-08,10.48,10.49,10.39,10.45,15971723
2021-12-09,10.43,10.52,10.4,10.46,14829775
2021-12-10,10.46,10.56,10.38,10.47,26511163
2021-12-13,10.46,11.04,10.45,10.71,63449972
2021-12-14,10.67,10.69,10.51,10.52,21351129
2021-12-15,10.52,10.53,10.39,10.47,18677550
2021-12-16,10.43,10.48,10.4,10.46,14168519
2021-12-17,10.45,10.47,10.38,10.45,18463497
2021-12-20,10.43,10.47,10.35,10.45,18658383
2021-12-21,10.42,10.45,10.39,10.44,10331430
2021-12-22,10.45,10.51,10.41,10.45,9353205
2021-12-23,10.45,10.46,10.4,10.44,11096842
2021-12-24,10.43,10.46,10.35,10.44,17295716
2021-12-27,10.42,10.46,10.4,10.45,11222877
2021-12-28,10.45,10.47,10.42,10.46,8798749
2021-12-29,10.46,10.7,10.44,10.53,20254255
2021-12-30,10.53,10.57,10.42,10.54,9796683
2021-12-31,10.55,10.7,10.51,10.62,19444430
2022-01-04,10.62,10.87,10.6,10.72,25931349
2022-01-05,10.73,11.07,10.73,10.83,43738534
2022-01-06,10.83,10.94,10.74,10.78,21784932
2022-01-07,10.81,10.87,10.67,10.74,17397766
2022-01-10,10.7,10.91,10.66,10.8,18075150
2022-01-11,10.74,10.94,10.74,10.82,22166911
2022-01-12,10.85,10.91,10.77,10.83,17513667
2022-01-13,10.85,11.03,10.8,10.85,20582641
2022-01-14,10.82,10.85,10.43,10.54,23818469
2022-01-17,10.49,10.55,10.43,10.48,13065794
2022-01-18,10.49,10.56,10.43,10.49,11173802
2022-01-19,10.45,10.59,10.44,10.46,11813339
2022-01-20,10.46,10.51,10.31,10.38,18928503
2022-01-21,10.34,10.35,9.99,10.25,31826681
2022-01-24,10.15,10.25,10.08,10.25,13753534
2022-01-25,10.18,10.24,10.03,10.15,21024320
2022-01-26,10.11,10.16,10.05,10.15,13666728
2022-01-27,10.13,10.13,9.98,10.12,16968586
2022-01-28,10.09,10.14,10.05,10.1,13183210
2022-02-07,10.2,10.24,10.15,10.2,14142801
2022-02-08,10.18,10.25,10.12,10.23,12809319
2022-02-09,10.19,10.29,10.18,10.27,11543291
2022-02-10,10.31,10.5,10.24,10.42,16610596
2022-02-11,10.39,10.53,10.33,10.36,12996894
2022-02-14,10.36,10.44,10.24,10.28,11573988
2022-02-15,10.28,10.3,10.18,10.21,8505266
2022-02-16,10.19,10.31,10.16,10.23,10055339
2022-02-17,10.24,10.24,10.15,10.16,9510239
2022-02-18,10.1,10.36,10.1,10.33,14241859
2022-02-21,10.38,10.38,10.26,10.32,8672447
2022-02-22,10.27,10.35,10.16,10.2,11998152
2022-02-23,10.2,10.26,10.18,10.22,8840840
2022-02-24,10.23,10.39,10.0,10.14,24167607
2022-02-25,10.14,10.18,10.06,10.12,14307235
2022-02-28,10.05,10.11,9.98,10.03,12662676
2022-03-01,10.0,10.04,9.69,9.9,37476608
2022-03-02,9.81,9.9,9.69,9.86,29765497
2022-03-03,9.8,9.85,9.75,9.8,16860257
2022-03-04,9.81,9.81,9.66,9.7,14615657
2022-03-07,9.6,9.64,9.22,9.22,23210363
2022-03-08,9.22,9.23,8.67,8.75,30497966
2022-03-09,8.73,8.75,7.93,8.5,43421158
2022-03-10,8.64,8.84,8.58,8.68,29663296
2022-03-11,8.46,8.64,8.32,8.58,17426650
2022-03-14,8.49,8.63,8.33,8.5,20617437
2022-03-15,8.44,8.44,8.03,8.42,28456354
2022-03-16,8.35,8.52,8.15,8.45,20907802
2022-03-17,8.53,8.67,8.49,8.5,19088329
2022-03-18,8.43,8.48,8.34,8.45,15228973
2022-03-21,8.42,8.49,8.37,8.45,13093051
2022-03-22,8.39,8.45,8.34,8.43,13592649
2022-03-23,8.41,8.43,8.36,8.43,11139600
2022-03-24,8.38,8.45,8.23,8.45,16020160
2022-03-25,8.43,8.83,8.4,8.51,29236313
2022-03-28,8.49,8.64,8.34,8.59,14980790
2022-03-29,8.61,8.72,8.53,8.58,11330756
2022-03-30,8.65,8.69,8.58,8.6,11964374
2022-03-31,8.57,8.59,8.45,8.5,12139462
2022-04-01,8.47,8.54,8.42,8.52,12324551
2022-04-06,8.51,8.61,8.45,8.59,13679120
2022-04-07,8.58,8.73,8.54,8.54,17943705
2022-04-08,8.52,8.65,8.45,8.63,20544392
2022-04-11,8.61,8.67,8.35,8.48,19565715
2022-04-12,8.45,8.51,8.2,8.5,17439720
2022-04-13,8.4,8.48,8.33,8.48,20908400
2022-04-14,8.42,8.55,8.42,8.5,13254846
2022-04-15,8.48,8.58,8.35,8.49,21558132
2022-04-18,8.4,8.44,8.35,8.4,17429578
2022-04-19,8.36,8.42,8.27,8.42,18972771
2022-04-20,8.39,8.4,8.33,8.36,11976075
2022-04-21,8.3,8.33,8.0,8.0,19724224
2022-04-22,7.89,8.07,7.79,7.95,15860487
2022-04-25,7.87,7.92,7.35,7.35,19799991
2022-04-26,7.35,7.38,7.03,7.3,28275047
2022-04-27,7.18,7.4,7.1,7.35,27746444
2022-04-28,7.32,7.41,7.26,7.33,11924464
2022-04-29,7.36,7.64,7.33,7.62,13882331
2022-05-05,7.63,8.01,7.6,7.97,16605464
2022-05-06,7.83,8.03,7.81,7.89,10028961
2022-05-09,7.9,8.01,7.86,7.96,7592245
2022-05-10,7.85,7.95,7.8,7.86,11847446
2022-05-11,7.88,8.15,7.85,8.04,18097188
2022-05-12,8.26,8.77,8.22,8.61,46229229
2022-05-13,8.6,8.66,8.42,8.43,19966956
2022-05-16,8.48,8.58,8.4,8.47,13500812
2022-05-17,8.45,8.57,8.43,8.46,8914063
2022-05-18,8.43,8.5,8.37,8.37,7984593
2022-05-19,8.3,8.37,8.15,8.37,9795295
2022-05-20,8.38,8.96,8.37,8.7,23860785
2022-05-23,8.74,9.03,8.72,8.99,20216658
2022-05-24,8.99,9.1,8.79,8.79,14946633
2022-05-25,8.8,9.05,8.75,9.01,13599516
2022-05-26,9.01,9.59,9.01,9.46,35014896
2022-05-27,9.45,9.9,9.35,9.77,47156566
2022-05-30,10.04,10.55,10.03,10.42,60255179
2022-05-31,10.34,10.75,10.29,10.67,53005342
2022-06-01,10.63,10.73,10.16,10.33,36929914
2022-06-02,10.16,10.34,9.91,10.18,24697634
2022-06-06,10.3,10.6,10.18,10.52,32240484
2022-06-07,10.5,10.72,10.31,10.59,34825292
2022-06-08,10.85,11.1,10.45,10.62,33481004
2022-06-09,10.56,10.77,10.45,10.66,30586081
2022-06-10,10.55,11.49,10.5,11.38,67706067
2022-06-13,11.47,11.67,11.25,11.61,42499930
2022-06-14,11.45,12.33,11.4,12.12,50452071
2022-06-15,12.29,12.58,11.6,11.65,59699868
2022-06-16,11.67,11.84,11.0,11.24,61966881
2022-06-17,11.17,11.91,11.15,11.71,52011301
2022-06-20,11.69,11.69,10.65,10.89,66835902
2022-06-21,10.87,11.13,10.75,10.94,27682569
2022-06-22,11.04,11.24,10.58,10.63,29367932
2022-06-23,10.48,10.72,10.3,10.61,20750384
2022-06-24,10.73,10.89,10.58,10.76,19011985
2022-06-27,10.68,10.92,10.45,10.75,21286616
2022-06-28,10.79,11.36,10.78,11.2,40109457
2022-06-29,11.18,11.27,10.52,10.59,30558535
2022-06-30,10.56,10.6,10.33,10.51,23992570
2022-07-01,10.51,10.58,10.33,10.4,19360010
2022-07-04,10.37,10.52,10.29,10.42,19154790
2022-07-05,10.44,10.75,10.43,10.61,24034811
2022-07-06,10.28,10.32,9.97,10.05,28454352
2022-07-07,10.03,10.09,9.8,9.85,23398658
2022-07-08,9.9,10.0,9.84,9.86,10837079
2022-07-11,9.88,10.0,9.7,9.91,16293912
2022-07-12,9.9,10.2,9.76,9.97,19430107
2022-07-13,9.98,10.0,9.71,9.74,16713163
2022-07-14,9.74,9.74,9.5,9.66,19638500
2022-07-15,9.74,9.74,9.39,9.48,18178549
2022-07-18,9.48,9.62,9.44,9.57,18798124
2022-07-19,9.6,9.7,9.54,9.66,17003454
2022-07-20,9.7,9.88,9.61,9.83,38045930
2022-07-21,9.65,9.72,8.97,9.4,82990628
2022-07-22,9.29,9.54,9.18,9.32,20504193
2022-07-25,9.27,9.55,9.23,9.34,14782075
2022-07-26,9.36,9.5,9.25,9.48,9642289
2022-07-27,9.41,9.53,9.34,9.48,10122725
2022-07-28,9.53,9.6,9.43,9.56,11944190
2022-07-29,9.54,9.63,9.33,9.36,10604480
2022-08-01,9.35,9.45,9.21,9.4,7484631
2022-08-02,9.27,9.28,8.83,9.02,19560589
2022-08-03,8.95,9.21,8.78,8.78,15096235
2022-08-04,8.78,8.91,8.64,8.8,14111886
2022-08-05,8.86,8.88,8.66,8.87,22181150
2022-08-08,8.87,9.07,8.81,9.03,13216805
2022-08-09,9.09,9.2,8.95,9.06,12375010
2022-08-10,9.03,9.45,9.02,9.2,22120381
2022-08-11,9.22,9.44,9.2,9.35,15850475
2022-08-12,9.41,9.77,9.32,9.66,24035176
2022-08-15,9.62,9.75,9.4,9.43,16214258
2022-08-16,9.44,9.49,9.24,9.32,12182758
2022-08-17,9.32,9.32,9.18,9.25,10584144
2022-08-18,9.23,9.24,8.94,9.0,21278612
2022-08-19,9.05,9.07,8.91,8.92,10426246
2022-08-22,8.91,9.07,8.78,9.05,17252100
2022-08-23,9.21,9.69,9.21,9.64,50357323
2022-08-24,9.55,9.69,8.92,8.93,41935602
2022-08-25,8.93,9.4,8.91,9.33,29754011
2022-08-26,9.3,9.32,9.07,9.08,24608968
2022-08-29,8.93,9.37,8.89,9.35,19659704
2022-08-30,9.36,9.4,9.16,9.18,13142893
2022-08-31,9.1,9.2,9.01,9.05,14880391
2022-09-01,9.03,9.27,9.03,9.15,15019245
2022-09-02,9.23,9.23,9.01,9.02,12738794
2022-09-05,9.09,9.21,9.05,9.13,8751611
2022-09-06,9.11,9.34,9.08,9.33,18017171
2022-09-07,9.3,9.48,9.16,9.3,13441345
2022-09-08,9.27,9.34,9.17,9.27,7864823
2022-09-09,9.26,9.35,9.19,9.32,9851068
2022-09-13,9.36,9.39,9.18,9.2,10518317
2022-09-14,9.1,9.19,8.97,9.01,12628512
2022-09-15,9.05,9.12,8.66,8.72,18850008
2022-09-16,8.76,8.79,8.35,8.36,19285727
2022-09-19,8.37,8.5,8.24,8.4,11759912
2022-09-20,8.4,8.67,8.4,8.54,11265745
2022-09-21,8.48,8.5,8.33,8.4,10598105
2022-09-22,8.38,8.49,8.32,8.41,10877601
2022-09-23,8.42,8.52,8.19,8.26,22678886
2022-09-26,8.27,8.27,7.96,7.99,20611737
2022-09-27,7.99,8.07,7.84,8.04,11913143
2022-09-28,8.01,8.07,7.76,7.78,14632306
2022-09-29,7.9,7.96,7.65,7.72,18137803
2022-09-30,7.74,7.81,7.68,7.71,13532754
2022-10-10,7.79,7.84,7.52,7.59,15726453
2022-10-11,7.55,7.65,7.46,7.59,13164544
2022-10-12,7.58,7.62,7.35,7.6,17455797
2022-10-13,7.57,7.57,7.28,7.39,22305947
2022-10-14,7.43,7.54,7.38,7.5,22973456
2022-10-17,7.46,7.61,7.39,7.58,26091848
2022-10-18,7.62,7.65,7.48,7.5,19201178
2022-10-19,7.47,7.47,7.28,7.35,21448818
2022-10-20,7.3,7.3,7.07,7.13,56496519
2022-10-21,7.12,7.21,7.06,7.11,27464432
2022-10-24,7.14,7.19,6.89,6.96,34034115
2022-10-25,6.92,6.97,6.75,6.91,32617656
2022-10-26,6.84,7.1,6.82,7.02,23410701
2022-10-27,7.06,7.16,7.03,7.12,17514775
2022-10-28,6.99,7.13,6.71,6.81,71173011
2022-10-31,6.75,6.78,6.32,6.7,65244159
2022-11-01,6.66,6.72,6.59,6.71,30500217
2022-11-02,6.71,6.94,6.66,6.84,37402822
2022-11-03,6.76,6.92,6.76,6.83,21945184
2022-11-04,6.9,7.17,6.86,7.1,35256198
2022-11-07,7.1,7.22,7.06,7.14,23520563
2022-11-08,7.15,7.17,7.03,7.08,17506137
2022-11-09,7.1,7.14,7.01,7.02,13369896
2022-11-10,7.03,7.07,6.92,7.02,16041303
2022-11-11,7.12,7.22,7.08,7.15,28798347
2022-11-14,7.18,7.32,7.08,7.12,32461243
2022-11-15,7.19,7.23,7.05,7.21,19070365
2022-11-16,7.2,7.24,7.15,7.17,11312845
2022-11-17,7.14,7.16,7.05,7.13,16733432
2022-11-18,7.13,7.19,7.06,7.07,20022171
2022-11-21,7.06,7.17,6.98,7.08,14001449
2022-11-22,7.12,7.16,7.04,7.07,15514741
2022-11-23,7.07,7.13,7.04,7.08,12470318
2022-11-24,7.05,7.15,7.05,7.1,12067010
2022-11-25,7.09,7.3,7.08,7.23,24690987
2022-11-28,7.16,7.18,6.91,6.98,31702370
2022-11-29,7.09,7.24,7.02,7.23,35973763
2022-11-30,7.28,7.34,7.15,7.17,24696496
2022-12-01,7.3,7.34,7.22,7.25,22712507
2022-12-02,7.3,7.31,7.22,7.27,21843448
2022-12-05,7.28,7.39,7.27,7.37,20596935
2022-12-06,7.35,7.41,7.31,7.37,18659199
2022-12-07,7.4,7.55,7.31,7.34,31425807
2022-12-08,7.44,7.46,7.33,7.36,30033049
2022-12-09,7.36,7.4,7.28,7.4,50675606
2022-12-12,7.36,7.37,7.1,7.11,46914656
2022-12-13,7.17,7.17,7.07,7.13,21192377
2022-12-14,7.1,7.17,7.08,7.13,16485171
2022-12-15,7.12,7.18,7.07,7.08,14881665
2022-12-16,7.1,7.14,6.99,7.12,19008292
2022-12-19,7.09,7.13,6.86,6.89,20703250
2022-12-20,6.97,6.97,6.84,6.89,11297501
2022-12-21,6.89,6.94,6.85,6.9,9046657
2022-12-22,6.97,6.98,6.75,6.79,16135980
2022-12-23,6.8,6.86,6.68,6.82,16095632
2022-12-26,6.8,6.92,6.8,6.88,10551639
2022-12-27,6.89,6.96,6.88,6.94,8133125
2022-12-28,6.97,6.98,6.89,6.95,9215172
2022-12-29,6.91,7.03,6.85,6.97,17988206
2022-12-30,6.95,7.07,6.88,7.03,21187333
2023-01-03,7.07,7.08,6.93,6.97,22407481
2023-01-04,6.98,6.99,6.88,6.93,21973267
2023-01-05,6.92,7.06,6.9,7.04,23409299
2023-01-06,7.07,7.27,7.03,7.22,36306568
2023-01-09,7.22,7.31,7.16,7.23,19018293
2023-01-10,7.22,7.29,7.1,7.2,19115010
2023-01-11,7.22,7.24,7.12,7.13,8615427
2023-01-12,7.16,7.16,7.06,7.12,12932006
2023-01-13,7.11,7.25,7.11,7.25,17759097
2023-01-16,7.33,7.39,7.21,7.32,21683541
2023-01-17,7.3,7.33,7.26,7.31,9793023
2023-01-18,7.3,7.43,7.29,7.35,13075959
2023-01-19,7.35,7.38,7.31,7.34,9797888
2023-01-20,7.37,7.4,7.35,7.39,10232540
2023-01-30,7.48,7.52,7.34,7.38,23133164
2023-01-31,7.12,7.81,7.08,7.8,75549754
2023-02-01,7.79,8.1,7.67,8.01,56598646
2023-02-02,8.03,8.22,7.95,8.05,28977673
2023-02-03,8.15,8.15,7.76,7.81,28016318
2023-02-06,7.76,7.77,7.62,7.74,18500240
2023-02-07,7.73,7.78,7.68,7.74,10904599
2023-02-08,7.73,7.85,7.56,7.58,21078488
2023-02-09,7.56,7.69,7.52,7.63,28102638
2023-02-10,7.6,7.8,7.57,7.69,48241969
2023-02-13,7.72,7.75,7.65,7.69,22611398
2023-02-14,7.7,8.25,7.7,8.2,68618437
2023-02-15,8.22,8.25,8.01,8.03,30154334
2023-02-16,8.09,8.1,7.77,7.83,27176577
2023-02-17,7.91,8.39,7.85,8.23,60180580
2023-02-20,8.27,8.43,8.19,8.25,39500947
2023-02-21,8.25,8.38,8.16,8.27,28850903
2023-02-22,8.24,8.31,8.21,8.24,18683441
2023-02-23,8.27,8.3,8.13,8.25,18856628
2023-02-24,8.28,8.29,8.15,8.15,12969368
2023-02-27,8.11,8.18,8.03,8.06,16106884
2023-02-28,8.04,8.14,8.03,8.12,12480790
2023-03-01,8.15,8.23,8.11,8.13,16059853
2023-03-02,8.15,8.36,8.1,8.2,49156043
2023-03-03,8.2,8.35,8.15,8.3,20623336
2023-03-06,8.31,8.35,8.06,8.18,30030879
2023-03-07,8.19,8.28,8.0,8.01,21193635
2023-03-08,8.0,8.13,7.97,8.05,21969759
2023-03-09,8.08,8.17,7.98,8.04,27614006
2023-03-10,8.09,8.14,7.9,7.99,22074062
2023-03-13,7.98,8.04,7.8,7.83,20341652
2023-03-14,7.78,7.87,7.68,7.75,14785164
2023-03-15,7.78,8.1,7.78,7.81,47373914
2023-03-16,7.75,7.82,7.55,7.56,18046411
2023-03-17,7.64,7.7,7.52,7.53,36365631
2023-03-20,7.67,7.75,7.4,7.42,23525067
2023-03-21,7.43,7.5,7.41,7.47,13819840
2023-03-22,7.48,7.57,7.43,7.52,14588599
2023-03-23,7.52,7.53,7.44,7.51,12483523
2023-03-24,7.5,7.73,7.42,7.7,20548367
2023-03-27,7.7,7.84,7.6,7.79,22973520
2023-03-28,8.35,8.46,8.08,8.29,89387020
2023-03-29,8.23,8.31,7.86,7.88,49752975
2023-03-30,7.83,8.01,7.7,7.95,32079679
2023-03-31,7.94,8.15,7.89,8.12,25244254
2023-04-03,8.14,8.22,8.12,8.17,28294925
2023-04-04,8.14,8.19,8.05,8.13,25693486
2023-04-06,8.26,8.39,8.15,8.3,38428899
2023-04-07,8.37,8.52,8.31,8.48,35632581
2023-04-10,8.72,8.87,8.54,8.66,53795567
2023-04-11,8.66,8.85,8.59,8.8,50444967
2023-04-12,8.77,9.0,8.75,8.88,45217390
2023-04-13,8.91,8.99,8.81,8.88,36229568
2023-04-14,8.88,8.91,8.66,8.79,43449705
2023-04-17,8.81,8.92,8.7,8.75,52191271
2023-04-18,8.75,8.75,8.47,8.49,38682758
2023-04-19,8.56,8.65,8.46,8.59,21943940
2023-04-20,8.56,8.7,8.43,8.65,37478514
2023-04-21,8.64,8.68,8.44,8.5,27741442
2023-04-24,8.5,8.5,7.65,7.75,88948970
2023-04-25,7.75,7.92,7.59,7.83,64263566
2023-04-26,7.77,8.07,7.72,7.93,28435655
2023-04-27,7.9,7.95,7.57,7.67,29863455
2023-04-28,7.6,7.77,7.49,7.67,28399067
2023-05-04,7.6,7.61,7.44,7.59,22620028
2023-05-05,7.54,7.55,7.23,7.5,44673012
2023-05-08,7.42,7.52,7.33,7.37,20732584
2023-05-09,7.37,7.38,7.2,7.21,16279872
2023-05-10,7.2,7.28,7.15,7.18,13144278
2023-05-11,7.15,7.22,7.07,7.1,14096152
2023-05-12,7.12,7.17,7.0,7.01,10411435
2023-05-15,7.0,7.01,6.86,6.97,16133357
2023-05-16,6.98,7.02,6.91,6.99,9665900
2023-05-17,6.98,7.06,6.89,6.9,15340799
2023-05-18,6.9,6.91,6.8,6.81,12112500
2023-05-19,6.8,6.87,6.73,6.86,9561120
2023-05-22,6.86,6.98,6.82,6.98,13311044
2023-05-23,6.94,7.04,6.89,6.9,10735647
2023-05-24,6.89,6.92,6.82,6.86,7390700
2023-05-25,6.85,6.9,6.76,6.82,7443713
2023-05-26,6.83,6.84,6.74,6.83,5707760
2023-05-29,6.83,6.88,6.76,6.76,7971800
2023-05-30,6.76,6.82,6.64,6.81,10313220
2023-05-31,6.78,6.79,6.69,6.7,8093476
2023-06-01,6.73,6.8,6.68,6.74,7968581
2023-06-02,6.75,6.95,6.75,6.92,13577017
2023-06-05,6.92,6.95,6.87,6.93,7322501
2023-06-06,6.94,6.95,6.82,6.84,7405800
2023-06-07,6.87,6.9,6.78,6.8,6337701
2023-06-08,6.8,6.92,6.72,6.86,13358281
2023-06-09,6.85,6.88,6.57,6.65,25007973
2023-06-12,6.65,6.72,6.55,6.69,13666803
2023-06-13,6.65,6.72,6.65,6.67,8189657
2023-06-14,6.68,6.93,6.66,6.8,19060298
2023-06-15,6.84,6.94,6.76,6.86,14672800
2023-06-16,6.86,6.92,6.78,6.85,11027389
2023-06-19,6.84,6.86,6.77,6.79,6433375
2023-06-20,6.8,6.8,6.69,6.7,6529757
2023-06-21,6.69,6.74,6.58,6.65,13551900
2023-06-26,6.6,6.68,6.56,6.61,8982011
2023-06-27,6.62,6.88,6.6,6.8,16508846
2023-06-28,6.8,6.85,6.71,6.79,8090300
2023-06-29,6.78,6.78,6.67,6.68,7616300
2023-06-30,6.69,6.81,6.67,6.78,8288760
2023-07-03,6.78,6.87,6.78,6.84,9987065
2023-07-04,6.85,6.86,6.77,6.85,7563891
2023-07-05,6.85,6.88,6.82,6.86,9755785
2023-07-06,6.86,6.86,6.72,6.74,10955060
2023-07-07,6.75,6.81,6.7,6.77,9420500
2023-07-10,6.77,6.84,6.76,6.82,10490827
2023-07-11,6.82,6.87,6.78,6.85,8162547
2023-07-12,6.87,7.02,6.85,6.92,16105215
2023-07-13,6.93,6.98,6.91,6.96,10970632
2023-07-14,6.97,6.98,6.9,6.96,6501208
2023-07-17,6.94,6.96,6.88,6.93,8681450
2023-07-18,6.95,7.02,6.92,7.02,11340905
2023-07-19,7.06,7.14,6.98,7.04,9171760
2023-07-20,7.02,7.07,6.95,6.95,7232002
2023-07-21,6.98,7.08,6.94,7.07,14524141
2023-07-24,7.06,7.07,6.99,7.01,8360744
2023-07-25,7.03,7.15,7.03,7.11,11918905
2023-07-26,7.11,7.17,7.1,7.16,6064252
2023-07-27,7.17,7.35,7.11,7.12,16711989
2023-07-28,7.15,7.2,7.08,7.19,10130596
2023-07-31,7.26,7.32,7.22,7.3,13349800
2023-08-01,7.29,7.33,7.24,7.28,10588863
2023-08-02,7.28,7.33,7.23,7.29,21435754
2023-08-03,7.28,7.38,7.26,7.38,14212092
2023-08-04,7.38,7.44,7.26,7.27,10584299
2023-08-07,7.27,7.33,7.16,7.3,11584980
2023-08-08,7.29,7.51,7.24,7.47,19271997
2023-08-09,7.47,7.49,7.41,7.48,10045640
2023-08-10,7.48,7.66,7.47,7.64,16575708
2023-08-11,7.64,7.7,7.53,7.56,14069063
2023-08-14,7.51,7.61,7.46,7.59,18043792
2023-08-15,7.59,7.64,7.4,7.52,14246342
2023-08-16,7.5,7.5,7.33,7.36,10432489
2023-08-17,7.34,7.36,7.12,7.32,13981916
2023-08-18,7.31,7.36,7.26,7.26,7741273
2023-08-21,7.26,7.33,7.16,7.17,10282244
2023-08-22,7.21,7.3,7.11,7.3,14512539
2023-08-23,7.29,7.55,7.23,7.45,21968151
2023-08-24,7.45,7.53,7.38,7.44,18239502
2023-08-25,7.44,7.75,7.38,7.73,44865645
2023-08-28,8.02,8.1,7.67,7.8,53172800
2023-08-29,7.79,7.85,7.71,7.75,18256916
2023-08-30,7.76,7.88,7.72,7.75,16723439
2023-08-31,7.76,7.83,7.65,7.67,10039118
2023-09-01,7.68,7.81,7.62,7.78,13370516
2023-09-04,7.8,7.91,7.75,7.85,16723309
2023-09-05,7.82,7.84,7.71,7.73,8993724
2023-09-06,7.74,7.76,7.58,7.61,12968969
2023-09-07,7.58,7.72,7.52,7.63,19207800
2023-09-08,7.65,7.79,7.56,7.77,16986542
2023-09-11,7.77,7.82,7.66,7.73,24002672
2023-09-12,7.7,7.72,7.58,7.69,13451800
2023-09-13,7.66,7.76,7.62,7.7,8861398
2023-09-14,7.66,7.75,7.66,7.71,11836012
2023-09-15,7.7,7.82,7.52,7.53,15483720
2023-09-18,7.51,7.6,7.47,7.59,10008835
2023-09-19,7.6,7.68,7.57,7.62,19872179
2023-09-20,7.58,7.66,7.53,7.58,20284912
2023-09-21,7.54,7.6,7.36,7.46,13622544
2023-09-22,7.43,7.6,7.39,7.51,21285397
2023-09-25,7.48,7.5,7.39,7.45,11239915
2023-09-26,7.43,7.5,7.36,7.37,9071163
2023-09-27,7.35,7.43,7.27,7.36,12237190
2023-09-28,7.39,7.42,7.24,7.35,13493930
2023-10-09,7.3,7.31,7.16,7.23,11285283
2023-10-10,7.21,7.25,7.17,7.19,4441495
2023-10-11,7.18,7.21,7.13,7.14,4892389
2023-10-12,7.16,7.22,7.14,7.14,7279139
2023-10-13,7.11,7.13,7.03,7.11,5877100
2023-10-16,7.08,7.21,7.0,7.21,10915503
2023-10-17,7.19,7.23,7.15,7.19,7948289
2023-10-18,7.18,7.25,7.09,7.11,9521246
2023-10-19,7.08,7.1,6.92,7.03,15249800
2023-10-20,7.0,7.0,6.89,6.98,9858781
2023-10-23,6.86,6.97,6.68,6.69,7973938
2023-10-24,6.73,6.75,6.64,6.67,10047601
2023-10-25,6.69,6.84,6.69,6.79,7595900
2023-10-26,6.83,7.1,6.76,7.06,15638451
2023-10-27,7.04,7.16,7.01,7.08,9136264
2023-10-30,7.1,7.4,7.09,7.36,17363619
2023-10-31,7.38,7.38,7.14,7.19,18831038
2023-11-01,7.2,7.23,7.13,7.18,6850996
2023-11-02,7.19,7.27,7.16,7.17,4805600
2023-11-03,7.16,7.32,7.15,7.22,7644700
2023-11-06,7.23,7.29,7.15,7.16,10350964
2023-11-07,7.19,7.25,7.13,7.2,6157630
2023-11-08,7.2,7.21,7.11,7.17,6586256
2023-11-09,7.16,7.19,7.12,7.13,5360325
2023-11-10,7.09,7.15,7.08,7.12,5184700
2023-11-13,7.11,7.15,6.98,7.07,7177356
2023-11-14,7.05,7.12,7.05,7.09,5105782
2023-11-15,7.12,7.19,7.12,7.15,6318245
2023-11-16,7.15,7.18,7.11,7.12,4730200
2023-11-17,7.11,7.13,6.99,7.0,9111626
2023-11-20,7.01,7.07,6.97,6.99,11414212
2023-11-21,7.01,7.05,6.96,6.96,10412506
2023-11-22,6.93,7.01,6.92,6.92,6756800
2023-11-23,6.95,7.01,6.9,6.98,7559836
2023-11-24,6.97,7.01,6.94,6.94,5088940
2023-11-27,6.92,6.96,6.85,6.92,5935090
2023-11-28,6.94,6.97,6.85,6.94,6344396
2023-11-29,6.96,6.98,6.87,6.87,4357301
2023-11-30,6.87,6.9,6.82,6.86,4589547
2023-12-01,6.85,6.88,6.76,6.79,6447794
2023-12-04,6.78,6.88,6.76,6.77,6339401
2023-12-05,6.75,6.77,6.7,6.7,5525940
2023-12-06,6.68,6.77,6.62,6.73,7539605
2023-12-07,6.73,6.76,6.66,6.71,5906072
2023-12-08,6.73,6.76,6.68,6.68,5402359
2023-12-11,6.66,6.83,6.56,6.78,10245801
2023-12-12,6.8,6.86,6.75,6.82,7494910
2023-12-13,6.88,6.9,6.75,6.75,7836600
2023-12-14,6.76,6.79,6.68,6.69,7735009
2023-12-15,6.71,6.75,6.64,6.64,8019423
2023-12-18,6.64,6.7,6.56,6.65,14990887
2023-12-19,6.62,6.72,6.55,6.7,18783900
2023-12-20,6.68,6.84,6.67,6.72,10607486
2023-12-21,6.7,6.75,6.66,6.69,9021211
2023-12-22,6.67,6.72,6.61,6.69,11477582
2023-12-25,6.67,6.71,6.62,6.69,5695300
2023-12-26,6.69,6.75,6.66,6.7,7122800
2023-12-27,6.68,6.71,6.62,6.68,8401300
2023-12-28,6.66,6.78,6.64,6.76,10030728
2023-12-29,6.75,6.78,6.71,6.72,8719346
2024-01-02,6.72,6.77,6.69,6.69,11040732
2024-01-03,6.69,6.83,6.69,6.8,13005446
2024-01-04,6.79,6.87,6.71,6.76,10478658
2024-01-05,6.77,6.8,6.71,6.73,7776230
2024-01-08,6.72,6.73,6.51,6.68,22507976
2024-01-09,6.61,6.71,6.53,6.7,18211424
2024-01-10,6.68,6.74,6.63,6.69,8598658
2024-01-11,6.67,6.72,6.63,6.68,7167407
2024-01-12,6.67,6.82,6.65,6.77,10744248
2024-01-15,6.77,6.81,6.71,6.72,5099639
2024-01-16,6.71,6.75,6.64,6.7,6115246
2024-01-17,6.66,6.71,6.5,6.67,29259316
2024-01-18,6.6,6.67,6.44,6.6,22384065
2024-01-19,6.56,6.61,6.52,6.57,15711176
2024-01-22,6.55,6.55,6.33,6.33,13741673
2024-01-23,6.27,6.4,6.11,6.37,10285381
2024-01-24,6.34,6.44,6.27,6.43,7945187
2024-01-25,6.42,6.63,6.39,6.62,10636938
2024-01-26,6.6,6.67,6.57,6.59,7911164
2024-01-29,6.6,6.65,6.52,6.53,7189958
2024-01-30,6.48,6.56,6.35,6.42,6102498
2024-01-31,6.37,6.44,6.22,6.23,7345454
2024-02-01,6.26,6.37,6.16,6.19,8745839
2024-02-02,6.25,6.44,6.1,6.17,13137473
2024-02-05,6.15,6.46,5.98,6.3,16653825
2024-02-06,6.17,6.93,6.17,6.93,29989616
2024-02-07,7.0,7.59,6.94,7.57,50418680
2024-02-08,7.55,7.95,7.45,7.49,47704511
2024-02-19,7.59,7.59,7.15,7.19,29733713
2024-02-20,7.2,7.23,7.13,7.17,11572638
2024-02-21,7.15,7.23,7.02,7.06,20075295
2024-02-22,7.05,7.1,6.96,7.04,15952630
2024-02-23,7.02,7.04,6.86,6.93,21280113
2024-02-26,6.89,6.94,6.79,6.82,19846300
2024-02-27,6.8,6.95,6.76,6.95,20014713
2024-02-28,6.95,6.99,6.8,6.8,30851313
2024-02-29,6.73,6.92,6.73,6.92,19039856
2024-03-01,6.92,6.98,6.85,6.89,22378134
2024-03-04,6.91,6.91,6.72,6.76,15546666
2024-03-05,6.71,6.76,6.66,6.73,13578404
2024-03-06,6.72,6.8,6.67,6.73,10151920
2024-03-07,6.76,6.87,6.73,6.75,16373700
2024-03-08,6.75,6.87,6.7,6.84,17523615
2024-03-11,6.81,6.87,6.71,6.8,14433298
2024-03-12,6.79,6.8,6.72,6.79,12351782
2024-03-13,6.77,6.78,6.7,6.7,10241132
2024-03-14,6.68,6.75,6.64,6.7,12239936
2024-03-15,6.66,6.73,6.62,6.73,12576815
2024-03-18,6.73,6.76,6.68,6.75,9536181
2024-03-19,6.75,6.78,6.69,6.69,8519200
2024-03-20,6.68,6.72,6.63,6.71,9442000
2024-03-21,6.7,6.71,6.65,6.66,7777323
2024-03-22,6.66,6.66,6.46,6.46,17075500
2024-03-25,6.44,6.56,6.35,6.44,11960193
2024-03-26,6.43,6.49,6.39,6.48,9742045
2024-03-27,6.48,6.52,6.4,6.4,9333563
2024-03-28,6.4,6.49,6.39,6.42,9144598
2024-03-29,6.42,6.55,6.41,6.54,9969883
2024-04-01,6.55,6.78,6.55,6.77,17209929
2024-04-02,6.78,6.9,6.76,6.89,16865170
2024-04-03,6.91,7.01,6.86,6.95,16583900
2024-04-08,6.97,7.06,6.9,6.91,15802930
2024-04-09,6.95,6.99,6.89,6.9,11799359
2024-04-10,6.87,6.95,6.81,6.84,11141995
2024-04-11,6.8,6.97,6.75,6.87,11931796
2024-04-12,6.88,6.94,6.82,6.85,11250111
2024-04-15,6.85,6.98,6.72,6.88,13694089
2024-04-16,6.82,6.95,6.72,6.75,16958867
2024-04-17,6.75,6.85,6.67,6.79,16595427
2024-04-18,6.78,6.94,6.71,6.88,12264923
2024-04-19,6.83,7.02,6.83,6.95,16346598
2024-04-22,7.07,7.12,6.94,6.94,24940780
2024-04-23,6.99,7.02,6.82,6.84,18906847
2024-04-24,6.83,6.88,6.74,6.86,14033550
2024-04-25,6.82,6.94,6.77,6.87,10896882
2024-04-26,6.83,7.05,6.83,7.04,16908915
2024-04-29,7.37,7.43,7.14,7.42,45087146
2024-04-30,7.4,7.54,7.36,7.49,29954410
2024-05-06,7.6,7.82,7.56,7.76,39110327
2024-05-07,7.69,7.77,7.63,7.69,31300518
2024-05-08,7.75,7.75,7.58,7.58,15283100
2024-05-09,7.6,7.73,7.59,7.64,16920590
2024-05-10,7.64,7.71,7.56,7.64,15601995
2024-05-13,7.62,7.69,7.54,7.61,15149402
2024-05-14,7.59,7.72,7.59,7.61,17169236
2024-05-15,7.61,7.66,7.51,7.53,12313605
2024-05-16,7.55,7.61,7.44,7.47,10623587
2024-05-17,7.5,7.62,7.46,7.6,11850350
2024-05-20,7.62,7.7,7.5,7.51,17905905
2024-05-21,7.49,7.56,7.43,7.48,9840815
2024-05-22,7.47,7.58,7.45,7.46,10005300
2024-05-23,7.46,7.47,7.32,7.34,11431005
2024-05-24,7.32,7.4,7.3,7.31,9180494
2024-05-27,7.31,7.41,7.3,7.4,10122670
2024-05-28,7.37,7.41,7.26,7.3,12219000
2024-05-29,7.27,7.37,7.23,7.27,8060310
2024-05-30,7.22,7.38,7.19,7.2,13765800
2024-05-31,7.22,7.33,7.16,7.17,14538288
2024-06-03,7.15,7.21,6.99,7.06,15416238
2024-06-04,7.01,7.15,6.97,7.12,11557999
2024-06-05,7.13,7.19,7.06,7.07,12086803
2024-06-06,7.04,7.12,7.0,7.05,12987018
2024-06-07,7.05,7.1,7.0,7.05,9969483
2024-06-11,7.07,7.13,6.92,6.93,16161761
2024-06-12,6.88,6.99,6.85,6.88,16248541
2024-06-13,6.92,6.93,6.82,6.85,16077932
2024-06-14,6.86,7.03,6.8,6.99,17816016
2024-06-17,6.98,7.05,6.91,6.99,20887418
2024-06-18,6.95,7.17,6.95,7.1,13920679
2024-06-19,7.13,7.15,7.03,7.09,9754092
2024-06-20,7.1,7.17,7.03,7.06,12817840
2024-06-21,7.14,7.16,7.03,7.05,23586022
2024-06-24,6.98,7.08,6.89,6.96,14256120
2024-06-25,6.88,7.11,6.88,7.03,14048469
2024-06-26,6.9,7.18,6.88,7.16,17310088
2024-06-27,7.16,7.18,7.05,7.07,16988600
2024-06-28,7.09,7.17,7.06,7.09,13759364
2024-07-01,7.07,7.29,7.04,7.23,15415919
2024-07-02,7.24,7.27,7.15,7.18,12020841
2024-07-03,7.18,7.25,7.11,7.12,14343512
2024-07-04,7.15,7.18,6.98,7.0,11862441
2024-07-05,7.0,7.22,6.96,7.19,16450005
2024-07-08,7.19,7.2,7.08,7.19,17311495
2024-07-09,7.16,7.27,7.1,7.26,20021161
2024-07-10,7.23,7.44,7.22,7.34,23606245
2024-07-11,7.41,7.47,7.3,7.46,23624357
2024-07-12,7.45,7.75,7.42,7.69,32338555
2024-07-15,7.64,7.71,7.56,7.62,30448736
2024-07-16,7.56,7.66,7.52,7.56,20887101
2024-07-17,7.53,7.55,7.44,7.5,18350903
2024-07-18,7.47,7.51,7.42,7.5,14963758
2024-07-19,7.49,7.49,7.3,7.34,12379700
2024-07-22,7.33,7.37,7.04,7.07,16222863
2024-07-23,7.07,7.1,6.66,6.68,24907020
2024-07-24,6.65,6.71,6.54,6.61,19980868
2024-07-25,6.61,6.63,6.51,6.54,13395690
2024-07-26,6.57,6.67,6.55,6.59,11167838
2024-07-29,6.6,6.6,6.38,6.39,17371011
2024-07-30,6.38,6.39,6.16,6.2,19097890
2024-07-31,6.19,6.48,6.06,6.46,28518725
2024-08-01,6.4,6.53,6.32,6.35,19697057
2024-08-02,6.33,6.39,6.28,6.29,16523033
2024-08-05,6.25,6.4,6.21,6.3,18615114
2024-08-06,6.33,6.38,6.25,6.37,16275930
2024-08-07,6.37,6.44,6.27,6.4,19546107
2024-08-08,6.4,6.53,6.38,6.47,14727000
2024-08-09,6.48,6.53,6.36,6.36,13608400
2024-08-12,6.33,6.36,6.28,6.29,14747322
2024-08-13,6.32,6.34,6.26,6.31,9350190
2024-08-14,6.3,6.3,6.11,6.12,14357182
2024-08-15,6.07,6.23,5.98,6.14,16735106
2024-08-16,6.13,6.2,6.11,6.16,19878447
2024-08-19,6.15,6.33,6.14,6.25,13381025
2024-08-20,6.22,6.25,6.08,6.16,12115098
2024-08-21,6.15,6.22,6.14,6.2,8945008
2024-08-22,6.21,6.21,6.12,6.16,13787324
2024-08-23,6.08,6.21,6.07,6.19,13065795
2024-08-26,6.15,6.2,5.66,5.99,72009402
2024-08-27,5.9,6.03,5.85,6.0,35194511
2024-08-28,5.97,6.1,5.93,6.03,17763732
2024-08-29,6.01,6.11,5.97,6.07,13716138
2024-08-30,6.07,6.23,5.98,6.08,20826779
2024-09-02,6.07,6.09,5.81,5.95,49080741
2024-09-03,5.94,6.0,5.89,5.95,16109121
2024-09-04,5.93,6.02,5.89,5.94,10441808
2024-09-05,5.96,5.98,5.87,5.92,11400500
2024-09-06,5.92,5.93,5.82,5.86,14336650
2024-09-09,5.85,5.86,5.74,5.74,13016298
2024-09-10,5.75,5.77,5.6,5.65,12490549
2024-09-11,5.61,5.65,5.58,5.6,8686924
2024-09-12,5.61,5.68,5.58,5.59,7573059
2024-09-13,5.6,5.62,5.5,5.5,8259173
2024-09-18,5.54,5.54,5.36,5.46,8521194
2024-09-19,5.49,5.64,5.43,5.55,10273116
2024-09-20,5.55,5.56,5.42,5.5,9442803
2024-09-23,5.47,5.54,5.44,5.47,6854542
2024-09-24,5.51,5.79,5.49,5.79,19559159
2024-09-25,5.84,6.04,5.81,5.84,18522825
2024-09-26,5.8,6.17,5.79,6.17,20104600
2024-09-27,6.3,6.48,6.22,6.4,23276868
2024-09-30,6.62,7.04,6.58,7.01,39087772
2024-10-08,7.7,7.71,7.03,7.22,50319516
2024-10-09,7.09,7.14,6.6,6.72,38739406
2024-10-10,6.82,6.96,6.64,6.74,24278894
2024-10-11,6.77,6.78,6.43,6.5,16470327
2024-10-14,6.49,6.56,6.42,6.51,15201311
2024-10-15,6.51,6.51,6.28,6.29,16325716
2024-10-16,6.23,6.42,6.2,6.32,12138534
2024-10-17,6.37,6.4,6.19,6.19,12339878
2024-10-18,6.2,6.49,6.13,6.33,24894762
2024-10-21,6.39,6.39,6.22,6.26,19862509
2024-10-22,6.25,6.34,6.21,6.34,15890826
2024-10-23,6.33,6.44,6.29,6.4,13750241
2024-10-24,6.5,6.53,6.36,6.39,21341830
2024-10-25,6.38,6.53,6.36,6.51,17625855
2024-10-28,6.55,6.6,6.47,6.59,16798204
2024-10-29,6.6,6.65,6.36,6.4,23618991
2024-10-30,6.32,6.44,6.23,6.4,25383573
2024-10-31,6.38,6.42,6.28,6.38,19021151
2024-11-01,6.37,6.44,6.28,6.31,18950321
2024-11-04,6.34,6.37,6.26,6.37,15112472
2024-11-05,6.38,6.47,6.34,6.45,20143266
2024-11-06,6.5,6.58,6.42,6.5,19838220
2024-11-07,6.47,6.64,6.46,6.64,19603439
2024-11-08,6.7,6.75,6.5,6.57,29024954
2024-11-11,6.5,6.55,6.39,6.49,22132114
2024-11-12,6.5,6.65,6.48,6.53,28241104
2024-11-13,6.53,6.62,6.49,6.58,17447820
2024-11-14,6.58,6.67,6.49,6.5,19442667
2024-11-15,6.49,6.58,6.45,6.51,16100143
2024-11-18,6.54,6.61,6.47,6.51,22950174
2024-11-19,6.54,6.54,6.34,6.44,19443607
2024-11-20,6.4,6.48,6.39,6.44,17545567
2024-11-21,6.45,6.51,6.35,6.45,18981514
2024-11-22,6.42,6.47,6.23,6.25,17054500
2024-11-25,6.17,6.29,6.09,6.12,33320666
2024-11-26,6.12,6.18,6.06,6.11,12851699
2024-11-27,6.11,6.18,6.01,6.18,13100567
2024-11-28,6.15,6.21,6.14,6.17,11355937
2024-11-29,6.15,6.27,6.15,6.22,13996909
2024-12-02,6.22,6.28,6.19,6.25,13303152
2024-12-03,6.25,6.27,6.16,6.26,12882947
2024-12-04,6.23,6.25,6.15,6.17,11892082
2024-12-05,6.17,6.19,6.13,6.17,9068781
2024-12-06,6.17,6.28,6.15,6.24,12169667
2024-12-09,6.25,6.38,6.24,6.28,13805103
2024-12-10,6.44,6.44,6.28,6.3,14855662
2024-12-11,6.28,6.39,6.27,6.36,11447616
2024-12-12,6.37,6.4,6.29,6.38,10549437
2024-12-13,6.35,6.36,6.19,6.19,17004304
2024-12-16,6.18,6.23,6.13,6.15,10500873
2024-12-17,6.15,6.19,6.08,6.1,12248234
2024-12-18,6.11,6.2,6.09,6.09,9081507
2024-12-19,6.06,6.08,5.99,6.06,10747473
2024-12-20,6.05,6.16,6.01,6.04,12863023
2024-12-23,6.07,6.08,5.97,5.98,12939822
2024-12-24,6.02,6.1,5.98,6.09,13113482
2024-12-25,6.12,6.12,5.99,6.02,9797161
2024-12-26,6.09,6.18,6.07,6.11,14036167
2024-12-27,6.11,6.16,6.09,6.13,11064300
2024-12-30,6.11,6.41,6.09,6.38,30355928
2024-12-31,6.39,6.58,6.27,6.28,27439726
2025-01-02,6.26,6.33,5.96,6.01,23718161
2025-01-03,6.02,6.18,5.99,6.02,19655200
2025-01-06,5.99,6.29,5.95,6.28,24854000
2025-01-07,6.3,6.31,6.17,6.27,16021905
2025-01-08,6.25,6.25,6.03,6.09,17842730
2025-01-09,6.06,6.1,6.0,6.05,10024948
2025-01-10,6.06,6.09,5.92,5.93,15371900
2025-01-13,5.89,6.07,5.86,6.02,11893600
2025-01-14,6.02,6.34,5.98,6.21,35958236
2025-01-15,6.2,6.26,6.1,6.13,26894849
2025-01-16,6.14,6.24,6.11,6.12,22933900
2025-01-17,6.11,6.25,6.05,6.05,24855700
2025-01-20,6.09,6.1,5.98,6.05,25712564
2025-01-21,6.06,6.1,5.97,6.06,23006278
2025-01-22,6.02,6.1,5.96,6.02,27640509
2025-01-23,6.05,6.11,6.02,6.03,19112799
2025-01-24,6.03,6.14,5.97,6.13,19595035
2025-01-27,6.12,6.23,6.12,6.13,16216919
2025-02-05,6.17,6.18,6.04,6.07,10575551
2025-02-06,6.06,6.09,6.03,6.08,10860491
2025-02-07,6.16,6.34,6.13,6.32,31744320
2025-02-10,6.3,6.32,6.22,6.24,13372908
2025-02-11,6.25,6.26,6.17,6.22,10165301
2025-02-12,6.2,6.37,6.19,6.36,17496550
2025-02-13,6.36,6.41,6.27,6.28,18019300
2025-02-14,6.28,6.3,6.2,6.25,11364496
2025-02-17,6.25,6.25,6.15,6.18,13957737
2025-02-18,6.19,6.2,6.07,6.1,14515215
2025-02-19,6.09,6.15,6.04,6.13,20459614
2025-02-20,6.11,6.31,6.04,6.05,36654398
2025-02-21,6.07,6.1,6.03,6.04,16366844
2025-02-24,6.06,6.1,6.03,6.06,14614126
2025-02-25,6.04,6.07,6.0,6.03,9496714
2025-02-26,6.02,6.08,6.02,6.08,10045413
2025-02-27,6.07,6.25,6.05,6.21,41177290
2025-02-28,6.22,6.36,6.12,6.24,54043314
2025-03-03,6.22,6.39,6.07,6.1,43513952
2025-03-04,6.12,6.12,6.02,6.07,14201780
2025-03-05,6.08,6.09,6.02,6.05,10454462
2025-03-06,6.06,6.18,6.04,6.17,20124249
2025-03-07,6.13,6.23,6.11,6.17,15791629
2025-03-10,6.16,6.43,6.1,6.21,46043664
2025-03-11,6.15,6.23,6.08,6.19,28068346
2025-03-12,6.19,6.22,6.13,6.14,13346377
2025-03-13,6.12,6.15,6.07,6.11,10911147
2025-03-14,6.1,6.15,6.08,6.15,13000492
2025-03-17,6.16,6.17,6.13,6.14,10552230
2025-03-18,6.14,6.16,6.12,6.14,10023504
2025-03-19,6.13,6.14,6.07,6.09,12803810
2025-03-20,6.08,6.11,6.07,6.09,6738051
2025-03-21,6.09,6.13,6.03,6.06,12763886
2025-03-24,6.04,6.07,6.01,6.05,13911145
2025-03-25,6.05,6.12,6.04,6.12,12555575
2025-03-26,6.11,6.17,6.08,6.11,11645735
2025-03-27,6.12,6.17,6.08,6.14,10017812
2025-03-28,6.13,6.14,6.05,6.07,10803017
2025-03-31,6.05,6.08,5.96,6.03,17316668
2025-04-01,6.02,6.06,6.02,6.03,6265467
2025-04-02,6.01,6.05,6.01,6.02,6683300
2025-04-03,5.99,6.04,5.97,6.03,9605192
2025-04-07,5.81,5.85,5.45,5.75,38525099
2025-04-08,5.71,6.01,5.68,6.0,28370837
2025-04-09,5.92,5.92,5.83,5.88,13860464
2025-04-10,5.9,5.98,5.87,5.88,10299020
2025-04-11,5.83,5.91,5.83,5.88,6437860
2025-04-14,5.91,5.92,5.87,5.89,5886878
2025-04-15,5.88,5.91,5.86,5.89,5567412
2025-04-16,5.88,5.89,5.8,5.88,6670008
2025-04-17,5.86,5.92,5.85,5.87,4323400
2025-04-18,5.87,5.95,5.86,5.92,3774600
2025-04-21,5.92,5.94,5.89,5.9,3554158
2025-04-22,5.88,5.92,5.88,5.9,4586322
2025-04-23,5.91,5.93,5.85,5.86,5589189
2025-04-24,5.87,5.9,5.83,5.88,5494807
2025-04-25,5.89,5.95,5.88,5.9,5732492
2025-04-28,5.92,5.92,5.85,5.86,4628697
2025-04-29,5.84,6.11,5.83,6.1,23223906
2025-04-30,6.09,6.13,5.99,6.09,13052743
2025-05-06,6.1,6.11,6.02,6.07,7775997
2025-05-07,6.1,6.11,6.04,6.07,7153001
2025-05-08,6.07,6.09,6.04,6.04,6246324
2025-05-09,6.05,6.06,5.99,6.02,6297128
2025-05-12,6.06,6.07,6.02,6.03,5102438
2025-05-13,6.07,6.07,6.02,6.04,6110223
2025-05-14,6.06,6.1,6.04,6.09,9701258
2025-05-15,6.07,6.14,6.06,6.1,10281702
2025-05-16,6.11,6.12,6.02,6.02,7773664
2025-05-19,6.02,6.06,6.0,6.03,5004043
2025-05-20,6.06,6.07,6.01,6.04,4800920
2025-05-21,6.04,6.07,6.03,6.03,4250865
2025-05-22,6.03,6.03,5.98,5.99,5333585
2025-05-23,5.99,6.04,5.97,5.98,5417903
2025-05-26,5.98,6.06,5.94,6.03,11930056
2025-05-27,6.05,6.05,6.0,6.04,4741099
2025-05-28,6.04,6.13,6.03,6.07,11076592
2025-05-29,6.07,6.15,6.04,6.07,10766525
2025-05-30,6.05,6.07,6.01,6.01,7686010
2025-06-03,6.02,6.09,6.01,6.09,8858100
2025-06-04,6.09,6.11,6.07,6.08,5591879
2025-06-05,6.08,6.09,6.04,6.04,4254992
2025-06-06,6.05,6.09,6.05,6.06,3939777
2025-06-09,6.06,6.1,6.05,6.07,5029100
2025-06-10,6.09,6.1,6.02,6.04,6393439
2025-06-11,6.03,6.08,6.03,6.04,4676834
2025-06-12,6.05,6.07,6.02,6.06,5406630
2025-06-13,6.11,6.2,6.09,6.1,28454604
2025-06-16,6.16,6.18,6.04,6.04,12981480
2025-06-17,6.04,6.05,6.01,6.03,6669232
2025-06-18,6.04,6.08,6.01,6.02,5877800
2025-06-19,6.02,6.05,5.99,6.03,7798708
2025-06-20,5.98,6.0,5.95,5.98,7410924
2025-06-23,6.03,6.04,5.98,6.03,7617920
2025-06-24,6.02,6.04,5.98,6.0,8676200
2025-06-25,6.01,6.04,5.99,6.03,8183702
2025-06-26,6.03,6.04,6.01,6.02,6846640
2025-06-27,6.03,6.06,5.99,5.99,10675808
2025-06-30,5.99,6.0,5.88,5.88,19286775
2025-07-01,5.88,5.91,5.85,5.88,8125342
2025-07-02,5.89,5.91,5.86,5.9,8591110
2025-07-03,5.91,5.92,5.89,5.9,8046582
2025-07-04,5.91,5.91,5.85,5.86,10634751
2025-07-07,5.85,5.86,5.82,5.85,7456482
2025-07-08,5.84,5.89,5.83,5.87,9296144
2025-07-09,5.88,5.89,5.86,5.86,7618582
2025-07-10,5.86,5.94,5.85,5.93,12320852
2025-07-11,5.94,5.96,5.91,5.93,9736070
2025-07-14,5.93,5.95,5.9,5.9,8727456
2025-07-15,5.9,5.91,5.82,5.83,11408746
2025-07-16,5.82,5.85,5.8,5.81,10252860
2025-07-17,5.82,5.83,5.8,5.82,7357125
2025-07-18,5.83,5.91,5.82,5.9,13372321
2025-07-21,5.95,6.07,5.9,6.03,25228535
2025-07-22,6.03,6.2,6.0,6.19,26479637
2025-07-23,6.23,6.27,6.14,6.16,22064844
2025-07-24,6.17,6.22,6.12,6.19,17392800
2025-07-25,6.22,6.27,6.17,6.18,15021089
2025-07-28,6.16,6.16,6.07,6.1,13195198
2025-07-29,6.09,6.13,6.0,6.09,11509182
2025-07-30,6.08,6.26,6.05,6.19,21291668
2025-07-31,6.15,6.16,5.97,5.99,21304891
2025-08-01,5.99,6.03,5.97,5.99,8473730
2025-08-04,5.97,5.99,5.94,5.97,8273312
2025-08-05,5.98,6.0,5.96,5.99,7953943
2025-08-06,5.98,6.03,5.95,5.99,8998122
2025-08-07,5.99,6.01,5.93,5.95,9374400
2025-08-08,5.95,6.0,5.94,5.97,7252552
2025-08-11,5.99,6.01,5.94,6.0,9018683
2025-08-12,6.0,6.02,5.97,6.0,7982600
2025-08-13,6.0,6.02,5.95,5.98,13067552
2025-08-14,5.98,5.99,5.89,5.9,13324000
2025-08-15,5.91,6.1,5.9,6.09,27480145
2025-08-18,6.11,6.18,6.06,6.18,24564693
2025-08-19,6.17,6.21,6.04,6.05,23102500
2025-08-20,6.08,6.25,6.02,6.24,37133886
2025-08-21,6.23,6.36,6.19,6.28,30230432
2025-08-22,6.29,6.36,6.26,6.35,24783804
2025-08-25,6.34,6.52,6.32,6.38,35738967
2025-08-26,6.39,6.64,6.35,6.49,34488446
2025-08-27,6.48,6.57,6.3,6.34,23232024
2025-08-28,6.3,6.44,6.25,6.42,22277102
2025-08-29,6.42,6.51,6.38,6.49,23166630
2025-09-01,6.54,6.63,6.4,6.55,26580252
2025-09-02,6.54,6.58,6.41,6.46,17477536
2025-09-03,6.46,6.49,6.32,6.35,16297625
2025-09-04,6.4,6.41,6.28,6.36,18704312
2025-09-05,6.36,6.42,6.3,6.41,14458958
2025-09-08,6.41,6.71,6.4,6.69,25500234
2025-09-09,6.68,6.78,6.66,6.71,20438789
2025-09-10,6.69,6.74,6.55,6.64,15967724
2025-09-11,6.61,6.75,6.58,6.74,24195048
2025-09-12,6.76,6.78,6.61,6.64,11911929
2025-09-15,6.66,6.71,6.55,6.6,13200297
2025-09-16,6.6,6.68,6.45,6.51,13329847
2025-09-17,6.49,6.52,6.42,6.46,9770523
2025-09-18,6.44,6.46,6.3,6.34,17523614
2025-09-19,6.33,6.45,6.3,6.42,12180110
2025-09-22,6.4,6.52,6.35,6.44,14068992
2025-09-23,6.41,6.46,6.25,6.41,16042811
2025-09-24,6.36,6.49,6.33,6.45,17170363
2025-09-25,6.46,6.49,6.37,6.39,9067450
2025-09-26,6.41,7.03,6.41,6.83,71635951
2025-09-29,6.76,6.89,6.62,6.73,47976341
2025-09-30,6.71,6.72,6.52,6.57,26488611
2025-10-09,6.57,6.7,6.43,6.66,27204264
2025-10-10,6.63,6.95,6.58,6.86,33312376
2025-10-13,6.68,6.82,6.64,6.71,30918298
2025-10-14,6.72,6.75,6.51,6.55,24726147
2025-10-15,6.57,6.66,6.51,6.62,17849366
2025-10-16,6.62,6.66,6.48,6.51,15590638
2025-10-17,6.54,6.6,6.35,6.36,15005902
2025-10-20,6.39,6.43,6.32,6.42,12197100
2025-10-21,6.42,6.5,6.39,6.46,11434296
2025-10-22,6.45,6.67,6.43,6.64,20897746
2025-10-23,6.66,7.0,6.66,6.99,38953024
2025-10-24,6.99,7.06,6.74,6.76,25299362
2025-10-27,6.79,6.92,6.7,6.88,23003304
2025-10-28,6.88,6.96,6.79,6.8,20569721
2025-10-29,6.78,6.98,6.74,6.89,17012252
2025-10-30,6.86,6.89,6.7,6.83,16268324
2025-10-31,6.78,6.86,6.66,6.7,20489159
2025-11-03,6.71,6.73,6.61,6.66,13475884
2025-11-04,6.65,6.68,6.52,6.57,15847728
2025-11-05,6.52,6.57,6.46,6.5,15519426
2025-11-06,6.5,6.72,6.47,6.69,20564028
2025-11-07,6.68,6.9,6.65,6.78,25965595
2025-11-10,7.01,7.37,6.99,7.3,64791029
2025-11-11,7.29,7.34,7.17,7.24,28467045
2025-11-12,7.25,7.34,7.17,7.27,19073272
2025-11-13,7.24,7.36,7.17,7.31,18743455
2025-11-14,7.3,7.58,7.24,7.26,28854217
2025-11-17,7.28,7.74,7.21,7.56,51172593
2025-11-18,7.56,7.63,7.29,7.33,26544580
2025-11-19,7.33,7.55,7.32,7.49,27480460
2025-11-20,7.44,7.6,7.3,7.36,22974420
2025-11-21,7.28,7.37,7.04,7.09,27623621
2025-11-24,7.13,7.16,6.95,6.96,16632900
2025-11-25,7.02,7.08,6.92,6.95,13139520
2025-11-26,6.99,7.0,6.8,6.81,15332143
2025-11-27,6.81,7.04,6.75,6.97,20185525
2025-11-28,7.01,7.34,7.0,7.33,30934502
2025-12-01,7.33,7.51,7.25,7.46,31295468
2025-12-02,7.94,8.21,7.94,8.21,127011373
2025-12-03,8.21,8.65,8.1,8.45,133533533
2025-12-04,8.41,8.41,8.18,8.22,70684025
2025-12-05,8.28,8.49,8.16,8.4,43510852
2025-12-08,8.56,8.76,8.2,8.35,56317896
2025-12-09,8.44,8.75,8.31,8.35,49205905
2025-12-10,8.4,8.42,8.23,8.33,31931686
2025-12-11,8.35,8.42,8.21,8.32,27733117
2025-12-12,8.32,8.41,8.08,8.13,47707267
2025-12-15,8.05,8.34,7.96,8.23,32592530
2025-12-16,8.11,8.15,7.47,7.57,69951705
2025-12-17,7.45,7.79,7.33,7.71,40572163
2025-12-18,7.67,7.97,7.62,7.88,35530157
2025-12-19,7.95,8.29,7.89,8.29,43735904
2025-12-22,8.44,9.05,8.44,8.79,61578960
2025-12-23,8.73,8.85,8.5,8.55,40254040
2025-12-24,8.61,9.41,8.51,9.34,81336596
2025-12-25,9.2,9.8,9.11,9.71,75848726
2025-12-26,9.68,9.97,9.59,9.92,44731649
2025-12-29,9.86,10.28,9.8,9.98,56014538
2025-12-30,9.94,10.98,9.93,10.98,92070453
2025-12-31,10.61,10.88,10.48,10.77,44565749
2026-01-05,10.77,10.83,10.14,10.4,73541134
2026-01-06,10.48,11.19,10.37,10.75,63750290
2026-01-07,10.71,11.02,10.65,10.73,45455169
2026-01-08,10.65,10.85,10.45,10.64,35705668
2026-01-09,10.68,10.81,10.31,10.49,51892037
2026-01-12,10.52,10.55,10.17,10.27,44799135
2026-01-13,10.27,10.46,10.07,10.3,36731372
2026-01-14,10.32,11.07,10.27,10.88,73032658
2026-01-15,10.84,11.05,10.58,10.67,37570310
2026-01-16,10.62,10.67,10.35,10.46,24864603
2026-01-19,10.4,11.18,10.35,11.09,49098393
2026-01-20,11.16,11.79,10.89,11.67,68067853
2026-01-21,11.33,11.53,11.08,11.39,44806898
2026-01-22,11.42,11.63,11.28,11.47,32530603
2026-01-23,11.48,11.86,11.26,11.7,42429593
2026-01-26,11.59,11.92,11.3,11.58,36221004
2026-01-27,11.57,12.23,11.4,11.68,35419417
2026-01-28,11.68,12.58,11.61,11.95,54899194
2026-01-29,11.96,12.35,11.77,12.18,43102461
2026-01-30,12.03,12.65,11.5,12.08,56049467
2026-02-02,11.9,12.03,11.05,11.09,74464112
2026-02-03,11.21,11.62,11.17,11.56,32928895
2026-02-04,11.6,11.89,11.44,11.83,28563514
2026-02-05,11.8,12.16,11.63,11.98,34460098
2026-02-06,11.78,12.7,11.5,12.58,45993582
2026-02-09,12.68,13.09,12.47,12.97,43690467
2026-02-10,12.75,13.42,12.52,13.33,48908244
2026-02-11,13.4,13.79,13.12,13.3,44413598
2026-02-12,13.22,13.37,13.03,13.2,21257809
2026-02-13,13.01,13.05,12.7,12.74,24385609
2026-02-24,12.96,13.07,12.7,12.72,25575563
2026-02-25,12.71,13.06,12.4,12.63,45166332
2026-02-26,12.58,12.8,12.42,12.51,30390310
2026-02-27,12.46,12.95,12.45,12.84,40292542
2026-03-02,13.13,13.3,12.32,13.21,65456663
2026-03-03,13.05,13.07,12.25,12.69,61628440
2026-03-04,12.34,12.5,11.58,11.9,75699653
2026-03-05,11.99,13.09,11.65,13.09,86002997
2026-03-06,12.73,13.27,12.37,12.95,77556517
2026-03-09,13.6,14.05,11.9,12.57,109290535
2026-03-10,12.1,12.25,11.79,11.9,53768395
2026-03-11,11.74,12.99,11.63,12.83,76970407
2026-03-12,13.09,13.2,12.46,12.48,53153161
2026-03-13,12.53,13.19,12.29,12.8,63376041
2026-03-16,12.78,12.89,12.0,12.11,50993224
2026-03-17,12.11,12.27,11.38,11.57,59077093
2026-03-18,11.57,11.61,11.2,11.4,35099816
2026-03-19,11.35,11.49,10.45,10.55,67080687
2026-03-20,10.53,11.05,10.45,10.76,56583143
2026-03-23,10.68,11.84,10.6,11.84,62943338
2026-03-24,12.29,12.29,11.74,12.14,63343478
2026-03-25,12.14,12.95,12.0,12.8,55560402
2026-03-26,12.8,13.07,12.52,12.59,30763161
2026-03-27,12.56,12.66,12.25,12.43,26733536
2026-03-30,12.67,12.76,12.0,12.35,50909092
2026-03-31,12.26,12.51,12.01,12.19,18790402
2026-04-01,12.3,12.87,12.25,12.68,29818666
2026-04-02,12.62,13.2,12.54,12.73,32157667
2026-04-03,12.73,13.0,12.43,12.87,28500873
2026-04-07,12.96,14.16,12.89,14.16,36043412
2026-04-08,14.16,14.93,13.86,14.83,104321636
2026-04-09,14.73,16.17,14.59,15.6,99546707
2026-04-10,15.59,16.2,15.59,15.9,64319640
2026-04-13,16.0,16.4,14.84,15.29,89736505
2026-04-14,15.23,15.9,14.66,15.65,73928512
2026-04-15,16.95,17.2,15.15,15.35,124741120
2026-04-16,15.55,16.16,15.22,15.97,78937794
2026-04-17,15.88,16.27,14.74,15.11,82621207
2026-04-20,15.11,16.0,14.93,15.3,64932892
2026-04-21,15.27,15.33,14.9,15.17,41676958
2026-04-22,15.21,15.3,14.79,14.99,38320946
2026-04-23,15.0,15.33,14.9,14.98,48914386
2026-04-24,14.88,15.24,14.54,14.97,49653823
2026-04-27,15.15,15.6,14.97,15.35,79911501
2026-04-28,15.36,15.9,15.11,15.83,108807794
2026-04-29,15.84,17.35,15.26,17.19,94027073
2026-04-30,17.1,18.17,16.91,17.65,73735882
2026-05-06,16.99,18.35,16.96,18.23,67887279
2026-05-07,17.52,17.69,16.41,16.41,86292436
2026-05-08,16.2,16.26,15.11,15.62,119475235
2026-05-11,15.63,16.03,15.27,15.57,75090218
2026-05-12,15.61,15.96,15.29,15.63,50052506
2026-05-13,15.47,15.97,15.22,15.31,43693218
2026-05-14,15.26,15.53,14.79,14.84,48603164
2026-05-15,14.88,15.24,14.65,14.84,38216072
2026-05-18,14.84,15.08,14.31,14.71,46254687
2026-05-19,14.73,14.98,14.36,14.75,36964529
2026-05-20,14.79,15.05,14.59,14.67,33026675
2026-05-21,14.54,14.71,13.99,14.02,52057472
2026-05-22,14.06,14.21,13.78,13.84,41327277
2026-05-25,13.72,13.88,13.16,13.41,67971061
2026-05-26,13.4,13.78,13.0,13.65,53308967
2026-05-27,13.58,13.64,12.92,13.14,42810855
2026-05-28,13.13,13.48,12.98,13.06,31119930
2026-05-29,12.97,13.2,12.74,12.85,29311582
2026-06-01,12.66,13.26,12.52,12.89,41937830
2026-06-02,12.91,13.44,12.89,13.16,51811125
2026-06-03,13.17,13.6,12.96,13.5,49657353
2026-06-04,13.39,13.4,12.91,13.11,43882457
2026-06-05,13.13,13.62,12.97,13.34,58278391
2026-06-08,13.16,13.43,12.84,12.99,47548963
2026-06-09,13.07,13.07,12.54,12.71,41086291
2026-06-10,12.55,13.05,12.39,12.66,30064416
2026-06-11,12.8,12.96,12.23,12.43,34273099
2026-06-12,12.65,13.46,12.26,13.03,68871709
2026-06-15,13.18,13.64,12.68,12.91,74898176
2026-06-16,12.75,13.25,12.51,12.78,53930029
2026-06-17,12.66,13.01,12.5,12.65,41932246
2026-06-18,12.53,12.68,12.25,12.46,41225377
2026-06-22,12.38,12.97,12.18,12.86,51099311
2026-06-23,13.26,14.15,13.13,13.58,98157243
2026-06-24,13.74,14.94,13.74,14.79,105540236
2026-06-25,14.68,15.68,13.9,15.53,118166887
2026-06-26,17.08,17.08,15.56,16.67,248103175
2026-06-29,16.0,16.1,15.0,15.0,76065497
2026-06-30,14.28,14.7,13.5,13.57,172860212
2026-07-01,13.6,14.86,13.2,14.64,160459974
2026-07-02,14.22,15.35,14.15,15.07,129360709
2026-07-03,15.37,15.64,14.51,14.56,102030628
2026-07-06,14.79,15.9,14.6,15.18,111614486
