Date,Open,High,Low,Close,Volume
2020-01-02,0.1797205828415191,0.1820546163849155,0.1782201327064786,0.1813877496582308,1216770.0
2020-01-03,0.1823880497482578,0.1840552165649695,0.1810543162948885,0.1823880497482578,1091916.0
2020-01-06,0.1808875996132173,0.1858891000633523,0.1803874495682038,0.1838884998832983,1236408.45
2020-01-07,0.1838884998832983,0.1850555166549965,0.1827214831116001,0.1848887999733253,602178.45
2020-01-08,0.1838884998832983,0.1843886499283118,0.1805541662498749,0.1813877496582308,1062796.0
2020-01-09,0.1827214831116001,0.1873895501983928,0.182554766429929,0.1873895501983928,905635.0
2020-01-10,0.1883898502884198,0.1893901503784468,0.1862225334266946,0.1878897002434063,614909.0
2020-01-13,0.1878897002434063,0.192557767330199,0.1867226834717082,0.1922243339668567,720048.0
2020-01-14,0.1923910506485278,0.1928912006935414,0.1892234336967757,0.189556867060118,617594.0
2020-01-15,0.1893901503784468,0.1908906005134873,0.1877229835617351,0.1898903004234604,539001.0
2020-01-16,0.1898903004234604,0.1917241839218432,0.1892234336967757,0.1898903004234604,465166.0
2020-01-17,0.1910573171951585,0.192557767330199,0.189556867060118,0.1902237337868027,531780.0
2020-01-20,0.1913907505585008,0.1963922510086359,0.190557167150145,0.1963922510086359,622896.85
2020-01-21,0.1962255343269647,0.1973925510986629,0.1938915007835684,0.1943916508285819,616760.85
2020-01-22,0.1927244840118702,0.1988930012337034,0.1902237337868027,0.1977259844620052,922447.0
2020-01-23,0.1957253842819512,0.1967256843719782,0.1863892501083658,0.189556867060118,1183730.0
2020-02-03,0.1710513153946184,0.1750525157547264,0.1705511653496048,0.1705511653496048,1270413.0
2020-02-04,0.1712180320762895,0.1735520656196859,0.1678836984428661,0.1728851988930012,3164386.0
2020-02-05,0.1733853489380147,0.1792204327965056,0.1723850488479877,0.1750525157547264,1852784.0
2020-02-06,0.1750525157547264,0.1800540162048614,0.1733853489380147,0.1788869994331632,1392237.52
2020-02-07,0.1785535660698209,0.1817211830215731,0.1775532659797939,0.1815544663399019,1080383.0
2020-02-10,0.1810543162948885,0.1830549164749425,0.1798872995231903,0.1827214831116001,803293.44
2020-02-11,0.1835550665199559,0.1847220832916541,0.1810543162948885,0.1828881997932713,710125.52
2020-02-12,0.1818878997032443,0.1858891000633523,0.1812210329765596,0.1858891000633523,842344.03
2020-02-13,0.18555566670001,0.187556266880064,0.1832216331566136,0.1843886499283118,796592.0
2020-02-14,0.1835550665199559,0.1878897002434063,0.1830549164749425,0.184555366609983,959839.86
2020-02-17,0.1867226834717082,0.1958921009636224,0.1867226834717082,0.1957253842819512,1608882.5
2020-02-18,0.1953919509186089,0.1970591177353206,0.192557767330199,0.1970591177353206,1096043.16
2020-02-19,0.1963922510086359,0.2007268847320863,0.1947250841919242,0.1960588176452936,1046620.2
2020-02-20,0.1965589676903071,0.2008936014137574,0.1943916508285819,0.2008936014137574,941429.17
2020-02-21,0.2017271848221133,0.2087292854523023,0.2008936014137574,0.2075622686806042,1057268.8
2020-02-24,0.2120636190857257,0.2259011036644326,0.2098963022240005,0.2254009536194191,3601517.35
2020-02-25,0.2225667700310093,0.2327364876129505,0.2110633189956987,0.2314027541595812,5728218.0
2020-02-26,0.2260678203461038,0.2289020039345137,0.2142309359474509,0.2160648194458337,3666687.0
2020-02-27,0.2183988529892301,0.2217331866226534,0.2102297355873428,0.2165649694908472,3114048.87
2020-02-28,0.2042279350471808,0.2100630189056717,0.2002267346870728,0.2025607682304691,3331669.26
2020-03-02,0.207395551998933,0.2193991530792571,0.2037277850021673,0.2160648194458337,3747571.0
2020-03-03,0.2260678203461038,0.2274015537994732,0.2110633189956987,0.2147310859924644,5202128.27
2020-03-04,0.2105631689506852,0.2155646694008202,0.2050615184555366,0.2118969024040545,3265125.46
2020-03-05,0.2190657197159148,0.2205661698509552,0.2095628688606582,0.2130639191757527,3663147.1
2020-03-06,0.2078957020439465,0.2133973525390951,0.2068954019539195,0.2108966023140275,1825595.38
2020-03-09,0.207395551998933,0.2152312360374779,0.2050615184555366,0.2050615184555366,3533276.53
2020-03-10,0.2058951018638925,0.2230669200760228,0.2005601680504151,0.2220666199859958,6421376.0
2020-03-11,0.2255676703010903,0.2284018538895002,0.2153979527191491,0.2157313860824914,7881223.96
2020-03-12,0.210396452269014,0.2175652695808742,0.210396452269014,0.2168984028541896,6672984.49
2020-03-13,0.2070621186355906,0.2207328865326265,0.2070621186355906,0.2168984028541896,8744377.56
2020-03-16,0.2162315361275049,0.2162315361275049,0.1970591177353206,0.1982261345070188,6634442.02
2020-03-17,0.2020606181854556,0.2048948017738655,0.1883898502884198,0.1975592677803341,4499508.87
2020-03-18,0.1988930012337034,0.203394351638825,0.1902237337868027,0.1903904504684738,3592618.41
2020-03-19,0.1913907505585008,0.2017271848221133,0.1882231336067487,0.1980594178253476,4987373.98
2020-03-20,0.2028942015938115,0.2030609182754826,0.1952252342369377,0.1992264345970458,4636507.9
2020-03-23,0.1922243339668567,0.2000600180054016,0.1902237337868027,0.1913907505585008,6009128.26
2020-03-24,0.1967256843719782,0.1978927011436764,0.1867226834717082,0.1948918008735954,4582155.6
2020-03-25,0.1993931512787169,0.2003934513687439,0.1963922510086359,0.1983928511886899,4337722.94
2020-03-26,0.1950585175552665,0.1963922510086359,0.1917241839218432,0.1918909006035144,3249352.73
2020-03-27,0.1948918008735954,0.1955586676002801,0.188556566970091,0.1888900003334333,2029156.07
2020-03-30,0.18555566670001,0.1857223833816812,0.1777199826614651,0.1807208829315461,3252101.13
2020-03-31,0.1835550665199559,0.1842219332466406,0.1785535660698209,0.1787202827514921,2401270.27
2020-04-01,0.1770531159347804,0.1827214831116001,0.1770531159347804,0.1775532659797939,1837587.77
2020-04-02,0.1775532659797939,0.1862225334266946,0.1773865492981227,0.1857223833816812,3013266.73
2020-04-03,0.1842219332466406,0.1850555166549965,0.1807208829315461,0.1817211830215731,1593463.49
2020-04-07,0.186555966790037,0.187556266880064,0.1850555166549965,0.1868894001533793,1560444.46
2020-04-08,0.18555566670001,0.1910573171951585,0.1852222333366676,0.1898903004234604,2114345.85
2020-04-09,0.1913907505585008,0.192557767330199,0.1900570171051315,0.190557167150145,1194184.17
2020-04-10,0.1897235837417892,0.1903904504684738,0.1822213330665866,0.1830549164749425,2175634.32
2020-04-13,0.1808875996132173,0.1808875996132173,0.1765529658897669,0.1775532659797939,3006135.65
2020-04-14,0.1787202827514921,0.182554766429929,0.1787202827514921,0.1823880497482578,1403102.88
2020-04-15,0.1820546163849155,0.1843886499283118,0.1807208829315461,0.1812210329765596,1405555.36
2020-04-16,0.1790537161148344,0.1832216331566136,0.1783868493881498,0.182554766429929,986625.38
2020-04-17,0.184555366609983,0.1867226834717082,0.182554766429929,0.1830549164749425,1402810.0
2020-04-20,0.1828881997932713,0.1860558167450235,0.1827214831116001,0.1860558167450235,1242494.13
2020-04-21,0.1848887999733253,0.18555566670001,0.1817211830215731,0.1853889500183388,1114189.87
2020-04-22,0.1832216331566136,0.1860558167450235,0.1830549164749425,0.1858891000633523,763818.86
2020-04-23,0.1860558167450235,0.1870561168350505,0.1812210329765596,0.1815544663399019,901170.87
2020-04-24,0.1815544663399019,0.1832216331566136,0.1777199826614651,0.1785535660698209,913488.22
2020-04-27,0.1792204327965056,0.1808875996132173,0.1773865492981227,0.1787202827514921,961741.5
2020-04-28,0.1788869994331632,0.1790537161148344,0.1698842986229202,0.1770531159347804,1816911.0
2020-04-29,0.1753859491180687,0.1777199826614651,0.1745523657097129,0.1758860991630822,1262127.81
2020-04-30,0.1780534160248074,0.18555566670001,0.1775532659797939,0.1847220832916541,2091427.87
2020-05-06,0.1827214831116001,0.1900570171051315,0.1827214831116001,0.189556867060118,1759712.95
2020-05-07,0.1933913507385549,0.1947250841919242,0.1883898502884198,0.188556566970091,2052720.94
2020-05-08,0.1903904504684738,0.193558067420226,0.1900570171051315,0.1922243339668567,2160405.63
2020-05-11,0.1933913507385549,0.1962255343269647,0.1923910506485278,0.1945583675102531,1958607.83
2020-05-12,0.193558067420226,0.1940582174652395,0.1888900003334333,0.1928912006935414,1270545.81
2020-05-13,0.190557167150145,0.1927244840118702,0.1903904504684738,0.1918909006035144,717036.49
2020-05-14,0.1908906005134873,0.1922243339668567,0.189556867060118,0.1898903004234604,845688.23
2020-05-15,0.1913907505585008,0.1937247841018972,0.1897235837417892,0.1912240338768297,1135208.0
2020-05-18,0.1913907505585008,0.1918909006035144,0.1850555166549965,0.1857223833816812,1245908.84
2020-05-19,0.1867226834717082,0.1882231336067487,0.18555566670001,0.187556266880064,781208.43
2020-05-20,0.1872228335167217,0.1888900003334333,0.1843886499283118,0.1858891000633523,1031950.84
2020-05-21,0.1862225334266946,0.1863892501083658,0.1805541662498749,0.1817211830215731,1384479.03
2020-05-22,0.1817211830215731,0.1830549164749425,0.1773865492981227,0.1792204327965056,1204012.15
2020-05-25,0.1775532659797939,0.1778866993431362,0.1728851988930012,0.1738854989830282,1515331.0
2020-05-26,0.1750525157547264,0.1782201327064786,0.1750525157547264,0.1777199826614651,1069168.16
2020-05-27,0.1775532659797939,0.1782201327064786,0.1752192324363976,0.1758860991630822,720078.85
2020-05-28,0.1755526657997399,0.1768863992531092,0.1715514654396318,0.1747190823913841,1202666.85
2020-05-29,0.1735520656196859,0.1755526657997399,0.1733853489380147,0.1747190823913841,601630.87
2020-06-01,0.1775532659797939,0.1838884998832983,0.1768863992531092,0.1837217832016272,1617567.25
2020-06-02,0.1843886499283118,0.1867226834717082,0.1830549164749425,0.1857223833816812,1249225.15
2020-06-03,0.1857223833816812,0.1892234336967757,0.1842219332466406,0.1858891000633523,1179834.25
2020-06-04,0.1862225334266946,0.1870561168350505,0.1843886499283118,0.184555366609983,638677.93
2020-06-05,0.1852222333366676,0.1867226834717082,0.1838884998832983,0.1857223833816812,724762.0
2020-06-08,0.1883898502884198,0.1908906005134873,0.1867226834717082,0.1870561168350505,775642.1
2020-06-09,0.1872228335167217,0.1878897002434063,0.18555566670001,0.187556266880064,674676.1
2020-06-10,0.1870561168350505,0.187556266880064,0.18555566670001,0.1867226834717082,909144.0
2020-06-11,0.1867226834717082,0.1902237337868027,0.1853889500183388,0.1867226834717082,912473.0
2020-06-12,0.182554766429929,0.1867226834717082,0.1822213330665866,0.1860558167450235,684100.0
2020-06-15,0.1847220832916541,0.1870561168350505,0.1833883498382848,0.1835550665199559,686399.69
2020-06-16,0.1867226834717082,0.1900570171051315,0.1853889500183388,0.188556566970091,1165318.0
2020-06-17,0.1893901503784468,0.1893901503784468,0.1860558167450235,0.187556266880064,581390.67
2020-06-18,0.1877229835617351,0.1923910506485278,0.1863892501083658,0.1912240338768297,2233248.67
2020-06-19,0.1910573171951585,0.1938915007835684,0.189556867060118,0.192557767330199,1717322.46
2020-06-22,0.1923910506485278,0.1950585175552665,0.1918909006035144,0.1942249341469107,1504986.8
2020-06-23,0.1938915007835684,0.1938915007835684,0.1903904504684738,0.1918909006035144,1080074.07
2020-06-24,0.1920576172851855,0.193558067420226,0.1917241839218432,0.1930579173752125,831714.0
2020-06-29,0.1917241839218432,0.192557767330199,0.189556867060118,0.1903904504684738,750559.0
2020-06-30,0.191557467240172,0.1957253842819512,0.191557467240172,0.1950585175552665,1056506.15
2020-07-01,0.1958921009636224,0.1963922510086359,0.1922243339668567,0.1950585175552665,1022444.05
2020-07-02,0.1950585175552665,0.1983928511886899,0.1932246340568837,0.1982261345070188,1388815.37
2020-07-03,0.1982261345070188,0.2030609182754826,0.1963922510086359,0.2023940515487979,1423733.95
2020-07-06,0.2052282351372078,0.2130639191757527,0.2030609182754826,0.2120636190857257,2377173.39
2020-07-07,0.2197325864425994,0.2197325864425994,0.2105631689506852,0.212397052449068,2586514.6
2020-07-08,0.2125637691307392,0.2175652695808742,0.2098963022240005,0.2167316861725184,1587743.46
2020-07-09,0.2167316861725184,0.2255676703010903,0.2163982528091761,0.2244006535293921,1698633.36
2020-07-10,0.2227334867126805,0.2255676703010903,0.2188990030342436,0.2203994531692841,1845772.07
2020-07-13,0.2193991530792571,0.2267346870727885,0.2193991530792571,0.2267346870727885,1404441.56
2020-07-14,0.2270681204361308,0.2280684205261578,0.2168984028541896,0.2217331866226534,1297908.72
2020-07-15,0.2212330365776399,0.2222333366676669,0.210396452269014,0.2118969024040545,2000146.32
2020-07-16,0.2122303357673969,0.2142309359474509,0.1998933013237304,0.2015604681404421,1692383.09
2020-07-17,0.2013937514587709,0.2055616685005502,0.1995598679603881,0.2023940515487979,1087324.71
2020-07-20,0.2052282351372078,0.2100630189056717,0.2032276349571538,0.2100630189056717,1103916.39
2020-07-21,0.210396452269014,0.212397052449068,0.20839585208896,0.2100630189056717,616328.47
2020-07-22,0.2100630189056717,0.2135640692207662,0.2085625687706311,0.2102297355873428,818237.13
2020-07-23,0.20839585208896,0.2087292854523023,0.2017271848221133,0.2068954019539195,920521.0
2020-07-24,0.205394951818879,0.2078957020439465,0.1968924010536494,0.1975592677803341,1155705.0
2020-07-27,0.1978927011436764,0.1995598679603881,0.1950585175552665,0.1977259844620052,559485.42
2020-07-28,0.1993931512787169,0.2007268847320863,0.1977259844620052,0.1998933013237304,550348.0
2020-07-29,0.2007268847320863,0.2078957020439465,0.2002267346870728,0.2075622686806042,802186.06
2020-07-30,0.2095628688606582,0.2108966023140275,0.2075622686806042,0.2080624187256177,648896.33
2020-07-31,0.2080624187256177,0.2125637691307392,0.2078957020439465,0.2102297355873428,622856.33
2020-08-03,0.2115634690407122,0.2175652695808742,0.2115634690407122,0.2172318362175319,841020.0
2020-08-04,0.2182321363075589,0.2190657197159148,0.2145643693107932,0.2150645193558067,703507.31
2020-08-05,0.2187322863525724,0.2190657197159148,0.2150645193558067,0.2173985528992031,715613.0
2020-08-06,0.2162315361275049,0.2183988529892301,0.2137307859024374,0.2182321363075589,742311.01
2020-08-07,0.2175652695808742,0.2175652695808742,0.2117301857223834,0.2147310859924644,641986.0
2020-08-10,0.2133973525390951,0.2162315361275049,0.2117301857223834,0.2130639191757527,1023340.41
2020-08-11,0.2125637691307392,0.2145643693107932,0.2097295855423293,0.2102297355873428,501001.0
2020-08-12,0.2088960021339735,0.2105631689506852,0.2045613684105232,0.2105631689506852,754074.51
2020-08-13,0.210396452269014,0.2112300356773698,0.20839585208896,0.2085625687706311,354748.96
2020-08-14,0.2087292854523023,0.211396752359041,0.2080624187256177,0.211396752359041,422195.0
2020-08-17,0.2115634690407122,0.2163982528091761,0.2108966023140275,0.2162315361275049,536989.0
2020-08-18,0.2157313860824914,0.2163982528091761,0.2137307859024374,0.2147310859924644,384149.0
2020-08-19,0.2137307859024374,0.2142309359474509,0.20839585208896,0.2088960021339735,445732.0
2020-08-20,0.2075622686806042,0.2090627188156447,0.2057283851822213,0.2085625687706311,341855.0
2020-08-21,0.2085625687706311,0.211396752359041,0.206395251908906,0.2082291354072888,484306.0
2020-08-24,0.2082291354072888,0.2125637691307392,0.2068954019539195,0.2118969024040545,671587.93
2020-08-25,0.2118969024040545,0.2135640692207662,0.2105631689506852,0.2112300356773698,352629.93
2020-08-26,0.2110633189956987,0.211396752359041,0.2058951018638925,0.206395251908906,392597.93
2020-08-27,0.2065619685905772,0.2097295855423293,0.2052282351372078,0.2092294354973158,364834.0
2020-08-28,0.2090627188156447,0.2102297355873428,0.2060618185455636,0.2102297355873428,341465.0
2020-08-31,0.2108966023140275,0.2133973525390951,0.2100630189056717,0.210396452269014,390956.0
2020-09-01,0.210396452269014,0.2107298856323564,0.2078957020439465,0.2105631689506852,320099.0
2020-09-02,0.2110633189956987,0.2128972024940815,0.2098963022240005,0.2118969024040545,429039.0
2020-09-03,0.2118969024040545,0.2118969024040545,0.20839585208896,0.2090627188156447,359114.0
2020-09-04,0.2075622686806042,0.2092294354973158,0.205394951818879,0.2088960021339735,346159.0
2020-09-07,0.2085625687706311,0.2110633189956987,0.204394651728852,0.205394951818879,395978.0
2020-09-08,0.205394951818879,0.2058951018638925,0.2010603180954286,0.2042279350471808,405704.0
2020-09-09,0.2015604681404421,0.2027274849121403,0.1973925510986629,0.1987262845520322,388221.0
2020-09-10,0.1990597179153746,0.2003934513687439,0.1893901503784468,0.1898903004234604,705205.0
2020-09-11,0.1898903004234604,0.193558067420226,0.1883898502884198,0.1928912006935414,403959.0
2020-09-14,0.1933913507385549,0.1968924010536494,0.1932246340568837,0.1953919509186089,309179.0
2020-09-15,0.1955586676002801,0.1958921009636224,0.1933913507385549,0.1952252342369377,286790.0
2020-09-16,0.1953919509186089,0.1953919509186089,0.1922243339668567,0.193558067420226,271138.0
2020-09-17,0.193558067420226,0.1958921009636224,0.1910573171951585,0.1942249341469107,332300.0
2020-09-18,0.1940582174652395,0.1972258344169918,0.193558067420226,0.1972258344169918,318730.0
2020-09-21,0.1973925510986629,0.1993931512787169,0.1968924010536494,0.1972258344169918,354047.0
2020-09-22,0.1955586676002801,0.1972258344169918,0.1938915007835684,0.1947250841919242,321974.0
2020-09-23,0.1947250841919242,0.1960588176452936,0.193558067420226,0.1950585175552665,316078.0
2020-09-24,0.1933913507385549,0.1938915007835684,0.1897235837417892,0.1898903004234604,379458.0
2020-09-25,0.1897235837417892,0.1908906005134873,0.187556266880064,0.1883898502884198,326901.99
2020-09-28,0.1883898502884198,0.1888900003334333,0.1862225334266946,0.1868894001533793,325899.0
2020-09-29,0.1870561168350505,0.190557167150145,0.1870561168350505,0.1893901503784468,318287.0
2020-09-30,0.1893901503784468,0.1900570171051315,0.1873895501983928,0.188556566970091,307851.0
2020-10-09,0.190557167150145,0.1940582174652395,0.190557167150145,0.1933913507385549,311165.0
2020-10-12,0.1945583675102531,0.1977259844620052,0.1940582174652395,0.1977259844620052,494461.0
2020-10-13,0.1975592677803341,0.1982261345070188,0.1960588176452936,0.1980594178253476,414841.0
2020-10-14,0.1972258344169918,0.1972258344169918,0.1953919509186089,0.1958921009636224,305763.0
2020-10-15,0.1958921009636224,0.1963922510086359,0.1940582174652395,0.1943916508285819,306884.0
2020-10-16,0.1933913507385549,0.1948918008735954,0.1907238838318162,0.1918909006035144,366760.0
2020-10-19,0.1983928511886899,0.1997265846420592,0.1920576172851855,0.1927244840118702,625448.0
2020-10-20,0.191557467240172,0.193558067420226,0.1898903004234604,0.193558067420226,387860.0
2020-10-21,0.1930579173752125,0.1932246340568837,0.1887232836517622,0.1898903004234604,407043.0
2020-10-22,0.1892234336967757,0.1898903004234604,0.1870561168350505,0.1890567170151045,191995.0
2020-10-23,0.1887232836517622,0.1900570171051315,0.1858891000633523,0.1867226834717082,437438.0
2020-10-26,0.1867226834717082,0.187556266880064,0.1838884998832983,0.186555966790037,321976.0
2020-10-27,0.1863892501083658,0.187556266880064,0.1848887999733253,0.1872228335167217,430736.0
2020-10-28,0.1872228335167217,0.1872228335167217,0.1828881997932713,0.1863892501083658,500828.0
2020-10-29,0.1837217832016272,0.18555566670001,0.1828881997932713,0.1850555166549965,432484.8
2020-10-30,0.1850555166549965,0.1867226834717082,0.1812210329765596,0.1818878997032443,651745.0
2020-11-02,0.1807208829315461,0.1818878997032443,0.1765529658897669,0.1788869994331632,749251.0
2020-11-03,0.1787202827514921,0.1838884998832983,0.1783868493881498,0.1830549164749425,816112.0
2020-11-04,0.1830549164749425,0.1833883498382848,0.1807208829315461,0.1820546163849155,415855.0
2020-11-05,0.1837217832016272,0.1917241839218432,0.182554766429929,0.1913907505585008,1737829.93
2020-11-06,0.1913907505585008,0.191557467240172,0.1883898502884198,0.1898903004234604,1333137.93
2020-11-09,0.191557467240172,0.1997265846420592,0.1913907505585008,0.1982261345070188,1315091.93
2020-11-10,0.1967256843719782,0.1972258344169918,0.1933913507385549,0.1942249341469107,953446.0
2020-11-11,0.1933913507385549,0.1938915007835684,0.1878897002434063,0.1883898502884198,932495.0
2020-11-12,0.1898903004234604,0.1902237337868027,0.187556266880064,0.1882231336067487,576680.0
2020-11-13,0.1870561168350505,0.1883898502884198,0.1857223833816812,0.1878897002434063,555443.0
2020-11-16,0.1887232836517622,0.1890567170151045,0.18555566670001,0.1868894001533793,417972.0
2020-11-17,0.1870561168350505,0.1870561168350505,0.1827214831116001,0.18555566670001,609063.27
2020-11-18,0.1843886499283118,0.186555966790037,0.1843886499283118,0.1860558167450235,367223.0
2020-11-19,0.1857223833816812,0.1883898502884198,0.1838884998832983,0.1877229835617351,652120.0
2020-11-20,0.1877229835617351,0.1887232836517622,0.1868894001533793,0.1882231336067487,467378.0
2020-11-23,0.1882231336067487,0.1887232836517622,0.1862225334266946,0.187556266880064,509648.0
2020-11-24,0.1870561168350505,0.1898903004234604,0.1867226834717082,0.1883898502884198,515336.0
2020-11-25,0.1890567170151045,0.1907238838318162,0.186555966790037,0.1880564169250775,803936.0
2020-11-26,0.1880564169250775,0.1882231336067487,0.1862225334266946,0.1868894001533793,428681.54
2020-11-27,0.1872228335167217,0.1872228335167217,0.1843886499283118,0.18555566670001,588383.0
2020-11-30,0.18555566670001,0.1868894001533793,0.1838884998832983,0.1853889500183388,669080.0
2020-12-01,0.1850555166549965,0.1873895501983928,0.1843886499283118,0.1872228335167217,567244.95
2020-12-02,0.187556266880064,0.1897235837417892,0.1863892501083658,0.1882231336067487,727409.0
2020-12-03,0.1880564169250775,0.1883898502884198,0.1863892501083658,0.1868894001533793,630173.0
2020-12-04,0.1860558167450235,0.1873895501983928,0.1853889500183388,0.186555966790037,529271.73
2020-12-07,0.1867226834717082,0.187556266880064,0.1850555166549965,0.1852222333366676,544894.0
2020-12-08,0.1857223833816812,0.1858891000633523,0.1842219332466406,0.184555366609983,449231.0
2020-12-09,0.1848887999733253,0.1850555166549965,0.1805541662498749,0.1808875996132173,773254.0
2020-12-10,0.1805541662498749,0.1808875996132173,0.1785535660698209,0.1795538661598479,647497.0
2020-12-11,0.1795538661598479,0.1798872995231903,0.1755526657997399,0.1772198326164516,1010842.0
2020-12-14,0.1773865492981227,0.1773865492981227,0.1757193824814111,0.1768863992531092,622734.0
2020-12-15,0.1767196825714381,0.1775532659797939,0.1758860991630822,0.1768863992531092,670356.0
2020-12-16,0.1777199826614651,0.1778866993431362,0.17271848221133,0.1728851988930012,1294544.0
2020-12-17,0.1728851988930012,0.1738854989830282,0.1702177319862625,0.1738854989830282,1079186.0
2020-12-18,0.1743856490280417,0.1743856490280417,0.1715514654396318,0.1722183321663165,799644.0
2020-12-21,0.1718848988029742,0.1742189323463705,0.1713847487579607,0.1740522156646994,731850.0
2020-12-22,0.1733853489380147,0.1733853489380147,0.1693841485779067,0.169717581941249,1174750.0
2020-12-23,0.1698842986229202,0.1715514654396318,0.1685505651695508,0.1713847487579607,935801.0
2020-12-24,0.1712180320762895,0.1720516154846454,0.1683838484878797,0.1688839985328931,867796.79
2020-12-25,0.168717281851222,0.1693841485779067,0.1673835483978527,0.1688839985328931,638197.0
2020-12-28,0.1688839985328931,0.1688839985328931,0.165716381581141,0.1660498149444833,1023489.0
2020-12-29,0.1662165316261545,0.1743856490280417,0.1660498149444833,0.1733853489380147,3011686.0
2020-12-30,0.1730519155746724,0.1733853489380147,0.1700510153045913,0.1733853489380147,2164327.0
2020-12-31,0.1738854989830282,0.1755526657997399,0.1718848988029742,0.1747190823913841,2114906.5
2021-01-04,0.1742189323463705,0.1778866993431362,0.1728851988930012,0.1773865492981227,1931573.0
2021-01-05,0.1762195325264245,0.1807208829315461,0.1755526657997399,0.1798872995231903,2611583.13
2021-01-06,0.1802207328865326,0.1805541662498749,0.1757193824814111,0.1765529658897669,1939518.0
2021-01-07,0.1768863992531092,0.1770531159347804,0.1710513153946184,0.1725517655296589,2131500.0
2021-01-08,0.171718182121303,0.1765529658897669,0.171718182121303,0.1750525157547264,1998389.27
2021-01-11,0.1750525157547264,0.1780534160248074,0.1743856490280417,0.1762195325264245,2168284.5
2021-01-12,0.1760528158447534,0.1780534160248074,0.1742189323463705,0.1780534160248074,2062797.0
2021-01-13,0.1780534160248074,0.1803874495682038,0.1763862492080957,0.1802207328865326,2867551.0
2021-01-14,0.1803874495682038,0.1842219332466406,0.1780534160248074,0.1823880497482578,2902909.01
2021-01-15,0.182554766429929,0.1827214831116001,0.1773865492981227,0.1790537161148344,1880853.0
2021-01-18,0.1783868493881498,0.1857223833816812,0.1780534160248074,0.1850555166549965,2648615.46
2021-01-19,0.1853889500183388,0.1868894001533793,0.1828881997932713,0.1835550665199559,1945372.14
2021-01-20,0.1830549164749425,0.184555366609983,0.1813877496582308,0.1843886499283118,1352616.11
2021-01-21,0.1842219332466406,0.1857223833816812,0.1817211830215731,0.184555366609983,1591958.59
2021-01-22,0.1842219332466406,0.1842219332466406,0.1790537161148344,0.1803874495682038,1984641.96
2021-01-25,0.1788869994331632,0.1797205828415191,0.1763862492080957,0.1777199826614651,1871707.11
2021-01-26,0.1778866993431362,0.1787202827514921,0.1743856490280417,0.1748857990730552,1423511.0
2021-01-27,0.1745523657097129,0.1762195325264245,0.1738854989830282,0.1750525157547264,873388.0
2021-01-28,0.1732186322563435,0.1733853489380147,0.1682171318062085,0.1683838484878797,1885402.3
2021-01-29,0.1695508652595778,0.1702177319862625,0.1650495148544563,0.1673835483978527,2286213.0
2021-02-01,0.1660498149444833,0.1675502650795238,0.164716081491114,0.1663832483078257,1585321.0
2021-02-02,0.1665499649894968,0.1672168317161815,0.1655496648994698,0.1672168317161815,1051568.81
2021-02-03,0.166716681671168,0.166716681671168,0.1630489146744023,0.1632156313560735,1614394.08
2021-02-04,0.1625487646293888,0.1630489146744023,0.1577139808609249,0.1627154813110599,1998968.0
2021-02-05,0.1622153312660464,0.1650495148544563,0.1613817478576906,0.1615484645393618,1108945.07
2021-02-08,0.1623820479477176,0.1642159314461005,0.1613817478576906,0.1640492147644293,962597.0
2021-02-09,0.1642159314461005,0.1680504151245373,0.1627154813110599,0.167716981761195,1711261.0
2021-02-10,0.1672168317161815,0.169717581941249,0.1658830982628122,0.1692174318962355,1406512.0
2021-02-18,0.1713847487579607,0.1733853489380147,0.1705511653496048,0.1715514654396318,4353293.0
2021-02-19,0.1708845987129472,0.1738854989830282,0.170717882031276,0.1738854989830282,1082487.42
2021-02-22,0.1738854989830282,0.1752192324363976,0.1703844486679337,0.170717882031276,1321038.1
2021-02-23,0.1702177319862625,0.1720516154846454,0.1685505651695508,0.1708845987129472,1098300.0
2021-02-24,0.1712180320762895,0.1732186322563435,0.167716981761195,0.1695508652595778,913179.0
2021-02-25,0.1708845987129472,0.171718182121303,0.1682171318062085,0.168717281851222,877732.0
2021-02-26,0.1665499649894968,0.1695508652595778,0.1662165316261545,0.1688839985328931,950662.0
2021-03-01,0.1698842986229202,0.1720516154846454,0.1695508652595778,0.1720516154846454,904364.0
2021-03-02,0.1722183321663165,0.1730519155746724,0.1698842986229202,0.1712180320762895,793450.0
2021-03-03,0.1705511653496048,0.1723850488479877,0.1698842986229202,0.1722183321663165,640516.0
2021-03-04,0.1712180320762895,0.1723850488479877,0.1683838484878797,0.1688839985328931,890695.0
2021-03-05,0.1678836984428661,0.1710513153946184,0.166716681671168,0.1705511653496048,661943.56
2021-03-08,0.170717882031276,0.1738854989830282,0.1678836984428661,0.1685505651695508,1079794.0
2021-03-09,0.1685505651695508,0.1685505651695508,0.1617151812210329,0.1628821979927311,1538950.0
2021-03-10,0.1653829482177986,0.1660498149444833,0.1610483144943483,0.1613817478576906,793351.56
2021-03-11,0.1620486145843753,0.1633823480377446,0.1600480144043213,0.1628821979927311,918525.56
2021-03-12,0.1628821979927311,0.1630489146744023,0.1602147310859924,0.1615484645393618,785415.0
2021-03-15,0.1605481644493348,0.1607148811310059,0.1555466639991997,0.1568803974525691,1001020.0
2021-03-16,0.1572138308159114,0.1587142809509519,0.1562135307258844,0.1585475642692808,703338.0
2021-03-17,0.1590477143142943,0.1622153312660464,0.1583808475876096,0.1618818979027041,1065899.0
2021-03-18,0.1613817478576906,0.1620486145843753,0.1605481644493348,0.1613817478576906,503101.0
2021-03-19,0.1590477143142943,0.1613817478576906,0.1585475642692808,0.1597145810409789,597431.0
2021-03-22,0.1592144309959654,0.1622153312660464,0.1590477143142943,0.1618818979027041,541345.0
2021-03-23,0.1622153312660464,0.1630489146744023,0.1613817478576906,0.1623820479477176,652857.0
2021-03-24,0.1617151812210329,0.1622153312660464,0.1595478643593078,0.1605481644493348,527688.0
2021-03-25,0.1597145810409789,0.1608815978126771,0.1587142809509519,0.1595478643593078,440745.0
2021-03-26,0.1600480144043213,0.1627154813110599,0.1598812977226501,0.1622153312660464,691445.0
2021-03-29,0.1627154813110599,0.1633823480377446,0.1612150311760194,0.1615484645393618,562841.0
2021-03-30,0.1615484645393618,0.1623820479477176,0.1608815978126771,0.1615484645393618,376712.0
2021-03-31,0.1605481644493348,0.1622153312660464,0.1605481644493348,0.1620486145843753,419188.0
2021-04-01,0.1623820479477176,0.1633823480377446,0.1613817478576906,0.1625487646293888,635933.01
2021-04-02,0.1627154813110599,0.1642159314461005,0.1623820479477176,0.1638824980827581,742801.0
2021-04-06,0.1642159314461005,0.1648827981727851,0.1632156313560735,0.1640492147644293,564642.0
2021-04-07,0.1638824980827581,0.1640492147644293,0.1625487646293888,0.163715781401087,458057.63
2021-04-08,0.1635490647194158,0.1635490647194158,0.1618818979027041,0.1620486145843753,469996.0
2021-04-09,0.1622153312660464,0.1623820479477176,0.1590477143142943,0.1595478643593078,729855.0
2021-04-12,0.1595478643593078,0.1600480144043213,0.1572138308159114,0.1573805474975826,530842.11
2021-04-13,0.1578806975425961,0.1582141309059384,0.1567136807708979,0.1572138308159114,451391.0
2021-04-14,0.1572138308159114,0.1587142809509519,0.1570471141342402,0.1585475642692808,432087.0
2021-04-15,0.1585475642692808,0.1585475642692808,0.1570471141342402,0.1582141309059384,393000.0
2021-04-16,0.1582141309059384,0.1605481644493348,0.1580474142242672,0.1602147310859924,532498.0
2021-04-19,0.1600480144043213,0.1633823480377446,0.1600480144043213,0.1632156313560735,789983.0
2021-04-20,0.1623820479477176,0.1623820479477176,0.1605481644493348,0.1607148811310059,664922.0
2021-04-21,0.1600480144043213,0.1602147310859924,0.1583808475876096,0.1587142809509519,730139.0
2021-04-22,0.1583808475876096,0.1617151812210329,0.1583808475876096,0.1605481644493348,709273.0
2021-04-23,0.1595478643593078,0.1605481644493348,0.1590477143142943,0.1595478643593078,608981.0
2021-04-26,0.1595478643593078,0.1608815978126771,0.1582141309059384,0.1583808475876096,759197.0
2021-04-27,0.1578806975425961,0.1587142809509519,0.1552132306358574,0.1565469640892267,1075791.0
2021-04-28,0.1558800973625421,0.1563802474075556,0.1545463639091727,0.1563802474075556,656765.0
2021-04-29,0.1563802474075556,0.1570471141342402,0.1550465139541862,0.1552132306358574,1133732.0
2021-04-30,0.1553799473175286,0.1555466639991997,0.151878897002434,0.1528791970924611,1207353.0
2021-05-06,0.1527124804107899,0.1530459137741322,0.1517121803207629,0.1522123303657764,640219.89
2021-05-07,0.1527124804107899,0.1527124804107899,0.1493781467773665,0.1497115801407089,1560630.0
2021-05-10,0.1495448634590377,0.1497115801407089,0.1477109799606548,0.1480444133239972,876621.0
2021-05-11,0.1472108299156413,0.1493781467773665,0.1472108299156413,0.1492114300956953,726830.0
2021-05-12,0.1487112800506818,0.1505451635490647,0.1482111300056683,0.1503784468673935,638122.0
2021-05-13,0.1493781467773665,0.1510453135940782,0.1490447134140242,0.1500450135040512,584557.0
2021-05-14,0.1502117301857224,0.1527124804107899,0.1497115801407089,0.1523790470474476,998971.0
2021-05-17,0.1525457637291187,0.1537127805008169,0.1523790470474476,0.1525457637291187,879976.57
2021-05-18,0.1525457637291187,0.1528791970924611,0.1515454636390917,0.1525457637291187,640097.0
2021-05-19,0.1522123303657764,0.1532126304558034,0.151878897002434,0.1522123303657764,568986.0
2021-05-20,0.1520456136841052,0.1533793471374746,0.1520456136841052,0.1528791970924611,613942.0
2021-05-21,0.1533793471374746,0.1535460638191457,0.1515454636390917,0.1517121803207629,491893.0
2021-05-24,0.1515454636390917,0.1540462138641592,0.1512120302757494,0.1540462138641592,1090816.0
2021-05-25,0.153879497182488,0.1570471141342402,0.1533793471374746,0.1568803974525691,1266851.92
2021-05-26,0.1568803974525691,0.1582141309059384,0.1563802474075556,0.1565469640892267,862226.0
2021-05-27,0.1565469640892267,0.1605481644493348,0.1565469640892267,0.1600480144043213,1227686.0
2021-05-28,0.1598812977226501,0.1603814477676636,0.1583808475876096,0.1588809976326231,761143.9
2021-05-31,0.1590477143142943,0.1612150311760194,0.1588809976326231,0.1610483144943483,715056.0
2021-06-01,0.1612150311760194,0.1622153312660464,0.1600480144043213,0.1617151812210329,693706.76
2021-06-02,0.1613817478576906,0.1617151812210329,0.1580474142242672,0.1587142809509519,929455.0
2021-06-03,0.1587142809509519,0.1630489146744023,0.1585475642692808,0.1607148811310059,1347907.93
2021-06-04,0.1598812977226501,0.1617151812210329,0.1598812977226501,0.1610483144943483,784613.18
2021-06-07,0.1617151812210329,0.1642159314461005,0.1617151812210329,0.1640492147644293,2182094.16
2021-06-08,0.1643826481277716,0.1653829482177986,0.1633823480377446,0.1650495148544563,1215902.2
2021-06-09,0.1652162315361275,0.1663832483078257,0.1642159314461005,0.1648827981727851,504648.0
2021-06-10,0.164716081491114,0.1683838484878797,0.1640492147644293,0.1680504151245373,1099553.0
2021-06-11,0.1688839985328931,0.1690507152145643,0.1650495148544563,0.1653829482177986,627752.0
2021-06-15,0.1652162315361275,0.1683838484878797,0.1650495148544563,0.166716681671168,1162111.0
2021-06-16,0.1665499649894968,0.1682171318062085,0.163715781401087,0.1640492147644293,802589.33
2021-06-17,0.1638824980827581,0.1685505651695508,0.1638824980827581,0.1683838484878797,937038.0
2021-06-18,0.1682171318062085,0.170717882031276,0.1680504151245373,0.1705511653496048,1116890.31
2021-06-21,0.1693841485779067,0.171718182121303,0.1692174318962355,0.1712180320762895,709769.0
2021-06-22,0.1708845987129472,0.1718848988029742,0.168717281851222,0.169717581941249,713091.0
2021-06-23,0.1695508652595778,0.1722183321663165,0.1685505651695508,0.1713847487579607,681719.34
2021-06-24,0.1718848988029742,0.1725517655296589,0.1703844486679337,0.1710513153946184,506790.0
2021-06-25,0.170717882031276,0.170717882031276,0.1682171318062085,0.1702177319862625,864433.0
2021-06-28,0.169717581941249,0.1728851988930012,0.169717581941249,0.1728851988930012,934056.0
2021-06-29,0.17271848221133,0.17271848221133,0.1688839985328931,0.1688839985328931,549735.0
2021-06-30,0.1690507152145643,0.1723850488479877,0.1690507152145643,0.1718848988029742,734771.0
2021-07-01,0.1722183321663165,0.1725517655296589,0.1675502650795238,0.1680504151245373,1403168.0
2021-07-02,0.1682171318062085,0.1683838484878797,0.1642159314461005,0.164716081491114,582033.0
2021-07-05,0.164716081491114,0.1692174318962355,0.164716081491114,0.1690507152145643,668923.0
2021-07-06,0.1698842986229202,0.1705511653496048,0.1672168317161815,0.1693841485779067,497736.0
2021-07-07,0.1695508652595778,0.1705511653496048,0.1675502650795238,0.1702177319862625,488078.0
2021-07-08,0.1703844486679337,0.1710513153946184,0.1685505651695508,0.169717581941249,586557.17
2021-07-09,0.1692174318962355,0.1695508652595778,0.1670501150345103,0.1690507152145643,513304.0
2021-07-12,0.1700510153045913,0.1752192324363976,0.1693841485779067,0.1742189323463705,1696798.46
2021-07-13,0.1752192324363976,0.1753859491180687,0.1735520656196859,0.1743856490280417,968137.0
2021-07-14,0.1743856490280417,0.1758860991630822,0.171718182121303,0.1720516154846454,826478.0
2021-07-15,0.1708845987129472,0.1718848988029742,0.1685505651695508,0.1710513153946184,1336903.0
2021-07-16,0.1705511653496048,0.1713847487579607,0.1693841485779067,0.1700510153045913,744522.0
2021-07-19,0.1695508652595778,0.1732186322563435,0.1675502650795238,0.1725517655296589,1177088.99
2021-07-20,0.1708845987129472,0.1722183321663165,0.1705511653496048,0.1722183321663165,500250.0
2021-07-21,0.1722183321663165,0.1728851988930012,0.1705511653496048,0.1723850488479877,783947.0
2021-07-22,0.1722183321663165,0.1722183321663165,0.168717281851222,0.1693841485779067,1030506.76
2021-07-23,0.1683838484878797,0.1692174318962355,0.166716681671168,0.1682171318062085,767191.76
2021-07-26,0.1680504151245373,0.1680504151245373,0.1618818979027041,0.1642159314461005,942722.76
2021-07-27,0.1640492147644293,0.1720516154846454,0.1640492147644293,0.1680504151245373,1609460.0
2021-07-28,0.1682171318062085,0.168717281851222,0.1618818979027041,0.1668833983528391,1070238.51
2021-07-29,0.1688839985328931,0.1720516154846454,0.1675502650795238,0.1715514654396318,1263582.0
2021-07-30,0.1712180320762895,0.1752192324363976,0.1702177319862625,0.1748857990730552,1635035.0
2021-08-02,0.1767196825714381,0.1810543162948885,0.1758860991630822,0.1807208829315461,2354891.44
2021-08-03,0.1805541662498749,0.1827214831116001,0.1765529658897669,0.1773865492981227,2747303.0
2021-08-04,0.1767196825714381,0.1802207328865326,0.1767196825714381,0.1795538661598479,1556544.0
2021-08-05,0.1787202827514921,0.1797205828415191,0.1772198326164516,0.1785535660698209,1135216.0
2021-08-06,0.1783868493881498,0.1797205828415191,0.1773865492981227,0.1797205828415191,1228011.0
2021-08-09,0.1790537161148344,0.1810543162948885,0.1775532659797939,0.1800540162048614,1148511.0
2021-08-10,0.1800540162048614,0.1810543162948885,0.1785535660698209,0.1808875996132173,1044170.0
2021-08-11,0.1808875996132173,0.1808875996132173,0.1777199826614651,0.1780534160248074,1466311.44
2021-08-12,0.1777199826614651,0.1817211830215731,0.1775532659797939,0.1802207328865326,1332460.66
2021-08-13,0.1800540162048614,0.1800540162048614,0.1767196825714381,0.1782201327064786,1106067.65
2021-08-16,0.1780534160248074,0.1808875996132173,0.1768863992531092,0.1788869994331632,828193.65
2021-08-17,0.1787202827514921,0.1788869994331632,0.1725517655296589,0.1732186322563435,1129461.45
2021-08-18,0.1725517655296589,0.1738854989830282,0.1708845987129472,0.1730519155746724,1099140.09
2021-08-19,0.1722183321663165,0.1752192324363976,0.1722183321663165,0.1750525157547264,896115.0
2021-08-20,0.1748857990730552,0.1748857990730552,0.1713847487579607,0.1728851988930012,870744.91
2021-08-23,0.1728851988930012,0.1780534160248074,0.1728851988930012,0.1778866993431362,1122021.23
2021-08-24,0.1783868493881498,0.1783868493881498,0.1767196825714381,0.1775532659797939,785476.0
2021-08-25,0.1775532659797939,0.1780534160248074,0.1748857990730552,0.1753859491180687,722585.22
2021-08-26,0.1747190823913841,0.1753859491180687,0.1710513153946184,0.1713847487579607,973455.0
2021-08-27,0.1703844486679337,0.171718182121303,0.1692174318962355,0.1712180320762895,650934.08
2021-08-30,0.1720516154846454,0.1742189323463705,0.1708845987129472,0.1715514654396318,719465.0
2021-08-31,0.171718182121303,0.171718182121303,0.1672168317161815,0.169717581941249,807006.28
2021-09-01,0.169717581941249,0.170717882031276,0.1670501150345103,0.1702177319862625,685026.0
2021-09-02,0.1702177319862625,0.1702177319862625,0.1682171318062085,0.1690507152145643,556088.0
2021-09-03,0.168717281851222,0.171718182121303,0.1685505651695508,0.1700510153045913,893449.4
2021-09-06,0.1700510153045913,0.1725517655296589,0.1688839985328931,0.1723850488479877,976015.99
2021-09-07,0.17271848221133,0.1730519155746724,0.171718182121303,0.17271848221133,670534.0
2021-09-08,0.17271848221133,0.1737187823013571,0.1713847487579607,0.1735520656196859,805495.0
2021-09-09,0.1728851988930012,0.1740522156646994,0.1713847487579607,0.1730519155746724,764082.0
2021-09-10,0.1723850488479877,0.1735520656196859,0.1708845987129472,0.1728851988930012,777927.0
2021-09-13,0.1720516154846454,0.1725517655296589,0.1695508652595778,0.1702177319862625,610087.0
2021-09-14,0.1700510153045913,0.1710513153946184,0.1672168317161815,0.1680504151245373,722622.95
2021-09-15,0.1678836984428661,0.1685505651695508,0.1665499649894968,0.1682171318062085,557872.0
2021-09-16,0.1678836984428661,0.1690507152145643,0.1650495148544563,0.1653829482177986,698555.0
2021-09-17,0.1653829482177986,0.1658830982628122,0.1625487646293888,0.164716081491114,638542.0
2021-09-22,0.163715781401087,0.1648827981727851,0.1623820479477176,0.164716081491114,364167.52
2021-09-23,0.1650495148544563,0.167716981761195,0.1650495148544563,0.1672168317161815,528688.52
2021-09-24,0.1670501150345103,0.1673835483978527,0.1658830982628122,0.1662165316261545,335158.0
2021-09-27,0.1682171318062085,0.168717281851222,0.1632156313560735,0.1642159314461005,690251.51
2021-09-28,0.1638824980827581,0.1648827981727851,0.1625487646293888,0.1642159314461005,390501.0
2021-09-29,0.1632156313560735,0.1633823480377446,0.1607148811310059,0.1610483144943483,794457.0
2021-09-30,0.1617151812210329,0.1620486145843753,0.1610483144943483,0.1617151812210329,406514.0
2021-10-08,0.1632156313560735,0.1650495148544563,0.1627154813110599,0.1640492147644293,529224.0
2021-10-11,0.1645493648094428,0.1692174318962355,0.1642159314461005,0.1680504151245373,883388.0
2021-10-12,0.1678836984428661,0.1678836984428661,0.1633823480377446,0.1650495148544563,1009523.0
2021-10-13,0.164716081491114,0.1653829482177986,0.1633823480377446,0.1650495148544563,935177.59
2021-10-14,0.1653829482177986,0.165716381581141,0.1640492147644293,0.164716081491114,367675.0
2021-10-15,0.164716081491114,0.1658830982628122,0.1635490647194158,0.1645493648094428,599067.13
2021-10-18,0.1648827981727851,0.1648827981727851,0.1627154813110599,0.1635490647194158,359894.0
2021-10-19,0.1632156313560735,0.1648827981727851,0.1630489146744023,0.1645493648094428,406405.0
2021-10-20,0.164716081491114,0.1650495148544563,0.1635490647194158,0.163715781401087,483428.0
2021-10-21,0.163715781401087,0.1640492147644293,0.1612150311760194,0.1612150311760194,802405.0
2021-10-22,0.1612150311760194,0.1625487646293888,0.1608815978126771,0.1617151812210329,415881.24
2021-10-25,0.1618818979027041,0.1638824980827581,0.1608815978126771,0.163715781401087,580302.0
2021-10-26,0.1642159314461005,0.1663832483078257,0.163715781401087,0.1653829482177986,861129.22
2021-10-27,0.1658830982628122,0.166716681671168,0.1633823480377446,0.1640492147644293,470008.22
2021-10-28,0.1635490647194158,0.1653829482177986,0.1622153312660464,0.1622153312660464,440183.22
2021-10-29,0.1625487646293888,0.1648827981727851,0.1625487646293888,0.1645493648094428,500785.22
2021-11-01,0.164716081491114,0.168717281851222,0.164716081491114,0.1678836984428661,990447.0
2021-11-02,0.1683838484878797,0.1713847487579607,0.167716981761195,0.1693841485779067,1079867.0
2021-11-03,0.1700510153045913,0.170717882031276,0.1678836984428661,0.1692174318962355,441610.0
2021-11-04,0.1693841485779067,0.1738854989830282,0.1693841485779067,0.1738854989830282,1078847.0
2021-11-05,0.1737187823013571,0.1753859491180687,0.1730519155746724,0.1732186322563435,871110.76
2021-11-08,0.1730519155746724,0.1735520656196859,0.1720516154846454,0.1730519155746724,466350.48
2021-11-09,0.1732186322563435,0.1745523657097129,0.1722183321663165,0.1742189323463705,496094.0
2021-11-10,0.1747190823913841,0.1753859491180687,0.1725517655296589,0.1747190823913841,519377.0
2021-11-11,0.1747190823913841,0.1777199826614651,0.1740522156646994,0.1773865492981227,851096.0
2021-11-12,0.1778866993431362,0.1807208829315461,0.1767196825714381,0.1803874495682038,1122365.17
2021-11-15,0.1808875996132173,0.1822213330665866,0.1792204327965056,0.1803874495682038,666415.49
2021-11-16,0.1802207328865326,0.182554766429929,0.1800540162048614,0.1815544663399019,879997.0
2021-11-17,0.1813877496582308,0.1847220832916541,0.1810543162948885,0.1842219332466406,918253.32
2021-11-18,0.1843886499283118,0.1843886499283118,0.1808875996132173,0.1808875996132173,778347.95
2021-11-19,0.1803874495682038,0.1830549164749425,0.1803874495682038,0.1827214831116001,572236.83
2021-11-22,0.1830549164749425,0.186555966790037,0.1828881997932713,0.1858891000633523,620026.84
2021-11-23,0.1858891000633523,0.1870561168350505,0.18555566670001,0.1862225334266946,555079.0
2021-11-24,0.1857223833816812,0.1888900003334333,0.18555566670001,0.1877229835617351,635330.0
2021-11-25,0.1877229835617351,0.1880564169250775,0.1847220832916541,0.1848887999733253,575228.0
2021-11-26,0.1843886499283118,0.1848887999733253,0.1815544663399019,0.182554766429929,685566.99
2021-11-29,0.1798872995231903,0.1820546163849155,0.1792204327965056,0.1818878997032443,581452.99
2021-11-30,0.1822213330665866,0.1852222333366676,0.1822213330665866,0.1842219332466406,646935.0
2021-12-01,0.1850555166549965,0.1862225334266946,0.1840552165649695,0.1860558167450235,407369.0
2021-12-02,0.1848887999733253,0.1857223833816812,0.1827214831116001,0.1828881997932713,402760.22
2021-12-03,0.1830549164749425,0.1853889500183388,0.1830549164749425,0.1843886499283118,371636.47
2021-12-06,0.1840552165649695,0.184555366609983,0.1818878997032443,0.1818878997032443,442657.0
2021-12-07,0.1817211830215731,0.1827214831116001,0.1783868493881498,0.1802207328865326,937937.0
2021-12-08,0.1802207328865326,0.1847220832916541,0.1800540162048614,0.184555366609983,533793.0
2021-12-09,0.1840552165649695,0.18555566670001,0.1833883498382848,0.1847220832916541,852878.0
2021-12-10,0.1847220832916541,0.18555566670001,0.1833883498382848,0.1847220832916541,880890.0
2021-12-13,0.1847220832916541,0.1880564169250775,0.1847220832916541,0.1868894001533793,469758.0
2021-12-14,0.1863892501083658,0.1893901503784468,0.1858891000633523,0.1882231336067487,622933.0
2021-12-15,0.1883898502884198,0.1898903004234604,0.1877229835617351,0.1878897002434063,730295.28
2021-12-16,0.1878897002434063,0.1892234336967757,0.187556266880064,0.1883898502884198,567108.75
2021-12-17,0.188556566970091,0.188556566970091,0.1863892501083658,0.1870561168350505,440727.97
2021-12-20,0.1863892501083658,0.1872228335167217,0.1820546163849155,0.1823880497482578,473227.0
2021-12-21,0.1823880497482578,0.1857223833816812,0.1823880497482578,0.18555566670001,890732.0
2021-12-22,0.18555566670001,0.1878897002434063,0.1848887999733253,0.1872228335167217,297836.0
2021-12-23,0.1878897002434063,0.1880564169250775,0.1862225334266946,0.1872228335167217,453515.97
2021-12-24,0.1872228335167217,0.1877229835617351,0.1835550665199559,0.1847220832916541,884902.06
2021-12-27,0.1833883498382848,0.1863892501083658,0.1833883498382848,0.184555366609983,318644.09
2021-12-28,0.1848887999733253,0.1858891000633523,0.1838884998832983,0.1850555166549965,315666.8
2021-12-29,0.1852222333366676,0.1852222333366676,0.1828881997932713,0.1842219332466406,333313.0
2021-12-30,0.1842219332466406,0.1870561168350505,0.1842219332466406,0.186555966790037,316984.0
2021-12-31,0.1872228335167217,0.1883898502884198,0.1850555166549965,0.1872228335167217,463287.0
2022-01-04,0.1882231336067487,0.1888900003334333,0.1863892501083658,0.1880564169250775,428658.0
2022-01-05,0.1882231336067487,0.188556566970091,0.1837217832016272,0.1843886499283118,304691.0
2022-01-06,0.1843886499283118,0.1853889500183388,0.1820546163849155,0.1843886499283118,251380.0
2022-01-07,0.1862225334266946,0.1862225334266946,0.1818878997032443,0.1822213330665866,467588.0
2022-01-10,0.1812210329765596,0.184555366609983,0.1800540162048614,0.1835550665199559,958191.0
2022-01-11,0.1837217832016272,0.1838884998832983,0.1793871494781768,0.1803874495682038,244836.0
2022-01-12,0.1803874495682038,0.1812210329765596,0.1793871494781768,0.1812210329765596,253703.0
2022-01-13,0.1820546163849155,0.182554766429929,0.1782201327064786,0.1788869994331632,278773.0
2022-01-14,0.1778866993431362,0.1802207328865326,0.1770531159347804,0.1785535660698209,646152.0
2022-01-17,0.1782201327064786,0.1847220832916541,0.1782201327064786,0.184555366609983,434688.0
2022-01-18,0.1852222333366676,0.1870561168350505,0.1833883498382848,0.1842219332466406,603983.0
2022-01-19,0.1833883498382848,0.1838884998832983,0.1808875996132173,0.1828881997932713,499899.0
2022-01-20,0.1823880497482578,0.1823880497482578,0.1792204327965056,0.1800540162048614,345476.0
2022-01-21,0.1800540162048614,0.1802207328865326,0.1758860991630822,0.1760528158447534,383644.86
2022-01-24,0.1753859491180687,0.1777199826614651,0.1748857990730552,0.1767196825714381,272552.0
2022-01-25,0.1765529658897669,0.1765529658897669,0.1700510153045913,0.1705511653496048,406116.0
2022-01-26,0.1708845987129472,0.1718848988029742,0.1693841485779067,0.1712180320762895,306096.0
2022-01-27,0.1713847487579607,0.1715514654396318,0.1658830982628122,0.1663832483078257,335885.0
2022-01-28,0.166716681671168,0.169717581941249,0.1653829482177986,0.1680504151245373,327671.0
2022-02-07,0.1708845987129472,0.1712180320762895,0.1673835483978527,0.1678836984428661,246853.0
2022-02-08,0.1690507152145643,0.169717581941249,0.1655496648994698,0.1678836984428661,323331.47
2022-02-09,0.1678836984428661,0.1722183321663165,0.167716981761195,0.1720516154846454,794167.0
2022-02-10,0.1715514654396318,0.1715514654396318,0.1693841485779067,0.1703844486679337,450782.0
2022-02-11,0.1692174318962355,0.1698842986229202,0.1672168317161815,0.1673835483978527,375570.0
2022-02-14,0.1662165316261545,0.1678836984428661,0.1652162315361275,0.1668833983528391,511598.91
2022-02-15,0.1665499649894968,0.1695508652595778,0.1660498149444833,0.1693841485779067,349051.0
2022-02-16,0.1703844486679337,0.1710513153946184,0.169717581941249,0.1703844486679337,342772.0
2022-02-17,0.1702177319862625,0.1713847487579607,0.1690507152145643,0.1700510153045913,298172.0
2022-02-18,0.1712180320762895,0.171718182121303,0.169717581941249,0.171718182121303,322054.0
2022-02-21,0.171718182121303,0.1745523657097129,0.171718182121303,0.1742189323463705,437294.0
2022-02-22,0.1732186322563435,0.1732186322563435,0.1700510153045913,0.1713847487579607,450168.0
2022-02-23,0.1708845987129472,0.1758860991630822,0.1708845987129472,0.1757193824814111,467152.0
2022-02-24,0.1735520656196859,0.1755526657997399,0.1693841485779067,0.171718182121303,647259.65
2022-02-25,0.1723850488479877,0.1753859491180687,0.1723850488479877,0.1740522156646994,329435.0
2022-02-28,0.1742189323463705,0.1747190823913841,0.1715514654396318,0.1738854989830282,303241.0
2022-03-01,0.1750525157547264,0.1768863992531092,0.1738854989830282,0.1758860991630822,543639.35
2022-03-02,0.1753859491180687,0.1757193824814111,0.1728851988930012,0.1750525157547264,410696.35
2022-03-03,0.1752192324363976,0.1760528158447534,0.171718182121303,0.1723850488479877,380833.0
2022-03-04,0.1705511653496048,0.1725517655296589,0.1695508652595778,0.1698842986229202,778467.0
2022-03-07,0.1688839985328931,0.1695508652595778,0.1630489146744023,0.1635490647194158,517191.0
2022-03-08,0.1635490647194158,0.1645493648094428,0.1592144309959654,0.1612150311760194,380412.0
2022-03-09,0.1618818979027041,0.1623820479477176,0.151878897002434,0.1578806975425961,815987.0
2022-03-10,0.1593811476776366,0.1620486145843753,0.1590477143142943,0.1592144309959654,674412.0
2022-03-11,0.1582141309059384,0.1617151812210329,0.1560468140442132,0.1617151812210329,333747.0
2022-03-14,0.1600480144043213,0.1608815978126771,0.1567136807708979,0.1568803974525691,263878.0
2022-03-15,0.1568803974525691,0.1568803974525691,0.1483778466873395,0.1485445633690107,346576.0
2022-03-16,0.1515454636390917,0.1552132306358574,0.1465439631889566,0.1548797972725151,291708.0
2022-03-17,0.1555466639991997,0.1590477143142943,0.1555466639991997,0.1572138308159114,379462.0
2022-03-18,0.1558800973625421,0.1575472641792537,0.1552132306358574,0.1573805474975826,335598.0
2022-03-21,0.1577139808609249,0.1592144309959654,0.1562135307258844,0.1580474142242672,397149.0
2022-03-22,0.1567136807708979,0.1583808475876096,0.1563802474075556,0.1570471141342402,273700.0
2022-03-23,0.1575472641792537,0.1658830982628122,0.1570471141342402,0.1633823480377446,1931178.0
2022-03-24,0.1613817478576906,0.1618818979027041,0.1575472641792537,0.1577139808609249,1273991.0
2022-03-25,0.1572138308159114,0.1580474142242672,0.1548797972725151,0.1550465139541862,647544.0
2022-03-28,0.1537127805008169,0.1547130805908439,0.1512120302757494,0.1542129305458304,366506.0
2022-03-29,0.1542129305458304,0.1550465139541862,0.1507118802307359,0.1515454636390917,606684.0
2022-03-30,0.1517121803207629,0.153879497182488,0.1517121803207629,0.1537127805008169,373611.0
2022-03-31,0.1533793471374746,0.1533793471374746,0.1510453135940782,0.1515454636390917,258980.0
2022-04-01,0.1505451635490647,0.1517121803207629,0.14987829682238,0.1512120302757494,223571.0
2022-04-06,0.1520456136841052,0.1522123303657764,0.1487112800506818,0.1493781467773665,329544.0
2022-04-07,0.148877996732353,0.1493781467773665,0.1457103797806008,0.145877096462272,403445.0
2022-04-08,0.1457103797806008,0.1465439631889566,0.1430429128738621,0.1457103797806008,366526.0
2022-04-11,0.145877096462272,0.145877096462272,0.1378746957420559,0.1387082791504117,561301.0
2022-04-12,0.1387082791504117,0.1412090293754793,0.1367076789703577,0.1410423126938081,515651.0
2022-04-13,0.1402087292854523,0.1402087292854523,0.1377079790603848,0.1380414124237271,303208.0
2022-04-14,0.1397085792404388,0.1397085792404388,0.1372078290153712,0.1378746957420559,385627.0
2022-04-15,0.1368743956520289,0.1377079790603848,0.1355406621986596,0.1367076789703577,387079.0
2022-04-18,0.1363742456070154,0.1408755960121369,0.1348737954719749,0.1407088793304658,459959.0
2022-04-19,0.1395418625587676,0.1410423126938081,0.1385415624687406,0.1392084291954252,319062.0
2022-04-20,0.1395418625587676,0.1400420126037811,0.1373745456970424,0.1377079790603848,301140.0
2022-04-21,0.1372078290153712,0.1385415624687406,0.1337067787002767,0.1348737954719749,378941.0
2022-04-22,0.1342069287452902,0.1347070787903037,0.1318728952018939,0.1328731952919209,502208.0
2022-04-25,0.132039611883565,0.132039611883565,0.1248707945717048,0.1252042279350471,479017.0
2022-04-26,0.1253709446167183,0.12703811143343,0.1222033276649661,0.1227034777099796,428840.0
2022-04-27,0.1203694441665833,0.1277049781601147,0.1203694441665833,0.1273715447967723,532535.0
2022-04-28,0.1262045280250742,0.128038411523457,0.125037511253376,0.1265379613884165,394316.0
2022-04-29,0.1263712447067453,0.1322063285652362,0.1263712447067453,0.1317061785202227,507784.0
2022-05-05,0.131039311793538,0.1338734953819479,0.131039311793538,0.1322063285652362,427935.0
2022-05-06,0.130039011703511,0.1307058784301957,0.1283718448867993,0.1297055783401687,359074.0
2022-05-09,0.1283718448867993,0.1308725951118669,0.1283718448867993,0.1298722950218399,255796.0
2022-05-10,0.1283718448867993,0.1333733453369344,0.1278716948417858,0.1328731952919209,361130.0
2022-05-11,0.1323730452469074,0.1368743956520289,0.1323730452469074,0.1335400620186056,452442.0
2022-05-12,0.1333733453369344,0.1352072288353172,0.133039911973592,0.1347070787903037,425361.0
2022-05-13,0.1348737954719749,0.1355406621986596,0.1333733453369344,0.1348737954719749,344540.0
2022-05-16,0.1353739455169884,0.1362075289253442,0.133039911973592,0.1337067787002767,308658.0
2022-05-17,0.1327064786102497,0.1350405121536461,0.1323730452469074,0.1348737954719749,295879.0
2022-05-18,0.1348737954719749,0.1363742456070154,0.1343736454269614,0.1353739455169884,363768.0
2022-05-19,0.1342069287452902,0.1370411123337001,0.1332066286552632,0.1370411123337001,373662.0
2022-05-20,0.1370411123337001,0.1387082791504117,0.1363742456070154,0.1385415624687406,338053.0
2022-05-23,0.1377079790603848,0.1390417125137541,0.1372078290153712,0.1390417125137541,348840.0
2022-05-24,0.1383748457870694,0.1395418625587676,0.1333733453369344,0.1337067787002767,397276.0
2022-05-25,0.1332066286552632,0.1350405121536461,0.1325397619285785,0.1350405121536461,389111.0
2022-05-26,0.1343736454269614,0.1388749958320829,0.1325397619285785,0.1375412623787136,600478.0
2022-05-27,0.1380414124237271,0.1388749958320829,0.1353739455169884,0.1367076789703577,386233.0
2022-05-30,0.1367076789703577,0.1378746957420559,0.1357073788803307,0.1377079790603848,439245.0
2022-05-31,0.1375412623787136,0.1412090293754793,0.1372078290153712,0.1412090293754793,650516.9
2022-06-01,0.1405421626487946,0.1425427628288486,0.1402087292854523,0.1423760461471775,408008.0
2022-06-02,0.1412090293754793,0.145877096462272,0.1410423126938081,0.1452102297355873,399966.0
2022-06-06,0.1450435130539162,0.1480444133239972,0.144876796372245,0.1475442632789837,438299.0
2022-06-07,0.146877396552299,0.1477109799606548,0.145877096462272,0.1467106798706278,559056.0
2022-06-08,0.1465439631889566,0.1477109799606548,0.1442099296455603,0.1462105298256143,528210.0
2022-06-09,0.1462105298256143,0.1462105298256143,0.1420426127838351,0.1432096295555333,331136.0
2022-06-10,0.1418758961021639,0.1452102297355873,0.1417091794204928,0.144876796372245,374368.0
2022-06-13,0.144876796372245,0.1465439631889566,0.1433763462372045,0.1462105298256143,452548.81
2022-06-14,0.1437097796005468,0.1455436630989297,0.1398752959221099,0.1442099296455603,567002.0
2022-06-15,0.1435430629188756,0.1485445633690107,0.1433763462372045,0.1453769464172585,654885.0
2022-06-16,0.1453769464172585,0.1485445633690107,0.1447100796905738,0.1472108299156413,676653.0
2022-06-17,0.145877096462272,0.1492114300956953,0.1455436630989297,0.148877996732353,369155.0
2022-06-20,0.1495448634590377,0.150878596912407,0.1485445633690107,0.1493781467773665,365171.0
2022-06-21,0.1487112800506818,0.1500450135040512,0.146877396552299,0.1480444133239972,695372.0
2022-06-22,0.1487112800506818,0.148877996732353,0.1442099296455603,0.1442099296455603,355530.01
2022-06-23,0.1442099296455603,0.1473775465973125,0.1437097796005468,0.1472108299156413,735523.0
2022-06-24,0.1473775465973125,0.1512120302757494,0.1473775465973125,0.1510453135940782,446989.11
2022-06-27,0.1515454636390917,0.1523790470474476,0.1503784468673935,0.1515454636390917,373216.11
2022-06-28,0.1525457637291187,0.1560468140442132,0.1502117301857224,0.1558800973625421,970333.18
2022-06-29,0.1555466639991997,0.1570471141342402,0.1522123303657764,0.1530459137741322,495949.0
2022-06-30,0.1530459137741322,0.1560468140442132,0.1527124804107899,0.1553799473175286,605164.0
2022-07-01,0.1553799473175286,0.1555466639991997,0.1528791970924611,0.1537127805008169,330079.0
2022-07-04,0.1535460638191457,0.1535460638191457,0.150878596912407,0.1525457637291187,1271166.0
2022-07-05,0.1525457637291187,0.1535460638191457,0.1495448634590377,0.1512120302757494,455825.86
2022-07-06,0.1505451635490647,0.1533793471374746,0.1497115801407089,0.1517121803207629,752182.16
2022-07-07,0.1502117301857224,0.1528791970924611,0.1497115801407089,0.1527124804107899,477887.16
2022-07-08,0.1527124804107899,0.1548797972725151,0.1527124804107899,0.1532126304558034,469732.0
2022-07-11,0.1532126304558034,0.1532126304558034,0.1487112800506818,0.1502117301857224,464755.0
2022-07-12,0.1500450135040512,0.150878596912407,0.146877396552299,0.1470441132339702,472020.0
2022-07-13,0.1470441132339702,0.1495448634590377,0.146877396552299,0.1485445633690107,267630.0
2022-07-14,0.1482111300056683,0.1533793471374746,0.1482111300056683,0.1520456136841052,447647.0
2022-07-15,0.150878596912407,0.153879497182488,0.1503784468673935,0.1512120302757494,443888.0
2022-07-18,0.1512120302757494,0.1545463639091727,0.1505451635490647,0.1545463639091727,502040.0
2022-07-19,0.1545463639091727,0.1573805474975826,0.1543796472275016,0.1572138308159114,807116.0
2022-07-20,0.1572138308159114,0.1592144309959654,0.1565469640892267,0.1590477143142943,649308.0
2022-07-21,0.1585475642692808,0.1598812977226501,0.1572138308159114,0.1572138308159114,477324.0
2022-07-22,0.1578806975425961,0.1585475642692808,0.1545463639091727,0.1560468140442132,607936.0
2022-07-25,0.1560468140442132,0.1562135307258844,0.1522123303657764,0.1533793471374746,420726.0
2022-07-26,0.1523790470474476,0.1543796472275016,0.1522123303657764,0.1543796472275016,346191.0
2022-07-27,0.1540462138641592,0.1548797972725151,0.1527124804107899,0.1545463639091727,385694.0
2022-07-28,0.1550465139541862,0.1577139808609249,0.1550465139541862,0.1553799473175286,403623.0
2022-07-29,0.1553799473175286,0.1567136807708979,0.1540462138641592,0.1542129305458304,457157.0
2022-08-01,0.1533793471374746,0.1570471141342402,0.1527124804107899,0.1567136807708979,733442.0
2022-08-02,0.1550465139541862,0.1560468140442132,0.1515454636390917,0.1532126304558034,595708.0
2022-08-03,0.1532126304558034,0.1575472641792537,0.1532126304558034,0.1548797972725151,513235.0
2022-08-04,0.1557133806808709,0.1562135307258844,0.1537127805008169,0.1555466639991997,416463.0
2022-08-05,0.1558800973625421,0.1610483144943483,0.1553799473175286,0.1608815978126771,511406.0
2022-08-08,0.1607148811310059,0.1608815978126771,0.1590477143142943,0.1603814477676636,333970.0
2022-08-09,0.1603814477676636,0.1620486145843753,0.1587142809509519,0.1620486145843753,531957.0
2022-08-10,0.1605481644493348,0.1618818979027041,0.1600480144043213,0.1607148811310059,423698.0
2022-08-11,0.1607148811310059,0.1648827981727851,0.1607148811310059,0.164716081491114,638515.0
2022-08-12,0.1645493648094428,0.1645493648094428,0.1602147310859924,0.1602147310859924,482382.0
2022-08-15,0.1603814477676636,0.1612150311760194,0.1590477143142943,0.1612150311760194,527847.0
2022-08-16,0.1612150311760194,0.1623820479477176,0.1598812977226501,0.1607148811310059,469798.0
2022-08-17,0.1600480144043213,0.1627154813110599,0.1600480144043213,0.1625487646293888,387711.0
2022-08-18,0.1618818979027041,0.165716381581141,0.1617151812210329,0.1655496648994698,553023.0
2022-08-19,0.1650495148544563,0.1663832483078257,0.1613817478576906,0.1613817478576906,481266.0
2022-08-22,0.1618818979027041,0.1623820479477176,0.1597145810409789,0.1620486145843753,405430.0
2022-08-23,0.1630489146744023,0.1630489146744023,0.1598812977226501,0.1605481644493348,452417.0
2022-08-24,0.1597145810409789,0.1608815978126771,0.1547130805908439,0.1548797972725151,606325.0
2022-08-25,0.1547130805908439,0.1555466639991997,0.151878897002434,0.1530459137741322,426106.0
2022-08-26,0.1530459137741322,0.1558800973625421,0.1528791970924611,0.1530459137741322,438248.0
2022-08-29,0.1507118802307359,0.1545463639091727,0.1507118802307359,0.153879497182488,433147.0
2022-08-30,0.1537127805008169,0.1573805474975826,0.1537127805008169,0.1560468140442132,454523.0
2022-08-31,0.1557133806808709,0.1558800973625421,0.1502117301857224,0.150878596912407,473219.0
2022-09-01,0.1502117301857224,0.1537127805008169,0.1500450135040512,0.1512120302757494,592086.0
2022-09-02,0.1512120302757494,0.1562135307258844,0.150878596912407,0.1545463639091727,1003297.0
2022-09-05,0.1545463639091727,0.1552132306358574,0.1527124804107899,0.1543796472275016,489214.0
2022-09-06,0.1540462138641592,0.1570471141342402,0.1535460638191457,0.1568803974525691,460872.0
2022-09-07,0.1568803974525691,0.1583808475876096,0.1553799473175286,0.1568803974525691,499053.0
2022-09-08,0.1567136807708979,0.1580474142242672,0.1555466639991997,0.1562135307258844,408952.0
2022-09-09,0.1562135307258844,0.1562135307258844,0.1535460638191457,0.1548797972725151,366470.0
2022-09-13,0.1550465139541862,0.1565469640892267,0.1545463639091727,0.1552132306358574,317161.0
2022-09-14,0.1533793471374746,0.1543796472275016,0.1525457637291187,0.1535460638191457,412174.0
2022-09-15,0.1532126304558034,0.153879497182488,0.1473775465973125,0.1490447134140242,529284.0
2022-09-16,0.147877696642326,0.1500450135040512,0.1462105298256143,0.1463772465072855,377586.0
2022-09-19,0.1463772465072855,0.1465439631889566,0.1433763462372045,0.1440432129638891,455587.0
2022-09-20,0.1455436630989297,0.145877096462272,0.1435430629188756,0.1442099296455603,549067.0
2022-09-21,0.1440432129638891,0.1440432129638891,0.1407088793304658,0.142876196192191,452731.0
2022-09-22,0.1420426127838351,0.1445433630089026,0.1415424627388216,0.142876196192191,380069.0
2022-09-23,0.1423760461471775,0.1430429128738621,0.1385415624687406,0.1398752959221099,365635.0
2022-09-26,0.1385415624687406,0.1417091794204928,0.1383748457870694,0.1393751458770964,318908.0
2022-09-27,0.1397085792404388,0.1433763462372045,0.1397085792404388,0.1430429128738621,444460.0
2022-09-28,0.1430429128738621,0.1430429128738621,0.1387082791504117,0.1388749958320829,464222.0
2022-09-29,0.1397085792404388,0.1407088793304658,0.1377079790603848,0.1385415624687406,319006.0
2022-09-30,0.1382081291053983,0.1385415624687406,0.1358740955620019,0.1360408122436731,435841.0
2022-10-10,0.1350405121536461,0.1362075289253442,0.1308725951118669,0.1315394618385515,513807.0
2022-10-11,0.1328731952919209,0.1345403621086326,0.1315394618385515,0.1333733453369344,422411.0
2022-10-12,0.1335400620186056,0.1390417125137541,0.1323730452469074,0.1388749958320829,857526.0
2022-10-13,0.1388749958320829,0.1417091794204928,0.1378746957420559,0.1398752959221099,527575.0
2022-10-14,0.1398752959221099,0.1425427628288486,0.1397085792404388,0.1415424627388216,559391.0
2022-10-17,0.1415424627388216,0.1435430629188756,0.1408755960121369,0.1425427628288486,763644.0
2022-10-18,0.1425427628288486,0.1453769464172585,0.1422093294655063,0.1442099296455603,419454.0
2022-10-19,0.1437097796005468,0.1442099296455603,0.1418758961021639,0.1418758961021639,369834.0
2022-10-20,0.1413757460571504,0.1440432129638891,0.1398752959221099,0.1420426127838351,509664.0
2022-10-21,0.1432096295555333,0.1445433630089026,0.1420426127838351,0.1437097796005468,441547.0
2022-10-24,0.1437097796005468,0.1465439631889566,0.1412090293754793,0.1432096295555333,540804.0
2022-10-25,0.1425427628288486,0.1443766463272315,0.1408755960121369,0.1425427628288486,421769.0
2022-10-26,0.1417091794204928,0.1463772465072855,0.1410423126938081,0.144876796372245,393644.0
2022-10-27,0.1453769464172585,0.1463772465072855,0.1427094795105198,0.1433763462372045,404310.0
2022-10-28,0.1427094795105198,0.1440432129638891,0.1392084291954252,0.1397085792404388,626710.0
2022-10-31,0.1385415624687406,0.1450435130539162,0.1385415624687406,0.1435430629188756,540215.97
2022-11-01,0.1435430629188756,0.1443766463272315,0.1408755960121369,0.1442099296455603,731316.0
2022-11-02,0.1443766463272315,0.1455436630989297,0.1425427628288486,0.1450435130539162,1095404.0
2022-11-03,0.1433763462372045,0.145877096462272,0.1430429128738621,0.1453769464172585,621294.0
2022-11-04,0.1452102297355873,0.1482111300056683,0.1447100796905738,0.1473775465973125,864814.0
2022-11-07,0.1472108299156413,0.1472108299156413,0.1437097796005468,0.1467106798706278,887335.0
2022-11-08,0.1455436630989297,0.1472108299156413,0.1450435130539162,0.146877396552299,354742.0
2022-11-09,0.1465439631889566,0.146877396552299,0.1443766463272315,0.1447100796905738,764980.0
2022-11-10,0.1443766463272315,0.144876796372245,0.1422093294655063,0.142876196192191,416487.0
2022-11-11,0.1455436630989297,0.1470441132339702,0.1447100796905738,0.1455436630989297,530183.0
2022-11-14,0.1453769464172585,0.1475442632789837,0.1443766463272315,0.1453769464172585,466513.0
2022-11-15,0.144876796372245,0.1500450135040512,0.1443766463272315,0.1497115801407089,610447.0
2022-11-16,0.1507118802307359,0.150878596912407,0.147877696642326,0.1487112800506818,377652.0
2022-11-17,0.1480444133239972,0.1497115801407089,0.1460438131439431,0.1495448634590377,637398.0
2022-11-18,0.1497115801407089,0.1503784468673935,0.1477109799606548,0.1482111300056683,354547.33
2022-11-21,0.146877396552299,0.1480444133239972,0.145877096462272,0.1473775465973125,418897.0
2022-11-22,0.1473775465973125,0.1485445633690107,0.1455436630989297,0.1462105298256143,535525.67
2022-11-23,0.1462105298256143,0.1462105298256143,0.1423760461471775,0.1452102297355873,477909.0
2022-11-24,0.144876796372245,0.1465439631889566,0.1440432129638891,0.1442099296455603,372446.0
2022-11-25,0.142876196192191,0.1440432129638891,0.1398752959221099,0.1402087292854523,1178159.0
2022-11-28,0.1388749958320829,0.1398752959221099,0.1373745456970424,0.1393751458770964,464757.0
2022-11-29,0.1393751458770964,0.1420426127838351,0.1392084291954252,0.1417091794204928,457870.0
2022-11-30,0.1417091794204928,0.1425427628288486,0.1407088793304658,0.1418758961021639,376658.0
2022-12-01,0.1433763462372045,0.1455436630989297,0.142876196192191,0.143876496282218,510407.0
2022-12-02,0.1430429128738621,0.1460438131439431,0.1430429128738621,0.1447100796905738,458975.0
2022-12-05,0.1462105298256143,0.1467106798706278,0.1443766463272315,0.1463772465072855,574898.16
2022-12-06,0.1463772465072855,0.146877396552299,0.1452102297355873,0.1460438131439431,445980.0
2022-12-07,0.1455436630989297,0.1455436630989297,0.1435430629188756,0.1440432129638891,438659.28
2022-12-08,0.1435430629188756,0.1440432129638891,0.1427094795105198,0.1430429128738621,316811.0
2022-12-09,0.1430429128738621,0.1435430629188756,0.1415424627388216,0.1425427628288486,443632.0
2022-12-12,0.1423760461471775,0.1443766463272315,0.1413757460571504,0.1437097796005468,381219.0
2022-12-13,0.142876196192191,0.1433763462372045,0.1413757460571504,0.1415424627388216,378634.0
2022-12-14,0.1417091794204928,0.1427094795105198,0.1402087292854523,0.1408755960121369,307600.0
2022-12-15,0.1408755960121369,0.1422093294655063,0.1398752959221099,0.1415424627388216,369115.26
2022-12-16,0.1412090293754793,0.1412090293754793,0.1387082791504117,0.1388749958320829,447517.26
2022-12-19,0.1388749958320829,0.1395418625587676,0.1365409622886866,0.1370411123337001,327719.0
2022-12-20,0.1370411123337001,0.1383748457870694,0.1365409622886866,0.1373745456970424,326329.0
2022-12-21,0.1373745456970424,0.1377079790603848,0.1352072288353172,0.1358740955620019,371943.0
2022-12-22,0.1358740955620019,0.1365409622886866,0.1328731952919209,0.1332066286552632,454972.0
2022-12-23,0.1323730452469074,0.1338734953819479,0.1313727451568804,0.1325397619285785,538843.0
2022-12-26,0.133039911973592,0.1357073788803307,0.1328731952919209,0.1357073788803307,382275.0
2022-12-27,0.1357073788803307,0.1372078290153712,0.1352072288353172,0.1370411123337001,360173.0
2022-12-28,0.1365409622886866,0.1368743956520289,0.1355406621986596,0.1358740955620019,283426.0
2022-12-29,0.1353739455169884,0.1373745456970424,0.1353739455169884,0.1362075289253442,294015.0
2022-12-30,0.1362075289253442,0.1378746957420559,0.1362075289253442,0.1372078290153712,374293.0
2023-01-03,0.1367076789703577,0.1415424627388216,0.1363742456070154,0.1413757460571504,516433.0
2023-01-04,0.1413757460571504,0.1420426127838351,0.1397085792404388,0.1415424627388216,453663.0
2023-01-05,0.1408755960121369,0.1425427628288486,0.1408755960121369,0.1423760461471775,378766.98
2023-01-06,0.1422093294655063,0.1427094795105198,0.1412090293754793,0.1412090293754793,455779.0
2023-01-09,0.1418758961021639,0.142876196192191,0.1407088793304658,0.1412090293754793,380840.0
2023-01-10,0.1423760461471775,0.1423760461471775,0.1407088793304658,0.1412090293754793,389242.0
2023-01-11,0.1413757460571504,0.1423760461471775,0.1403754459671234,0.1403754459671234,413836.0
2023-01-12,0.1410423126938081,0.1418758961021639,0.1405421626487946,0.1412090293754793,331117.0
2023-01-13,0.1412090293754793,0.1418758961021639,0.1395418625587676,0.1410423126938081,337924.0
2023-01-16,0.1412090293754793,0.1437097796005468,0.1410423126938081,0.142876196192191,564458.0
2023-01-17,0.1433763462372045,0.1442099296455603,0.1427094795105198,0.1433763462372045,368632.0
2023-01-18,0.1440432129638891,0.1445433630089026,0.142876196192191,0.1440432129638891,503174.0
2023-01-19,0.1433763462372045,0.1445433630089026,0.1423760461471775,0.1443766463272315,410945.0
2023-01-20,0.1447100796905738,0.1462105298256143,0.1443766463272315,0.1455436630989297,383922.0
2023-01-30,0.1473775465973125,0.1482111300056683,0.1462105298256143,0.1465439631889566,438198.0
2023-01-31,0.1465439631889566,0.1475442632789837,0.145877096462272,0.1462105298256143,355360.0
2023-02-01,0.1462105298256143,0.148877996732353,0.1457103797806008,0.1487112800506818,488674.0
2023-02-02,0.1487112800506818,0.1502117301857224,0.147877696642326,0.1482111300056683,386889.0
2023-02-03,0.1482111300056683,0.1492114300956953,0.1462105298256143,0.148877996732353,527701.0
2023-02-06,0.1487112800506818,0.150878596912407,0.1482111300056683,0.1490447134140242,1172510.0
2023-02-07,0.148877996732353,0.1505451635490647,0.1487112800506818,0.1503784468673935,641546.0
2023-02-08,0.1507118802307359,0.1513787469574205,0.1483778466873395,0.148877996732353,464551.0
2023-02-09,0.1482111300056683,0.1540462138641592,0.1473775465973125,0.1537127805008169,693184.0
2023-02-10,0.1537127805008169,0.1572138308159114,0.1532126304558034,0.1547130805908439,888590.0
2023-02-13,0.1557133806808709,0.1557133806808709,0.1537127805008169,0.1553799473175286,504219.0
2023-02-14,0.1550465139541862,0.1560468140442132,0.1537127805008169,0.1542129305458304,463619.0
2023-02-15,0.1542129305458304,0.1587142809509519,0.1540462138641592,0.1580474142242672,797674.0
2023-02-16,0.1577139808609249,0.1602147310859924,0.1542129305458304,0.1553799473175286,1437041.0
2023-02-17,0.1547130805908439,0.1557133806808709,0.1505451635490647,0.1512120302757494,913947.3
2023-02-20,0.1495448634590377,0.1540462138641592,0.1495448634590377,0.153879497182488,780773.0
2023-02-21,0.153879497182488,0.1565469640892267,0.1532126304558034,0.1545463639091727,535191.0
2023-02-22,0.1542129305458304,0.1558800973625421,0.1528791970924611,0.1553799473175286,638437.55
2023-02-23,0.1543796472275016,0.1550465139541862,0.1525457637291187,0.1535460638191457,549391.0
2023-02-24,0.1535460638191457,0.1555466639991997,0.1532126304558034,0.1545463639091727,645164.6
2023-02-27,0.153879497182488,0.1553799473175286,0.1532126304558034,0.1543796472275016,583144.35
2023-02-28,0.1557133806808709,0.1585475642692808,0.1542129305458304,0.1553799473175286,2058008.0
2023-03-01,0.1553799473175286,0.1602147310859924,0.1550465139541862,0.1595478643593078,973837.0
2023-03-02,0.1593811476776366,0.1633823480377446,0.1585475642692808,0.1607148811310059,2033140.0
2023-03-03,0.1605481644493348,0.1607148811310059,0.1577139808609249,0.1603814477676636,1003481.67
2023-03-06,0.1600480144043213,0.1633823480377446,0.1600480144043213,0.1615484645393618,863894.35
2023-03-07,0.1605481644493348,0.1610483144943483,0.1553799473175286,0.1560468140442132,1039858.0
2023-03-08,0.1543796472275016,0.1592144309959654,0.1543796472275016,0.1588809976326231,1008864.31
2023-03-09,0.1582141309059384,0.1615484645393618,0.1567136807708979,0.1603814477676636,1141923.22
2023-03-10,0.1592144309959654,0.1600480144043213,0.1568803974525691,0.1577139808609249,1022890.63
2023-03-13,0.1562135307258844,0.1618818979027041,0.1530459137741322,0.1615484645393618,1520546.45
2023-03-14,0.1610483144943483,0.1617151812210329,0.1582141309059384,0.1603814477676636,769695.77
2023-03-15,0.1607148811310059,0.1622153312660464,0.1588809976326231,0.1593811476776366,1021434.0
2023-03-16,0.1583808475876096,0.1597145810409789,0.1567136807708979,0.1573805474975826,924383.0
2023-03-17,0.1583808475876096,0.1650495148544563,0.1583808475876096,0.1640492147644293,1363391.31
2023-03-20,0.1653829482177986,0.1695508652595778,0.1652162315361275,0.1662165316261545,1500428.0
2023-03-21,0.1662165316261545,0.1673835483978527,0.164716081491114,0.1672168317161815,786119.72
2023-03-22,0.1672168317161815,0.1755526657997399,0.1670501150345103,0.1750525157547264,1721415.72
2023-03-23,0.1745523657097129,0.1813877496582308,0.1742189323463705,0.1810543162948885,1566267.0
2023-03-24,0.1803874495682038,0.1813877496582308,0.1770531159347804,0.1812210329765596,1979015.0
2023-03-27,0.1803874495682038,0.1830549164749425,0.1770531159347804,0.1810543162948885,2129764.33
2023-03-28,0.1793871494781768,0.1800540162048614,0.1753859491180687,0.1762195325264245,1388887.0
2023-03-29,0.1762195325264245,0.1788869994331632,0.1743856490280417,0.1768863992531092,1738852.0
2023-03-30,0.1763862492080957,0.1770531159347804,0.1702177319862625,0.1733853489380147,1297530.0
2023-03-31,0.1735520656196859,0.1773865492981227,0.1712180320762895,0.1772198326164516,1450100.0
2023-04-03,0.1767196825714381,0.1840552165649695,0.1762195325264245,0.1838884998832983,1644789.0
2023-04-04,0.182554766429929,0.1853889500183388,0.1813877496582308,0.1838884998832983,1170806.47
2023-04-06,0.1815544663399019,0.1927244840118702,0.1815544663399019,0.190557167150145,1604911.82
2023-04-07,0.1922243339668567,0.1950585175552665,0.1907238838318162,0.1947250841919242,1919790.0
2023-04-10,0.1943916508285819,0.1963922510086359,0.1862225334266946,0.187556266880064,2117421.0
2023-04-11,0.1867226834717082,0.1890567170151045,0.1838884998832983,0.1878897002434063,1670074.0
2023-04-12,0.1872228335167217,0.1950585175552665,0.1867226834717082,0.1932246340568837,1592353.0
2023-04-13,0.1912240338768297,0.1930579173752125,0.1837217832016272,0.1850555166549965,1844346.0
2023-04-14,0.1852222333366676,0.1867226834717082,0.1813877496582308,0.1860558167450235,1336884.81
2023-04-17,0.1853889500183388,0.1853889500183388,0.1817211830215731,0.1832216331566136,1219181.75
2023-04-18,0.1830549164749425,0.1918909006035144,0.1813877496582308,0.189556867060118,2151217.0
2023-04-19,0.1890567170151045,0.1932246340568837,0.1863892501083658,0.1867226834717082,2025572.33
2023-04-20,0.1872228335167217,0.1955586676002801,0.1872228335167217,0.1955586676002801,1792783.33
2023-04-21,0.1953919509186089,0.1953919509186089,0.18555566670001,0.18555566670001,1682941.28
2023-04-24,0.1858891000633523,0.1920576172851855,0.1858891000633523,0.1897235837417892,1870929.33
2023-04-25,0.187556266880064,0.188556566970091,0.1800540162048614,0.1823880497482578,3168882.0
2023-04-26,0.1813877496582308,0.1832216331566136,0.1747190823913841,0.1758860991630822,1840443.0
2023-04-27,0.1730519155746724,0.1753859491180687,0.1710513153946184,0.1722183321663165,1751597.0
2023-04-28,0.1722183321663165,0.1808875996132173,0.1718848988029742,0.1783868493881498,1634611.57
2023-05-04,0.1770531159347804,0.1782201327064786,0.1722183321663165,0.1745523657097129,978344.0
2023-05-05,0.1737187823013571,0.1742189323463705,0.167716981761195,0.1688839985328931,1540616.0
2023-05-08,0.1688839985328931,0.17271848221133,0.1668833983528391,0.1723850488479877,1258839.0
2023-05-09,0.1708845987129472,0.1757193824814111,0.1702177319862625,0.1702177319862625,2244098.0
2023-05-10,0.1693841485779067,0.1728851988930012,0.1668833983528391,0.1683838484878797,1329862.0
2023-05-11,0.1682171318062085,0.1700510153045913,0.1668833983528391,0.1675502650795238,1089685.96
2023-05-12,0.1670501150345103,0.1690507152145643,0.165716381581141,0.1662165316261545,676521.0
2023-05-15,0.166716681671168,0.1700510153045913,0.1633823480377446,0.169717581941249,1717505.0
2023-05-16,0.169717581941249,0.169717581941249,0.1663832483078257,0.1672168317161815,968917.2
2023-05-17,0.1660498149444833,0.1708845987129472,0.1660498149444833,0.1703844486679337,909318.2
2023-05-18,0.1730519155746724,0.1797205828415191,0.1722183321663165,0.1792204327965056,1769189.0
2023-05-19,0.1767196825714381,0.1798872995231903,0.1765529658897669,0.1782201327064786,6327415.2
2023-05-22,0.1775532659797939,0.1780534160248074,0.1728851988930012,0.1740522156646994,1219283.0
2023-05-23,0.1737187823013571,0.1743856490280417,0.1708845987129472,0.1708845987129472,1163701.0
2023-05-24,0.1700510153045913,0.1750525157547264,0.1692174318962355,0.1715514654396318,1350247.0
2023-05-25,0.1762195325264245,0.1797205828415191,0.1722183321663165,0.1763862492080957,3075090.99
2023-05-26,0.1758860991630822,0.1802207328865326,0.1747190823913841,0.1788869994331632,1805231.64
2023-05-29,0.1807208829315461,0.1852222333366676,0.1807208829315461,0.1820546163849155,1821894.0
2023-05-30,0.1817211830215731,0.1867226834717082,0.1798872995231903,0.1860558167450235,2103777.62
2023-05-31,0.184555366609983,0.1880564169250775,0.1840552165649695,0.1873895501983928,1536444.0
2023-06-01,0.1857223833816812,0.1903904504684738,0.1847220832916541,0.1888900003334333,1420032.23
2023-06-02,0.1898903004234604,0.1907238838318162,0.1880564169250775,0.1892234336967757,1159272.88
2023-06-05,0.1890567170151045,0.1953919509186089,0.1883898502884198,0.1928912006935414,1520672.0
2023-06-06,0.1920576172851855,0.1938915007835684,0.1868894001533793,0.187556266880064,2356885.39
2023-06-07,0.1867226834717082,0.190557167150145,0.1863892501083658,0.1882231336067487,1102735.39
2023-06-08,0.1867226834717082,0.1870561168350505,0.1830549164749425,0.1852222333366676,1735394.5
2023-06-09,0.1852222333366676,0.1940582174652395,0.1838884998832983,0.1928912006935414,2092488.0
2023-06-12,0.1927244840118702,0.1962255343269647,0.1913907505585008,0.1947250841919242,1717527.0
2023-06-13,0.1932246340568837,0.1992264345970458,0.1922243339668567,0.1990597179153746,1656209.0
2023-06-14,0.1985595678703611,0.2048948017738655,0.1972258344169918,0.2032276349571538,3265102.0
2023-06-15,0.2030609182754826,0.2095628688606582,0.2030609182754826,0.2047280850921943,2027781.0
2023-06-16,0.2022273348671268,0.2153979527191491,0.2022273348671268,0.2150645193558067,3721730.0
2023-06-19,0.2158981027641625,0.2264012537094462,0.2147310859924644,0.2257343869827615,2752854.0
2023-06-20,0.2229002033943516,0.229235437297856,0.2198993031242706,0.2290687206161848,2886264.86
2023-06-21,0.2269014037544597,0.227234837117802,0.2187322863525724,0.2192324363975859,2308630.68
2023-06-26,0.2157313860824914,0.2192324363975859,0.2090627188156447,0.2110633189956987,2810030.55
2023-06-27,0.2105631689506852,0.2138975025841085,0.2078957020439465,0.2127304858124104,1791171.0
2023-06-28,0.2107298856323564,0.2107298856323564,0.2017271848221133,0.2062285352272348,2867072.0
2023-06-29,0.2058951018638925,0.2147310859924644,0.2058951018638925,0.2138975025841085,1912175.0
2023-06-30,0.2125637691307392,0.2212330365776399,0.2110633189956987,0.2183988529892301,2029538.5
2023-07-03,0.2190657197159148,0.2198993031242706,0.210396452269014,0.2160648194458337,2099729.05
2023-07-04,0.2147310859924644,0.2200660198059418,0.2138975025841085,0.2177319862625454,1386934.0
2023-07-05,0.2167316861725184,0.2178987029442166,0.211396752359041,0.2122303357673969,2049499.23
2023-07-06,0.2115634690407122,0.2173985528992031,0.210396452269014,0.2130639191757527,1750363.94
2023-07-07,0.211396752359041,0.2145643693107932,0.2065619685905772,0.2122303357673969,1494511.0
2023-07-10,0.212397052449068,0.2130639191757527,0.2067286852722483,0.209396152178987,1347487.6
2023-07-11,0.2092294354973158,0.2142309359474509,0.2087292854523023,0.2132306358574238,1340983.0
2023-07-12,0.2127304858124104,0.2127304858124104,0.2022273348671268,0.2027274849121403,4857363.0
2023-07-13,0.2037277850021673,0.2110633189956987,0.2032276349571538,0.210396452269014,1836109.0
2023-07-14,0.2135640692207662,0.2197325864425994,0.2125637691307392,0.2175652695808742,1827604.91
2023-07-17,0.2153979527191491,0.2202327364876129,0.2152312360374779,0.2185655696709012,1696044.0
2023-07-18,0.2173985528992031,0.2182321363075589,0.2122303357673969,0.2127304858124104,1310898.0
2023-07-19,0.2137307859024374,0.2153979527191491,0.2102297355873428,0.2105631689506852,930312.23
2023-07-20,0.2105631689506852,0.2107298856323564,0.1983928511886899,0.1997265846420592,1780625.31
2023-07-21,0.1983928511886899,0.2003934513687439,0.1963922510086359,0.1992264345970458,1245230.28
2023-07-24,0.1973925510986629,0.2050615184555366,0.1972258344169918,0.2007268847320863,1747346.0
2023-07-25,0.2020606181854556,0.206395251908906,0.1998933013237304,0.2028942015938115,1763166.32
2023-07-26,0.2020606181854556,0.2020606181854556,0.1963922510086359,0.1982261345070188,1342297.07
2023-07-27,0.1972258344169918,0.1990597179153746,0.1945583675102531,0.1958921009636224,1602881.77
2023-07-28,0.1950585175552665,0.1980594178253476,0.1942249341469107,0.1963922510086359,2143435.73
2023-07-31,0.1945583675102531,0.1987262845520322,0.1945583675102531,0.1963922510086359,1338756.0
2023-08-01,0.1950585175552665,0.2012270347770998,0.1940582174652395,0.2005601680504151,2275294.56
2023-08-02,0.1995598679603881,0.2018939015037845,0.1987262845520322,0.2000600180054016,964665.0
2023-08-03,0.1983928511886899,0.2008936014137574,0.1965589676903071,0.1983928511886899,1383737.0
2023-08-04,0.1972258344169918,0.205394951818879,0.1972258344169918,0.2050615184555366,2276031.09
2023-08-07,0.2050615184555366,0.2107298856323564,0.2020606181854556,0.2040612183655096,3218107.0
2023-08-08,0.2030609182754826,0.2055616685005502,0.2005601680504151,0.2007268847320863,1876912.91
2023-08-09,0.1992264345970458,0.2000600180054016,0.1937247841018972,0.1947250841919242,2307130.0
2023-08-10,0.1927244840118702,0.1940582174652395,0.190557167150145,0.1920576172851855,1400708.91
2023-08-11,0.1922243339668567,0.1937247841018972,0.1887232836517622,0.1892234336967757,942370.0
2023-08-14,0.1873895501983928,0.1907238838318162,0.1863892501083658,0.190557167150145,1211656.0
2023-08-15,0.1922243339668567,0.1940582174652395,0.1873895501983928,0.1888900003334333,1443383.0
2023-08-16,0.1870561168350505,0.1878897002434063,0.1837217832016272,0.1848887999733253,1564988.0
2023-08-17,0.1838884998832983,0.1882231336067487,0.1817211830215731,0.1870561168350505,1673290.0
2023-08-18,0.1868894001533793,0.1870561168350505,0.1808875996132173,0.1810543162948885,1291461.0
2023-08-21,0.1803874495682038,0.1852222333366676,0.1803874495682038,0.1815544663399019,1439763.0
2023-08-22,0.1838884998832983,0.189556867060118,0.1820546163849155,0.1893901503784468,2147588.0
2023-08-23,0.1877229835617351,0.1877229835617351,0.1813877496582308,0.1818878997032443,1805948.0
2023-08-24,0.1852222333366676,0.1872228335167217,0.1817211830215731,0.1832216331566136,1869863.0
2023-08-25,0.1795538661598479,0.1795538661598479,0.1732186322563435,0.1742189323463705,1516871.0
2023-08-28,0.1833883498382848,0.1837217832016272,0.1770531159347804,0.1772198326164516,1918594.0
2023-08-29,0.1767196825714381,0.1852222333366676,0.1755526657997399,0.1840552165649695,1605841.0
2023-08-30,0.184555366609983,0.1898903004234604,0.1843886499283118,0.1870561168350505,1561625.17
2023-08-31,0.1863892501083658,0.188556566970091,0.1852222333366676,0.1873895501983928,1553962.0
2023-09-01,0.1867226834717082,0.1872228335167217,0.1828881997932713,0.1843886499283118,1083637.0
2023-09-04,0.184555366609983,0.1870561168350505,0.1833883498382848,0.1868894001533793,1435916.0
2023-09-05,0.1863892501083658,0.1863892501083658,0.1827214831116001,0.1837217832016272,1328346.0
2023-09-06,0.1822213330665866,0.1850555166549965,0.1802207328865326,0.1843886499283118,1134423.37
2023-09-07,0.1843886499283118,0.1843886499283118,0.1793871494781768,0.1797205828415191,1076406.37
2023-09-08,0.1780534160248074,0.1820546163849155,0.1768863992531092,0.1808875996132173,1206686.91
2023-09-11,0.1810543162948885,0.187556266880064,0.1803874495682038,0.1852222333366676,1545759.0
2023-09-12,0.1837217832016272,0.1867226834717082,0.1830549164749425,0.1850555166549965,906794.0
2023-09-13,0.182554766429929,0.1843886499283118,0.1793871494781768,0.1807208829315461,1177887.0
2023-09-14,0.1805541662498749,0.1840552165649695,0.1798872995231903,0.1808875996132173,1166709.58
2023-09-15,0.1808875996132173,0.1810543162948885,0.1762195325264245,0.1773865492981227,1030334.0
2023-09-18,0.1760528158447534,0.1788869994331632,0.1753859491180687,0.1758860991630822,1271783.0
2023-09-19,0.1752192324363976,0.1762195325264245,0.1720516154846454,0.1738854989830282,1024570.14
2023-09-20,0.1737187823013571,0.1768863992531092,0.1733853489380147,0.1733853489380147,1343285.14
2023-09-21,0.1723850488479877,0.1773865492981227,0.1722183321663165,0.1743856490280417,1323666.0
2023-09-22,0.1735520656196859,0.1852222333366676,0.1733853489380147,0.1850555166549965,2539358.88
2023-09-25,0.1848887999733253,0.1850555166549965,0.1810543162948885,0.1822213330665866,1730928.17
2023-09-26,0.1822213330665866,0.1857223833816812,0.1813877496582308,0.1827214831116001,1996377.0
2023-09-27,0.1813877496582308,0.1847220832916541,0.1813877496582308,0.1835550665199559,1276732.77
2023-09-28,0.1840552165649695,0.1872228335167217,0.1838884998832983,0.1862225334266946,1830321.03
2023-10-09,0.1848887999733253,0.1867226834717082,0.1828881997932713,0.1853889500183388,1803825.33
2023-10-10,0.1853889500183388,0.1872228335167217,0.184555366609983,0.186555966790037,1083434.0
2023-10-11,0.186555966790037,0.1902237337868027,0.18555566670001,0.1887232836517622,1671532.0
2023-10-12,0.1890567170151045,0.189556867060118,0.1862225334266946,0.1870561168350505,1230624.0
2023-10-13,0.1857223833816812,0.1867226834717082,0.1837217832016272,0.184555366609983,1098300.27
2023-10-16,0.1837217832016272,0.1843886499283118,0.1805541662498749,0.1818878997032443,1114234.77
2023-10-17,0.1817211830215731,0.1833883498382848,0.1797205828415191,0.1820546163849155,842968.04
2023-10-18,0.1793871494781768,0.1795538661598479,0.1750525157547264,0.1772198326164516,1400339.91
2023-10-19,0.1752192324363976,0.1780534160248074,0.1738854989830282,0.1743856490280417,965926.62
2023-10-20,0.1733853489380147,0.1755526657997399,0.1693841485779067,0.1695508652595778,1263614.56
2023-10-23,0.1673835483978527,0.1690507152145643,0.1633823480377446,0.164716081491114,1469194.7
2023-10-24,0.1653829482177986,0.167716981761195,0.1630489146744023,0.1650495148544563,955685.11
2023-10-25,0.1643826481277716,0.1662165316261545,0.1628821979927311,0.1635490647194158,1189926.0
2023-10-26,0.1625487646293888,0.1673835483978527,0.1620486145843753,0.1668833983528391,1238111.75
2023-10-27,0.1653829482177986,0.1673835483978527,0.1635490647194158,0.1670501150345103,1342614.5
2023-10-30,0.1660498149444833,0.1700510153045913,0.1650495148544563,0.1695508652595778,1703322.46
2023-10-31,0.1688839985328931,0.1693841485779067,0.1653829482177986,0.1668833983528391,1115798.23
2023-11-01,0.1668833983528391,0.1680504151245373,0.1648827981727851,0.1655496648994698,809039.0
2023-11-02,0.166716681671168,0.1670501150345103,0.1638824980827581,0.1638824980827581,766673.0
2023-11-03,0.1638824980827581,0.1690507152145643,0.1638824980827581,0.1682171318062085,1654858.0
2023-11-06,0.1695508652595778,0.1723850488479877,0.1685505651695508,0.1722183321663165,1758612.0
2023-11-07,0.1718848988029742,0.1775532659797939,0.1700510153045913,0.1757193824814111,2269167.0
2023-11-08,0.1752192324363976,0.1767196825714381,0.1735520656196859,0.1753859491180687,1829404.0
2023-11-09,0.1753859491180687,0.1777199826614651,0.1738854989830282,0.1760528158447534,1455777.0
2023-11-10,0.1748857990730552,0.1772198326164516,0.1742189323463705,0.1747190823913841,1100460.0
2023-11-13,0.1763862492080957,0.1808875996132173,0.1763862492080957,0.1793871494781768,1806899.0
2023-11-14,0.1795538661598479,0.1818878997032443,0.1785535660698209,0.1805541662498749,933325.0
2023-11-15,0.1823880497482578,0.1828881997932713,0.1782201327064786,0.1803874495682038,1146330.0
2023-11-16,0.1797205828415191,0.1802207328865326,0.1768863992531092,0.1770531159347804,1029166.0
2023-11-17,0.1760528158447534,0.1808875996132173,0.1760528158447534,0.1803874495682038,1490009.93
2023-11-20,0.1803874495682038,0.1813877496582308,0.1778866993431362,0.1800540162048614,1048470.0
2023-11-21,0.1802207328865326,0.1813877496582308,0.1770531159347804,0.1780534160248074,817189.0
2023-11-22,0.1770531159347804,0.1772198326164516,0.1728851988930012,0.1732186322563435,1075662.92
2023-11-23,0.1725517655296589,0.1750525157547264,0.1715514654396318,0.1745523657097129,835749.0
2023-11-24,0.1748857990730552,0.1748857990730552,0.1700510153045913,0.1708845987129472,1295561.0
2023-11-27,0.1705511653496048,0.17271848221133,0.1698842986229202,0.1718848988029742,689181.0
2023-11-28,0.1712180320762895,0.1720516154846454,0.169717581941249,0.1715514654396318,597108.0
2023-11-29,0.1708845987129472,0.1722183321663165,0.1698842986229202,0.1703844486679337,662647.0
2023-11-30,0.1700510153045913,0.170717882031276,0.1682171318062085,0.1698842986229202,642552.1
2023-12-01,0.1693841485779067,0.1747190823913841,0.1685505651695508,0.1737187823013571,1147645.1
2023-12-04,0.1737187823013571,0.1755526657997399,0.1720516154846454,0.17271848221133,1200039.0
2023-12-05,0.1720516154846454,0.1723850488479877,0.1680504151245373,0.1682171318062085,933459.6
2023-12-06,0.1673835483978527,0.1693841485779067,0.1670501150345103,0.167716981761195,669908.0
2023-12-07,0.1680504151245373,0.1705511653496048,0.1672168317161815,0.169717581941249,1114174.47
2023-12-08,0.1698842986229202,0.1788869994331632,0.1690507152145643,0.1772198326164516,2500498.0
2023-12-11,0.1760528158447534,0.1795538661598479,0.1737187823013571,0.1793871494781768,1759343.0
2023-12-12,0.1783868493881498,0.1792204327965056,0.1750525157547264,0.1767196825714381,1879944.83
2023-12-13,0.1762195325264245,0.1768863992531092,0.1737187823013571,0.1737187823013571,1229478.0
2023-12-14,0.1750525157547264,0.1775532659797939,0.1730519155746724,0.1738854989830282,1885515.0
2023-12-15,0.1737187823013571,0.1745523657097129,0.1703844486679337,0.1715514654396318,1229305.0
2023-12-18,0.1703844486679337,0.1720516154846454,0.1695508652595778,0.1700510153045913,988785.0
2023-12-19,0.1693841485779067,0.1710513153946184,0.1682171318062085,0.1702177319862625,805820.0
2023-12-20,0.1702177319862625,0.1703844486679337,0.1655496648994698,0.1658830982628122,1556661.0
2023-12-21,0.1645493648094428,0.1703844486679337,0.1640492147644293,0.1682171318062085,1342972.0
2023-12-22,0.1668833983528391,0.1693841485779067,0.1653829482177986,0.1658830982628122,1173800.0
2023-12-25,0.165716381581141,0.1683838484878797,0.1653829482177986,0.1670501150345103,878817.0
2023-12-26,0.1670501150345103,0.1670501150345103,0.1620486145843753,0.1632156313560735,933984.0
2023-12-27,0.1633823480377446,0.1648827981727851,0.1625487646293888,0.1642159314461005,1009086.0
2023-12-28,0.1633823480377446,0.1700510153045913,0.1633823480377446,0.1695508652595778,1197319.0
2023-12-29,0.1692174318962355,0.1732186322563435,0.1683838484878797,0.1723850488479877,1633092.0
2024-01-02,0.1720516154846454,0.1725517655296589,0.1685505651695508,0.168717281851222,917814.65
2024-01-03,0.1680504151245373,0.1685505651695508,0.1645493648094428,0.1655496648994698,1108568.65
2024-01-04,0.1655496648994698,0.1658830982628122,0.1632156313560735,0.1640492147644293,721315.0
2024-01-05,0.163715781401087,0.1640492147644293,0.1583808475876096,0.1597145810409789,1357166.0
2024-01-08,0.1590477143142943,0.1592144309959654,0.1553799473175286,0.1555466639991997,936056.0
2024-01-09,0.1570471141342402,0.1588809976326231,0.1555466639991997,0.1567136807708979,895865.0
2024-01-10,0.1557133806808709,0.1572138308159114,0.1528791970924611,0.1542129305458304,913777.0
2024-01-11,0.1542129305458304,0.1590477143142943,0.1542129305458304,0.1587142809509519,1029890.0
2024-01-12,0.1577139808609249,0.1577139808609249,0.1548797972725151,0.1553799473175286,801549.0
2024-01-15,0.1537127805008169,0.1572138308159114,0.1535460638191457,0.1555466639991997,743232.0
2024-01-16,0.1550465139541862,0.1562135307258844,0.1532126304558034,0.1558800973625421,747135.0
2024-01-17,0.1548797972725151,0.1565469640892267,0.1528791970924611,0.1530459137741322,856453.0
2024-01-18,0.1512120302757494,0.1603814477676636,0.150878596912407,0.1593811476776366,2248146.0
2024-01-19,0.1583808475876096,0.1605481644493348,0.1580474142242672,0.1583808475876096,1345257.28
2024-01-22,0.1602147310859924,0.1608815978126771,0.1527124804107899,0.1537127805008169,1960238.91
2024-01-23,0.1532126304558034,0.1595478643593078,0.1523790470474476,0.1583808475876096,1604991.0
2024-01-24,0.1587142809509519,0.1598812977226501,0.1527124804107899,0.1595478643593078,1934535.0
2024-01-25,0.1588809976326231,0.1650495148544563,0.1577139808609249,0.1650495148544563,1696694.0
2024-01-26,0.1627154813110599,0.163715781401087,0.1597145810409789,0.1603814477676636,1539663.0
2024-01-29,0.1600480144043213,0.1600480144043213,0.1517121803207629,0.1520456136841052,1689947.0
2024-01-30,0.1505451635490647,0.1520456136841052,0.1470441132339702,0.1472108299156413,1613524.99
2024-01-31,0.1455436630989297,0.1480444133239972,0.1433763462372045,0.1433763462372045,1242711.99
2024-02-01,0.1413757460571504,0.1515454636390917,0.1410423126938081,0.147877696642326,2510785.44
2024-02-02,0.146877396552299,0.1505451635490647,0.1402087292854523,0.143876496282218,1451621.0
2024-02-05,0.1430429128738621,0.146877396552299,0.1367076789703577,0.1427094795105198,1602587.36
2024-02-06,0.1385415624687406,0.1525457637291187,0.1383748457870694,0.1523790470474476,1972817.95
2024-02-07,0.1523790470474476,0.1565469640892267,0.1512120302757494,0.1558800973625421,1454213.3
2024-02-08,0.1567136807708979,0.1645493648094428,0.1567136807708979,0.1602147310859924,1502295.29
2024-02-19,0.1650495148544563,0.1745523657097129,0.1627154813110599,0.1740522156646994,3371980.89
2024-02-20,0.1708845987129472,0.1743856490280417,0.168717281851222,0.1732186322563435,2556017.01
2024-02-21,0.1693841485779067,0.1737187823013571,0.1682171318062085,0.169717581941249,2729290.1
2024-02-22,0.1735520656196859,0.1748857990730552,0.1702177319862625,0.1740522156646994,2663013.14
2024-02-23,0.1767196825714381,0.1778866993431362,0.1728851988930012,0.1745523657097129,2134291.14
2024-02-26,0.1728851988930012,0.1763862492080957,0.1715514654396318,0.1742189323463705,1957918.26
2024-02-27,0.1733853489380147,0.187556266880064,0.17271848221133,0.1858891000633523,3697715.0
2024-02-28,0.1858891000633523,0.187556266880064,0.1743856490280417,0.1745523657097129,3964360.0
2024-02-29,0.1745523657097129,0.1848887999733253,0.1743856490280417,0.1842219332466406,3280599.72
2024-03-01,0.1843886499283118,0.1930579173752125,0.1842219332466406,0.1920576172851855,4284417.44
2024-03-04,0.1950585175552665,0.1987262845520322,0.1903904504684738,0.1965589676903071,3525916.58
2024-03-05,0.1932246340568837,0.2023940515487979,0.1918909006035144,0.1950585175552665,4554465.0
2024-03-06,0.192557767330199,0.1975592677803341,0.1923910506485278,0.1952252342369377,3081656.69
2024-03-07,0.1962255343269647,0.1982261345070188,0.1902237337868027,0.1910573171951585,3645075.0
2024-03-08,0.1928912006935414,0.2020606181854556,0.1912240338768297,0.2018939015037845,5771563.66
2024-03-11,0.1958921009636224,0.2022273348671268,0.1942249341469107,0.2013937514587709,4965629.66
2024-03-12,0.1997265846420592,0.2025607682304691,0.1957253842819512,0.1985595678703611,3833128.38
2024-03-13,0.2013937514587709,0.204394651728852,0.1978927011436764,0.1983928511886899,4438714.89
2024-03-14,0.1942249341469107,0.1990597179153746,0.1937247841018972,0.1972258344169918,3663786.99
2024-03-15,0.1957253842819512,0.2028942015938115,0.1942249341469107,0.2018939015037845,4046108.99
2024-03-18,0.2018939015037845,0.2080624187256177,0.2017271848221133,0.2065619685905772,3299486.8
2024-03-19,0.2050615184555366,0.2082291354072888,0.2027274849121403,0.2055616685005502,2885901.13
2024-03-20,0.204394651728852,0.2080624187256177,0.2018939015037845,0.2042279350471808,3063667.13
2024-03-21,0.2038945016838385,0.2058951018638925,0.2022273348671268,0.2025607682304691,2522150.0
2024-03-22,0.2015604681404421,0.2037277850021673,0.1985595678703611,0.2005601680504151,2646227.4
2024-03-25,0.2003934513687439,0.2032276349571538,0.1963922510086359,0.1967256843719782,2264266.51
2024-03-26,0.1952252342369377,0.1992264345970458,0.1887232836517622,0.1922243339668567,3322225.96
2024-03-27,0.1910573171951585,0.192557767330199,0.1843886499283118,0.1847220832916541,2840227.69
2024-03-28,0.1843886499283118,0.1933913507385549,0.1843886499283118,0.1902237337868027,2937553.94
2024-03-29,0.1890567170151045,0.1928912006935414,0.1863892501083658,0.1927244840118702,2894890.55
2024-04-01,0.1933913507385549,0.1977259844620052,0.1927244840118702,0.1975592677803341,2564775.31
2024-04-02,0.1967256843719782,0.1978927011436764,0.1927244840118702,0.1943916508285819,2372751.16
2024-04-03,0.1933913507385549,0.1933913507385549,0.1877229835617351,0.1880564169250775,2426896.0
2024-04-08,0.1863892501083658,0.1913907505585008,0.1858891000633523,0.1882231336067487,2656180.67
2024-04-09,0.1880564169250775,0.1890567170151045,0.1847220832916541,0.1880564169250775,1808308.99
2024-04-10,0.1863892501083658,0.1867226834717082,0.1813877496582308,0.1822213330665866,2072003.41
2024-04-11,0.1817211830215731,0.1862225334266946,0.1817211830215731,0.1832216331566136,2114806.0
2024-04-12,0.1850555166549965,0.1923910506485278,0.1848887999733253,0.188556566970091,3214739.0
2024-04-15,0.1873895501983928,0.1917241839218432,0.1868894001533793,0.190557167150145,2228922.42
2024-04-16,0.1882231336067487,0.1892234336967757,0.1840552165649695,0.1842219332466406,2202139.42
2024-04-17,0.1863892501083658,0.1923910506485278,0.1858891000633523,0.1923910506485278,2843704.37
2024-04-18,0.1902237337868027,0.1958921009636224,0.1877229835617351,0.192557767330199,2737804.34
2024-04-19,0.190557167150145,0.1920576172851855,0.1852222333366676,0.1883898502884198,2536580.5
2024-04-22,0.1813877496582308,0.1852222333366676,0.1783868493881498,0.1840552165649695,2412293.03
2024-04-23,0.1843886499283118,0.1862225334266946,0.1818878997032443,0.1832216331566136,1514441.13
2024-04-24,0.1850555166549965,0.1912240338768297,0.1828881997932713,0.190557167150145,3086180.07
2024-04-25,0.1882231336067487,0.189556867060118,0.1867226834717082,0.1873895501983928,2247177.12
2024-04-26,0.1898903004234604,0.1987262845520322,0.1898903004234604,0.1972258344169918,4053406.81
2024-04-29,0.1995598679603881,0.2015604681404421,0.1985595678703611,0.2007268847320863,2614199.69
2024-04-30,0.2012270347770998,0.2023940515487979,0.1980594178253476,0.1982261345070188,2251736.8
2024-05-06,0.2018939015037845,0.2030609182754826,0.1980594178253476,0.1988930012337034,2124342.02
2024-05-07,0.1998933013237304,0.2008936014137574,0.1942249341469107,0.1967256843719782,2836777.76
2024-05-08,0.1950585175552665,0.1968924010536494,0.1937247841018972,0.1945583675102531,1854497.5
2024-05-09,0.1938915007835684,0.1957253842819512,0.1920576172851855,0.1952252342369377,2668283.98
2024-05-10,0.1943916508285819,0.1945583675102531,0.1910573171951585,0.193558067420226,2162557.0
2024-05-13,0.1923910506485278,0.1955586676002801,0.1922243339668567,0.193558067420226,2150145.0
2024-05-14,0.1933913507385549,0.1953919509186089,0.1900570171051315,0.1918909006035144,2313231.0
2024-05-15,0.1913907505585008,0.1948918008735954,0.1902237337868027,0.1908906005134873,2116434.0
2024-05-16,0.1945583675102531,0.1972258344169918,0.1928912006935414,0.1937247841018972,4241183.0
2024-05-17,0.1920576172851855,0.1957253842819512,0.190557167150145,0.1957253842819512,2875962.1
2024-05-20,0.1940582174652395,0.1982261345070188,0.1917241839218432,0.1978927011436764,2975738.0
2024-05-21,0.1972258344169918,0.1980594178253476,0.1953919509186089,0.1960588176452936,2668670.0
2024-05-22,0.1957253842819512,0.1958921009636224,0.1937247841018972,0.1945583675102531,1556859.0
2024-05-23,0.1963922510086359,0.1973925510986629,0.1903904504684738,0.192557767330199,3157808.0
2024-05-24,0.1913907505585008,0.1962255343269647,0.1868894001533793,0.1872228335167217,3372463.92
2024-05-27,0.1880564169250775,0.190557167150145,0.1868894001533793,0.1898903004234604,2024289.0
2024-05-28,0.1887232836517622,0.1912240338768297,0.1867226834717082,0.1870561168350505,2725150.0
2024-05-29,0.1883898502884198,0.1893901503784468,0.1857223833816812,0.186555966790037,1291346.04
2024-05-30,0.18555566670001,0.1872228335167217,0.1837217832016272,0.1862225334266946,1353228.9
2024-05-31,0.1852222333366676,0.1892234336967757,0.1838884998832983,0.18555566670001,1272157.0
2024-06-03,0.1853889500183388,0.1910573171951585,0.1853889500183388,0.1888900003334333,2703901.0
2024-06-04,0.1888900003334333,0.190557167150145,0.1872228335167217,0.1900570171051315,1791512.0
2024-06-05,0.189556867060118,0.1903904504684738,0.1872228335167217,0.1873895501983928,1260489.0
2024-06-06,0.1903904504684738,0.1937247841018972,0.1880564169250775,0.1890567170151045,2885929.0
2024-06-07,0.1888900003334333,0.189556867060118,0.1827214831116001,0.1843886499283118,2366856.0
2024-06-11,0.1830549164749425,0.1863892501083658,0.1830549164749425,0.1860558167450235,1229051.0
2024-06-12,0.1860558167450235,0.189556867060118,0.1857223833816812,0.1870561168350505,1216221.0
2024-06-13,0.1882231336067487,0.1930579173752125,0.1872228335167217,0.1907238838318162,2540413.0
2024-06-14,0.190557167150145,0.2017271848221133,0.1897235837417892,0.1993931512787169,3708279.88
2024-06-17,0.1997265846420592,0.2032276349571538,0.1997265846420592,0.2015604681404421,1952994.3
2024-06-18,0.2010603180954286,0.2092294354973158,0.2010603180954286,0.2067286852722483,1915743.65
2024-06-19,0.2090627188156447,0.2092294354973158,0.2047280850921943,0.2052282351372078,1477207.25
2024-06-20,0.2050615184555366,0.2070621186355906,0.2022273348671268,0.2025607682304691,1407283.0
2024-06-21,0.1993931512787169,0.2047280850921943,0.1982261345070188,0.2030609182754826,1563844.0
2024-06-24,0.2012270347770998,0.2035610683204961,0.1962255343269647,0.1965589676903071,1180925.0
2024-06-25,0.1942249341469107,0.1952252342369377,0.1888900003334333,0.1903904504684738,1662816.0
2024-06-26,0.1928912006935414,0.1967256843719782,0.1913907505585008,0.1962255343269647,1594509.0
2024-06-27,0.1943916508285819,0.1957253842819512,0.191557467240172,0.1917241839218432,1321330.0
2024-06-28,0.1913907505585008,0.1988930012337034,0.190557167150145,0.1963922510086359,1969282.36
2024-07-01,0.1958921009636224,0.2010603180954286,0.1943916508285819,0.1997265846420592,2117960.62
2024-07-02,0.1988930012337034,0.2002267346870728,0.1965589676903071,0.1973925510986629,1378214.0
2024-07-03,0.1972258344169918,0.1972258344169918,0.192557767330199,0.1948918008735954,1417806.0
2024-07-04,0.1970591177353206,0.1983928511886899,0.1933913507385549,0.1937247841018972,1442180.68
2024-07-05,0.1928912006935414,0.1945583675102531,0.1897235837417892,0.1933913507385549,1498116.67
2024-07-08,0.1933913507385549,0.1957253842819512,0.1922243339668567,0.1930579173752125,1358266.0
2024-07-09,0.1930579173752125,0.2048948017738655,0.1920576172851855,0.204394651728852,3137967.5
2024-07-10,0.2030609182754826,0.2065619685905772,0.2022273348671268,0.2052282351372078,2780953.82
2024-07-11,0.2082291354072888,0.2088960021339735,0.2010603180954286,0.205394951818879,1997912.64
2024-07-12,0.2013937514587709,0.2018939015037845,0.1988930012337034,0.2007268847320863,1962739.88
2024-07-15,0.1995598679603881,0.1997265846420592,0.1963922510086359,0.1985595678703611,1458845.0
2024-07-16,0.1983928511886899,0.2010603180954286,0.1958921009636224,0.2005601680504151,1985530.38
2024-07-17,0.1987262845520322,0.1997265846420592,0.1948918008735954,0.1950585175552665,2120797.33
2024-07-18,0.1907238838318162,0.1933913507385549,0.186555966790037,0.1932246340568837,2768245.04
2024-07-19,0.190557167150145,0.193558067420226,0.1900570171051315,0.191557467240172,1836624.0
2024-07-22,0.1910573171951585,0.1933913507385549,0.1902237337868027,0.1923910506485278,1865480.67
2024-07-23,0.1937247841018972,0.1940582174652395,0.1868894001533793,0.1872228335167217,1832235.85
2024-07-24,0.18555566670001,0.1903904504684738,0.1850555166549965,0.1858891000633523,1927968.89
2024-07-25,0.1828881997932713,0.1835550665199559,0.1787202827514921,0.1812210329765596,2066678.41
2024-07-26,0.1810543162948885,0.1853889500183388,0.1805541662498749,0.184555366609983,1914606.0
2024-07-29,0.1838884998832983,0.1880564169250775,0.1830549164749425,0.1858891000633523,1779111.0
2024-07-30,0.184555366609983,0.1858891000633523,0.182554766429929,0.184555366609983,1544712.0
2024-07-31,0.1832216331566136,0.1902237337868027,0.1832216331566136,0.1900570171051315,2451758.0
2024-08-01,0.1930579173752125,0.1938915007835684,0.1900570171051315,0.1900570171051315,1901939.0
2024-08-02,0.1863892501083658,0.1867226834717082,0.1810543162948885,0.1813877496582308,3215581.0
2024-08-05,0.1775532659797939,0.1795538661598479,0.1708845987129472,0.1710513153946184,2858236.0
2024-08-06,0.1750525157547264,0.1767196825714381,0.1720516154846454,0.1740522156646994,1761329.0
2024-08-07,0.1735520656196859,0.1772198326164516,0.1730519155746724,0.1747190823913841,1767502.0
2024-08-08,0.1728851988930012,0.1747190823913841,0.1705511653496048,0.1728851988930012,1431583.0
2024-08-09,0.1748857990730552,0.1765529658897669,0.1732186322563435,0.1733853489380147,1324592.0
2024-08-12,0.1725517655296589,0.1748857990730552,0.1720516154846454,0.17271848221133,1178409.94
2024-08-13,0.1735520656196859,0.1753859491180687,0.1723850488479877,0.1745523657097129,1095232.0
2024-08-14,0.1762195325264245,0.1765529658897669,0.1735520656196859,0.1737187823013571,1119032.57
2024-08-15,0.1718848988029742,0.1758860991630822,0.1718848988029742,0.1743856490280417,1323312.98
2024-08-16,0.1753859491180687,0.1792204327965056,0.1753859491180687,0.1775532659797939,2120218.0
2024-08-19,0.1772198326164516,0.1802207328865326,0.1763862492080957,0.1778866993431362,1280519.0
2024-08-20,0.1785535660698209,0.1792204327965056,0.1753859491180687,0.1760528158447534,1232482.0
2024-08-21,0.1748857990730552,0.1780534160248074,0.1742189323463705,0.1762195325264245,927863.0
2024-08-22,0.1762195325264245,0.1765529658897669,0.1730519155746724,0.1733853489380147,938541.0
2024-08-23,0.17271848221133,0.1742189323463705,0.1715514654396318,0.1733853489380147,826847.0
2024-08-26,0.1743856490280417,0.1750525157547264,0.1705511653496048,0.1713847487579607,1021308.65
2024-08-27,0.1708845987129472,0.1708845987129472,0.1680504151245373,0.1683838484878797,977877.0
2024-08-28,0.1673835483978527,0.1698842986229202,0.1668833983528391,0.1682171318062085,1100441.0
2024-08-29,0.1660498149444833,0.1682171318062085,0.1627154813110599,0.1673835483978527,1495023.65
2024-08-30,0.165716381581141,0.1735520656196859,0.165716381581141,0.1718848988029742,1646183.65
2024-09-02,0.1708845987129472,0.171718182121303,0.1652162315361275,0.1652162315361275,1535401.0
2024-09-03,0.1652162315361275,0.1672168317161815,0.164716081491114,0.1668833983528391,1113767.0
2024-09-04,0.1645493648094428,0.1670501150345103,0.1618818979027041,0.165716381581141,1415936.0
2024-09-05,0.1655496648994698,0.168717281851222,0.1650495148544563,0.1670501150345103,1134025.28
2024-09-06,0.1670501150345103,0.1673835483978527,0.1630489146744023,0.1632156313560735,912726.0
2024-09-09,0.1622153312660464,0.1642159314461005,0.1615484645393618,0.1640492147644293,982588.0
2024-09-10,0.1635490647194158,0.1680504151245373,0.1623820479477176,0.1670501150345103,1964208.65
2024-09-11,0.1663832483078257,0.168717281851222,0.1663832483078257,0.167716981761195,1184957.65
2024-09-12,0.1698842986229202,0.1713847487579607,0.1670501150345103,0.1673835483978527,1209711.0
2024-09-13,0.1668833983528391,0.1722183321663165,0.1668833983528391,0.169717581941249,1992377.0
2024-09-18,0.1692174318962355,0.1698842986229202,0.1670501150345103,0.1688839985328931,895837.0
2024-09-19,0.169717581941249,0.1705511653496048,0.1658830982628122,0.1690507152145643,1453030.0
2024-09-20,0.1700510153045913,0.170717882031276,0.1682171318062085,0.1688839985328931,1237517.0
2024-09-23,0.1692174318962355,0.1732186322563435,0.168717281851222,0.1708845987129472,1435825.0
2024-09-24,0.171718182121303,0.1803874495682038,0.1703844486679337,0.1803874495682038,2137830.65
2024-09-25,0.1823880497482578,0.1850555166549965,0.1800540162048614,0.1805541662498749,1866103.65
2024-09-26,0.1803874495682038,0.1870561168350505,0.1792204327965056,0.1868894001533793,1577891.0
2024-09-27,0.1880564169250775,0.1968924010536494,0.1863892501083658,0.1965589676903071,1245698.0
2024-09-30,0.2025607682304691,0.2162315361275049,0.1985595678703611,0.2162315361275049,2365696.0
2024-10-08,0.2379047047447567,0.2379047047447567,0.2279017038444866,0.2379047047447567,2256730.28
2024-10-09,0.2394051548797972,0.2467406888733286,0.2250675202560768,0.2279017038444866,3476219.0
2024-10-10,0.2290687206161848,0.2327364876129505,0.2190657197159148,0.2245673702110633,3290229.0
2024-10-11,0.2220666199859958,0.2244006535293921,0.2127304858124104,0.2162315361275049,1392809.9
2024-10-14,0.2165649694908472,0.2224000533493381,0.2112300356773698,0.2218999033043246,1363121.0
2024-10-15,0.2208996032142976,0.2265679703911173,0.2168984028541896,0.2168984028541896,1562097.0
2024-10-16,0.2107298856323564,0.214397652629122,0.209396152178987,0.2107298856323564,1440532.0
2024-10-17,0.2127304858124104,0.2162315361275049,0.2118969024040545,0.212397052449068,1457282.0
2024-10-18,0.212397052449068,0.2335700710213064,0.2120636190857257,0.229235437297856,2596847.0
2024-10-21,0.2299023040245407,0.2377379880630856,0.2257343869827615,0.2315694708412524,2478799.64
2024-10-22,0.2350705211563469,0.2350705211563469,0.2285685705711713,0.2327364876129505,1496454.0
2024-10-23,0.2285685705711713,0.2339035043846487,0.226234537027775,0.2290687206161848,1695537.0
2024-10-24,0.2277349871628155,0.2372378380180721,0.2270681204361308,0.2324030542496082,2949045.0
2024-10-25,0.2339035043846487,0.2370711213364009,0.2317361875229235,0.2350705211563469,1901451.0
2024-10-28,0.2340702210663199,0.2360708212463739,0.2309026041145677,0.2339035043846487,976020.0
2024-10-29,0.2334033543396352,0.2375712713814144,0.2307358874328965,0.2314027541595812,1288618.64
2024-10-30,0.2295688706611983,0.2357373878830315,0.229235437297856,0.232236337567937,1014705.0
2024-10-31,0.2317361875229235,0.2364042546097162,0.2290687206161848,0.2339035043846487,1414251.0
2024-11-01,0.2317361875229235,0.233236637657964,0.2259011036644326,0.2264012537094462,1378444.0
2024-11-04,0.225234236937748,0.2325697709312794,0.225234236937748,0.2314027541595812,955942.0
2024-11-05,0.2314027541595812,0.2397385882431396,0.230235737387883,0.2385715714714414,1508548.0
2024-11-06,0.2384048547897702,0.2407388883331666,0.2337367877029775,0.2360708212463739,1527306.0
2024-11-07,0.2325697709312794,0.2404054549698243,0.2320696208862658,0.2404054549698243,1764561.0
2024-11-08,0.2442399386482611,0.2517421893234637,0.2434063552399053,0.2439065052849188,1998975.0
2024-11-11,0.2420726217865359,0.2544096562302024,0.2405721716514954,0.2522423393684772,2360563.42
2024-11-12,0.2522423393684772,0.2524090560501484,0.2449068053749458,0.2477409889633556,1616880.0
2024-11-13,0.2454069554199593,0.25407622286686,0.2445733720116035,0.2524090560501484,1863020.0
2024-11-14,0.2507418892334367,0.2524090560501484,0.2402387382881531,0.2410723216965089,1414169.0
2024-11-15,0.2405721716514954,0.2437397886032476,0.2314027541595812,0.2319029042045947,1599646.0
2024-11-18,0.2305691707512253,0.2324030542496082,0.2235670701210363,0.2257343869827615,1340544.0
2024-11-19,0.2260678203461038,0.2314027541595812,0.2232336367576939,0.23123603747791,1186237.49
2024-11-20,0.2305691707512253,0.2350705211563469,0.230235737387883,0.2347370877930045,1501825.51
2024-11-21,0.2337367877029775,0.2352372378380181,0.2299023040245407,0.2319029042045947,1013387.87
2024-11-22,0.2309026041145677,0.2345703711113334,0.2234003534393651,0.2239005034843786,951302.0
2024-11-25,0.2227334867126805,0.2239005034843786,0.2140642192657797,0.2185655696709012,1192350.02
2024-11-26,0.2183988529892301,0.2212330365776399,0.2177319862625454,0.2182321363075589,897959.0
2024-11-27,0.2168984028541896,0.2227334867126805,0.2138975025841085,0.2225667700310093,1106912.0
2024-11-28,0.2222333366676669,0.2222333366676669,0.2177319862625454,0.2182321363075589,979755.0
2024-11-29,0.2182321363075589,0.2250675202560768,0.2173985528992031,0.2225667700310093,1009051.0
2024-12-02,0.2224000533493381,0.2289020039345137,0.2224000533493381,0.2275682704811443,1392062.0
2024-12-03,0.2274015537994732,0.2275682704811443,0.2225667700310093,0.2250675202560768,1142609.0
2024-12-04,0.2249008035744056,0.2264012537094462,0.2197325864425994,0.2210663198959688,968868.83
2024-12-05,0.2208996032142976,0.2255676703010903,0.2207328865326265,0.2240672201660498,937944.74
2024-12-06,0.2239005034843786,0.227234837117802,0.2229002033943516,0.2257343869827615,1004376.0
2024-12-09,0.2247340868927345,0.225234236937748,0.2200660198059418,0.2217331866226534,965697.77
2024-12-10,0.2290687206161848,0.2294021539795271,0.2222333366676669,0.2227334867126805,1115374.62
2024-12-11,0.2215664699409823,0.2275682704811443,0.2215664699409823,0.227234837117802,1199785.0
2024-12-12,0.2269014037544597,0.2304024540695542,0.2269014037544597,0.2297355873428695,1173088.0
2024-12-13,0.2285685705711713,0.2297355873428695,0.2239005034843786,0.2247340868927345,839514.54
2024-12-16,0.2247340868927345,0.2259011036644326,0.2213997532593111,0.2239005034843786,578642.0
2024-12-17,0.2239005034843786,0.2319029042045947,0.2239005034843786,0.2255676703010903,1453079.0
2024-12-18,0.2247340868927345,0.2289020039345137,0.2222333366676669,0.2265679703911173,1084962.0
2024-12-19,0.2244006535293921,0.2350705211563469,0.2244006535293921,0.234236937747991,2034015.0
2024-12-20,0.232236337567937,0.2377379880630856,0.2315694708412524,0.2344036544296622,1935484.0
2024-12-23,0.2345703711113334,0.2360708212463739,0.229235437297856,0.2294021539795271,1844916.0
2024-12-24,0.2295688706611983,0.2320696208862658,0.2264012537094462,0.2315694708412524,1077575.0
2024-12-25,0.2314027541595812,0.2345703711113334,0.2304024540695542,0.232236337567937,1834431.0
2024-12-26,0.2319029042045947,0.243072921876563,0.230235737387883,0.2427394885132206,2379857.0
2024-12-27,0.2422393384682071,0.2422393384682071,0.2365709712913874,0.2380714214264279,2528297.0
2024-12-30,0.2379047047447567,0.2390717215164549,0.2339035043846487,0.2345703711113334,2263261.0
2024-12-31,0.2349038044746757,0.2359041045647027,0.2269014037544597,0.2274015537994732,2448052.0
2025-01-02,0.2254009536194191,0.227234837117802,0.2175652695808742,0.2200660198059418,1629873.0
2025-01-03,0.2202327364876129,0.2207328865326265,0.2132306358574238,0.2137307859024374,1727212.0
2025-01-06,0.2140642192657797,0.2175652695808742,0.2102297355873428,0.2122303357673969,1319439.0
2025-01-07,0.2122303357673969,0.2190657197159148,0.2112300356773698,0.2187322863525724,1880735.0
2025-01-08,0.2162315361275049,0.2177319862625454,0.2088960021339735,0.2155646694008202,1680785.93
2025-01-09,0.2133973525390951,0.2185655696709012,0.2132306358574238,0.2173985528992031,1158915.71
2025-01-10,0.2160648194458337,0.2163982528091761,0.2095628688606582,0.2097295855423293,1263392.0
2025-01-13,0.206395251908906,0.2122303357673969,0.2060618185455636,0.209396152178987,1158668.0
2025-01-14,0.2100630189056717,0.2203994531692841,0.2068954019539195,0.2195658697609283,1656538.16
2025-01-15,0.2180654196258878,0.2192324363975859,0.2153979527191491,0.2160648194458337,1027641.93
2025-01-16,0.2177319862625454,0.2237337868027075,0.2162315361275049,0.2222333366676669,2408296.71
2025-01-17,0.2205661698509552,0.2265679703911173,0.2192324363975859,0.2240672201660498,1675975.35
2025-01-20,0.2247340868927345,0.2300690207062118,0.2244006535293921,0.2270681204361308,1490205.94
2025-01-21,0.2309026041145677,0.2339035043846487,0.2284018538895002,0.2327364876129505,1350959.0
2025-01-22,0.2329032042946217,0.2412390383781801,0.2329032042946217,0.2387382881531126,2402340.0
2025-01-23,0.2400720216064819,0.2440732219665899,0.2330699209762929,0.2335700710213064,1536770.0
2025-01-24,0.2327364876129505,0.2397385882431396,0.232236337567937,0.2392384381981261,1099730.0
2025-01-27,0.2357373878830315,0.2364042546097162,0.2259011036644326,0.2260678203461038,1991840.0
2025-02-05,0.2255676703010903,0.2259011036644326,0.2165649694908472,0.2187322863525724,2855343.0
2025-02-06,0.2193991530792571,0.2264012537094462,0.2190657197159148,0.2255676703010903,2223071.0
2025-02-07,0.2254009536194191,0.2350705211563469,0.2250675202560768,0.2319029042045947,3118634.0
2025-02-10,0.2320696208862658,0.2334033543396352,0.2297355873428695,0.2334033543396352,2463522.0
2025-02-11,0.2334033543396352,0.2350705211563469,0.2315694708412524,0.2325697709312794,1186205.0
2025-02-12,0.23123603747791,0.2370711213364009,0.23123603747791,0.2369044046547297,1488580.0
2025-02-13,0.2365709712913874,0.2365709712913874,0.229235437297856,0.2299023040245407,1786308.42
2025-02-14,0.2285685705711713,0.2324030542496082,0.2277349871628155,0.2295688706611983,1367269.58
2025-02-17,0.2314027541595812,0.2399053049248108,0.2314027541595812,0.2382381381080991,2632107.0
2025-02-18,0.236237537928045,0.2384048547897702,0.2309026041145677,0.2319029042045947,2162595.0
2025-02-19,0.2310693207962388,0.2367376879730585,0.230235737387883,0.2365709712913874,1898526.0
2025-02-20,0.2360708212463739,0.2372378380180721,0.2334033543396352,0.2364042546097162,1274160.0
2025-02-21,0.2380714214264279,0.2464072555099863,0.2364042546097162,0.2452402387382881,2716507.58
2025-02-24,0.2440732219665899,0.2442399386482611,0.2394051548797972,0.243072921876563,3208098.0
2025-02-25,0.2372378380180721,0.2424060551498783,0.2359041045647027,0.2389050048347837,1808012.0
2025-02-26,0.2394051548797972,0.2409056050148378,0.2355706712013604,0.2405721716514954,2785930.0
2025-02-27,0.2409056050148378,0.2419059051048648,0.2300690207062118,0.2334033543396352,2245688.0
2025-02-28,0.2284018538895002,0.2300690207062118,0.2198993031242706,0.2213997532593111,2688136.0
2025-03-03,0.2212330365776399,0.2215664699409823,0.2155646694008202,0.2178987029442166,2435230.0
2025-03-04,0.2142309359474509,0.2205661698509552,0.2133973525390951,0.2203994531692841,1405170.0
2025-03-05,0.2205661698509552,0.2232336367576939,0.2200660198059418,0.2232336367576939,1467139.0
2025-03-06,0.2249008035744056,0.2287352872528425,0.2237337868027075,0.2275682704811443,1963232.0
2025-03-07,0.2265679703911173,0.2270681204361308,0.2227334867126805,0.2240672201660498,1817451.21
2025-03-10,0.2239005034843786,0.2247340868927345,0.2212330365776399,0.2237337868027075,872783.24
2025-03-11,0.2217331866226534,0.2225667700310093,0.2200660198059418,0.2222333366676669,988691.0
2025-03-12,0.2234003534393651,0.2284018538895002,0.2225667700310093,0.2254009536194191,1585912.99
2025-03-13,0.2255676703010903,0.2269014037544597,0.2198993031242706,0.2212330365776399,984496.0
2025-03-14,0.2205661698509552,0.2260678203461038,0.2198993031242706,0.2259011036644326,1398933.0
2025-03-17,0.2267346870727885,0.2280684205261578,0.2259011036644326,0.2265679703911173,960203.01
2025-03-18,0.2290687206161848,0.2299023040245407,0.225234236937748,0.2297355873428695,1805013.0
2025-03-19,0.228235137207829,0.228235137207829,0.2235670701210363,0.2245673702110633,1363011.0
2025-03-20,0.2240672201660498,0.2254009536194191,0.2227334867126805,0.2230669200760228,1940439.0
2025-03-21,0.2218999033043246,0.2235670701210363,0.2177319862625454,0.2182321363075589,1892488.84
2025-03-24,0.2182321363075589,0.2198993031242706,0.2135640692207662,0.2180654196258878,1141014.0
2025-03-25,0.2183988529892301,0.2193991530792571,0.2138975025841085,0.2145643693107932,1015682.0
2025-03-26,0.2145643693107932,0.2160648194458337,0.2133973525390951,0.2135640692207662,898338.0
2025-03-27,0.2125637691307392,0.2148978026741355,0.2092294354973158,0.212397052449068,1110916.0
2025-03-28,0.2127304858124104,0.2133973525390951,0.2108966023140275,0.2110633189956987,1107963.0
2025-03-31,0.2100630189056717,0.2115634690407122,0.2077289853622753,0.2112300356773698,1732091.0
2025-04-01,0.2110633189956987,0.2122303357673969,0.2100630189056717,0.2102297355873428,1432202.0
2025-04-02,0.210396452269014,0.2142309359474509,0.210396452269014,0.212397052449068,1991289.0
2025-04-03,0.2090627188156447,0.210396452269014,0.2038945016838385,0.2057283851822213,2065317.0
2025-04-07,0.189556867060118,0.192557767330199,0.1852222333366676,0.1852222333366676,736475.0
2025-04-08,0.1763862492080957,0.1812210329765596,0.1700510153045913,0.1742189323463705,4080925.73
2025-04-09,0.1698842986229202,0.1793871494781768,0.1653829482177986,0.1782201327064786,2619194.48
2025-04-10,0.1870561168350505,0.1907238838318162,0.1857223833816812,0.1858891000633523,6537162.0
2025-04-11,0.1832216331566136,0.1898903004234604,0.182554766429929,0.1878897002434063,1901455.0
2025-04-14,0.1928912006935414,0.1942249341469107,0.1897235837417892,0.1902237337868027,2047110.0
2025-04-15,0.1897235837417892,0.1902237337868027,0.1867226834717082,0.1883898502884198,998783.0
2025-04-16,0.1872228335167217,0.187556266880064,0.182554766429929,0.1852222333366676,1212501.0
2025-04-17,0.1837217832016272,0.1873895501983928,0.1833883498382848,0.184555366609983,908361.35
2025-04-18,0.1848887999733253,0.1900570171051315,0.184555366609983,0.1897235837417892,3189865.95
2025-04-21,0.189556867060118,0.1922243339668567,0.1883898502884198,0.1920576172851855,2139677.0
2025-04-22,0.1912240338768297,0.1913907505585008,0.1897235837417892,0.1902237337868027,984484.0
2025-04-23,0.1927244840118702,0.1968924010536494,0.1917241839218432,0.1953919509186089,2282135.0
2025-04-24,0.1943916508285819,0.1945583675102531,0.1913907505585008,0.1923910506485278,1355501.0
2025-04-25,0.192557767330199,0.1973925510986629,0.192557767330199,0.1953919509186089,1528507.0
2025-04-28,0.1947250841919242,0.1955586676002801,0.192557767330199,0.1932246340568837,1177673.0
2025-04-29,0.1918909006035144,0.1937247841018972,0.1903904504684738,0.192557767330199,732474.0
2025-04-30,0.1922243339668567,0.1943916508285819,0.191557467240172,0.193558067420226,991987.0
2025-05-06,0.1955586676002801,0.2008936014137574,0.1955586676002801,0.2007268847320863,2106041.0
2025-05-07,0.2030609182754826,0.2047280850921943,0.1988930012337034,0.2010603180954286,1431590.0
2025-05-08,0.2007268847320863,0.2097295855423293,0.2005601680504151,0.2088960021339735,3042306.0
2025-05-09,0.2068954019539195,0.207395551998933,0.2040612183655096,0.2060618185455636,1757013.0
2025-05-12,0.2095628688606582,0.2110633189956987,0.2078957020439465,0.2108966023140275,2624835.0
2025-05-13,0.2140642192657797,0.2142309359474509,0.209396152178987,0.2095628688606582,3409934.4
2025-05-14,0.210396452269014,0.214397652629122,0.2102297355873428,0.2110633189956987,1730884.0
2025-05-15,0.2107298856323564,0.2108966023140275,0.2050615184555366,0.205394951818879,1273110.5
2025-05-16,0.204394651728852,0.2087292854523023,0.2040612183655096,0.2068954019539195,1163819.08
2025-05-19,0.2062285352272348,0.2068954019539195,0.204394651728852,0.2060618185455636,800478.4
2025-05-20,0.2062285352272348,0.2078957020439465,0.2045613684105232,0.2068954019539195,697166.07
2025-05-21,0.2070621186355906,0.2072288353172618,0.2050615184555366,0.2058951018638925,567811.16
2025-05-22,0.2048948017738655,0.2078957020439465,0.2042279350471808,0.2052282351372078,687363.19
2025-05-23,0.2050615184555366,0.2058951018638925,0.2015604681404421,0.2017271848221133,1305975.0
2025-05-26,0.2013937514587709,0.2035610683204961,0.2012270347770998,0.203394351638825,664410.18
2025-05-27,0.2028942015938115,0.2028942015938115,0.1990597179153746,0.2002267346870728,2222324.62
2025-05-28,0.2007268847320863,0.2038945016838385,0.2007268847320863,0.2030609182754826,1153761.62
2025-05-29,0.2038945016838385,0.2087292854523023,0.2038945016838385,0.2082291354072888,1810356.0
2025-05-30,0.206395251908906,0.2067286852722483,0.2045613684105232,0.2062285352272348,812182.0
2025-06-03,0.2050615184555366,0.2072288353172618,0.2045613684105232,0.2050615184555366,806422.53
2025-06-04,0.2057283851822213,0.2107298856323564,0.2057283851822213,0.209396152178987,1398217.14
2025-06-05,0.2088960021339735,0.2167316861725184,0.2088960021339735,0.2160648194458337,2856706.04
2025-06-06,0.2158981027641625,0.2183988529892301,0.214397652629122,0.2175652695808742,2150767.23
2025-06-09,0.2183988529892301,0.2234003534393651,0.2182321363075589,0.2213997532593111,1933177.46
2025-06-10,0.2193991530792571,0.2203994531692841,0.2155646694008202,0.2182321363075589,1849751.09
2025-06-11,0.2178987029442166,0.2205661698509552,0.2175652695808742,0.2178987029442166,1144748.78
2025-06-12,0.2168984028541896,0.2255676703010903,0.2163982528091761,0.2224000533493381,1937864.13
2025-06-13,0.2202327364876129,0.2239005034843786,0.2192324363975859,0.2203994531692841,1352187.81
2025-06-16,0.2202327364876129,0.2274015537994732,0.2197325864425994,0.2255676703010903,2027724.46
2025-06-17,0.2254009536194191,0.2260678203461038,0.2224000533493381,0.2240672201660498,814835.0
2025-06-18,0.2234003534393651,0.2289020039345137,0.2210663198959688,0.2287352872528425,1792669.0
2025-06-19,0.2269014037544597,0.2350705211563469,0.2255676703010903,0.227234837117802,1573471.0
2025-06-20,0.2267346870727885,0.227234837117802,0.2227334867126805,0.2237337868027075,1400693.03
2025-06-23,0.2213997532593111,0.2240672201660498,0.2193991530792571,0.2230669200760228,825076.0
2025-06-24,0.2239005034843786,0.2265679703911173,0.2239005034843786,0.226234537027775,921654.0
2025-06-25,0.2275682704811443,0.2297355873428695,0.2259011036644326,0.2295688706611983,989727.1
2025-06-26,0.23123603747791,0.2349038044746757,0.2304024540695542,0.2314027541595812,2865835.21
2025-06-27,0.2309026041145677,0.2387382881531126,0.2290687206161848,0.2372378380180721,2352640.3
2025-06-30,0.2379047047447567,0.2425727718315495,0.2370711213364009,0.2424060551498783,1308842.02
2025-07-01,0.2409056050148378,0.2419059051048648,0.2395718715614684,0.2417391884231936,798915.04
2025-07-02,0.2394051548797972,0.2394051548797972,0.2350705211563469,0.2360708212463739,1108096.25
2025-07-03,0.2374045546997432,0.2439065052849188,0.2374045546997432,0.2424060551498783,2943051.0
2025-07-04,0.2420726217865359,0.2437397886032476,0.2389050048347837,0.2390717215164549,1118632.87
2025-07-07,0.2379047047447567,0.2390717215164549,0.2327364876129505,0.2367376879730585,908777.58
2025-07-08,0.2367376879730585,0.2482411390083692,0.2367376879730585,0.2477409889633556,2511973.17
2025-07-09,0.2477409889633556,0.2505751725517655,0.2469074055549998,0.248074422326698,1385210.6
2025-07-10,0.2485745723717115,0.250075022506752,0.2445733720116035,0.2482411390083692,1177110.47
2025-07-11,0.2467406888733286,0.2485745723717115,0.2457403887833016,0.2469074055549998,1598846.25
2025-07-14,0.2452402387382881,0.2484078556900403,0.2449068053749458,0.2472408389183422,863140.0
2025-07-15,0.2527424894134907,0.2627454903137608,0.2527424894134907,0.2624120569504184,2835371.64
2025-07-16,0.2637457904037878,0.2700810243072922,0.2612450401787203,0.2615784735420626,3205247.09
2025-07-17,0.2590777233169951,0.2722483411690173,0.2590777233169951,0.2717481911240038,2261617.3
2025-07-18,0.2735820746223867,0.2779167083458371,0.2697475909439499,0.2712480410789903,2402122.51
2025-07-21,0.2702477409889633,0.2737487913040579,0.2667466906738688,0.2722483411690173,1536222.97
2025-07-22,0.270914607715648,0.2782501417091794,0.2687472908539228,0.270914607715648,1884121.5
2025-07-23,0.26691340735554,0.2710813243973192,0.264912807175486,0.2702477409889633,1308217.71
2025-07-24,0.2725817745323597,0.2734153579407155,0.2674135574005535,0.2717481911240038,1356359.5
2025-07-25,0.270914607715648,0.2737487913040579,0.2704144576706345,0.271914907805675,2201513.91
2025-07-28,0.271914907805675,0.2775832749824947,0.2710813243973192,0.2774165583008235,1704853.77
2025-07-29,0.2777499916641659,0.2894201593811477,0.2774165583008235,0.2890867260178053,2451142.98
2025-07-30,0.2875862758827648,0.2915874762428729,0.2835850755226568,0.2900870261078324,2326013.8
2025-07-31,0.2949218098762962,0.3027574939148411,0.290753892834517,0.291754192924544,3848790.76
2025-08-01,0.286752692474409,0.2949218098762962,0.2835850755226568,0.2872528425194225,2599111.7
2025-08-04,0.2834183588409856,0.2892534426994765,0.2830849254776433,0.2890867260178053,1320390.59
2025-08-05,0.2930879263779133,0.2942549431496115,0.286752692474409,0.2942549431496115,2559638.02
2025-08-06,0.2914207595612017,0.2960888266479944,0.2902537427895035,0.294755093194625,1538164.01
2025-08-07,0.2959221099663232,0.2999233103264312,0.2872528425194225,0.293754793104598,2206585.18
2025-08-08,0.2924210596512287,0.2984228601913907,0.2912540428795305,0.2940882264679404,1693679.0
2025-08-11,0.2945883765129539,0.3029242105965123,0.2940882264679404,0.3002567436897736,1818160.16
2025-08-12,0.3005901770531159,0.3109266113167284,0.2999233103264312,0.3102597445900437,2300285.57
2025-08-13,0.3112600446800707,0.3312660464806108,0.3084258610916608,0.3302657463905838,5323988.96
2025-08-14,0.3280984295288586,0.3290987296188857,0.3214297622620119,0.3217631956253542,3433082.66
2025-08-15,0.3190957287186156,0.3270981294388316,0.3190957287186156,0.3249308125771065,3436559.5
2025-08-18,0.3254309626221199,0.3437697976059484,0.3227634957153812,0.3387682971558134,3725887.43
2025-08-19,0.3382681471107999,0.3529392150978627,0.337434563702444,0.3524390650528491,4502530.26
2025-08-20,0.3451035310593178,0.3536060818245474,0.3369344136574305,0.3534393651428762,6018861.95
2025-08-21,0.3549398152779167,0.3584408655930112,0.3444366643326331,0.3497715981461105,5056850.78
2025-08-22,0.3464372645126871,0.3646093828148444,0.3462705478310159,0.3634423660431463,4841409.05
2025-08-25,0.3712780500816912,0.3887833016571638,0.3667766996765697,0.387949718248808,5185266.86
2025-08-26,0.3862825514320963,0.3891167350205062,0.3772798506218532,0.3797806008469208,4044905.21
2025-08-27,0.3811143343002901,0.4066219865959788,0.3811143343002901,0.3896168850655197,5814146.69
2025-08-28,0.387949718248808,0.4281284385315595,0.3867827014771098,0.4259611216698343,8472408.25
2025-08-29,0.4256276883064919,0.4289620219399153,0.4101230369110733,0.4256276883064919,9452589.47
2025-09-01,0.4309626221199693,0.4576372911873562,0.4231269380814244,0.4508019072388383,9398677.59
2025-09-02,0.4489680237404555,0.4606381914574372,0.41679170417792,0.4247941048981361,13831940.31
2025-09-03,0.4219599213097263,0.440632189656897,0.4146243873161949,0.4334633723450369,12511710.15
2025-09-04,0.4421326397919376,0.4468007068787303,0.3901170351105331,0.392951218698943,14893845.82
2025-09-05,0.3949518188789971,0.4242939548531226,0.3881164349304791,0.419792604448001,11347640.93
2025-09-08,0.4124570704544697,0.4134573705444967,0.3834483678436864,0.3991197359207762,10897116.54
2025-09-09,0.3912840518822313,0.3997866026474609,0.3837818012070288,0.3911173352005602,5262371.09
2025-09-10,0.4044546697342536,0.4161248374512354,0.3997866026474609,0.408789303457704,8526257.86
2025-09-11,0.41679170417792,0.4496348904671401,0.4149578206795372,0.4496348904671401,11700631.22
2025-09-12,0.4339635223900504,0.4449668233803475,0.4317962055283251,0.4372978560234737,10002256.57
2025-09-15,0.4297956053482711,0.4364642726151179,0.4217932046280551,0.4296288886666,7109074.29
2025-09-16,0.4289620219399153,0.4372978560234737,0.4219599213097263,0.4327965056183522,6734765.25
2025-09-17,0.4301290387116135,0.437631289386816,0.4226267880364109,0.4342969557533927,6458408.82
2025-09-18,0.4271281384415324,0.4541362408722617,0.4267947050781902,0.4426327898369511,9427954.27
2025-09-19,0.4478010069687573,0.4551365409622887,0.4391317395218566,0.4469674235604015,6781300.73
2025-09-22,0.4471341402420726,0.4541362408722617,0.4339635223900504,0.4521356406922077,5441228.82
2025-09-23,0.4681404421326398,0.4731419425827748,0.4407989063385683,0.4558034076889733,8985564.34
2025-09-24,0.4421326397919376,0.4581374412323697,0.4382981561135007,0.4528025074188924,7306470.72
2025-09-25,0.447467573605415,0.4688073088593245,0.441465773065253,0.4633056583641759,7245660.43
2025-09-26,0.4583041579140409,0.4678070087692975,0.4489680237404555,0.4493014571037978,5167847.58
2025-09-29,0.4434663732453069,0.4613050581841219,0.4434663732453069,0.4554699743256311,4736566.53
2025-09-30,0.4573038578240139,0.4658064085892435,0.4437998066086492,0.4461338401520456,6381561.75
2025-10-09,0.4506351905571671,0.4601380414124237,0.4488013070587843,0.4501350405121537,6859680.74
2025-10-10,0.4508019072388383,0.4556366910073022,0.437631289386816,0.4407989063385683,5271714.57
2025-10-13,0.4166249874962489,0.4334633723450369,0.4142909539528525,0.4332966556633657,4923199.59
2025-10-14,0.4389650228401854,0.4397986062485412,0.4039545196892401,0.4062885532326364,7600222.24
2025-10-15,0.4044546697342536,0.4176252875862759,0.4012870527825014,0.4171251375412623,4070371.02
2025-10-16,0.4131239371811544,0.4279617218498883,0.4114567703644426,0.4204594711746857,3215871.06
2025-10-17,0.4204594711746857,0.4226267880364109,0.4059551198692941,0.407789003367677,3655770.8
2025-10-20,0.4216264879463839,0.4342969557533927,0.41679170417792,0.4216264879463839,5560378.5
2025-10-21,0.4251275382614784,0.4538028075089194,0.4222933546730686,0.4501350405121537,7417786.33
2025-10-22,0.4449668233803475,0.4536360908272482,0.4419659231102664,0.4459671234703744,5303283.11
2025-10-23,0.4402987562935547,0.4419659231102664,0.4279617218498883,0.4377980060684872,4351207.42
2025-10-24,0.4453002567436898,0.4651395418625588,0.4372978560234737,0.4631389416825048,6643172.8
2025-10-27,0.4768097095795405,0.4869794271614818,0.4728085092194325,0.4856456937081124,6734778.36
2025-10-28,0.4801440432129639,0.4993164616051482,0.4778100096695675,0.486145843753126,5978631.07
2025-10-29,0.4968157113800807,0.5014837784668734,0.485145543663099,0.4953152612450402,6278889.36
2025-10-30,0.4868127104798106,0.4959821279717248,0.4768097095795405,0.4783101597145811,7235931.81
2025-10-31,0.4759761261711847,0.4759761261711847,0.4521356406922077,0.4531359407822347,9078720.67
2025-11-03,0.4473008569237438,0.4578040078690274,0.4427995065186223,0.4566369910973292,5382152.58
2025-11-04,0.4586375912773832,0.4633056583641759,0.4468007068787303,0.4509686239205095,4289668.04
2025-11-05,0.4367977059784602,0.4513020572838518,0.4362975559334467,0.4488013070587843,3681684.47
2025-11-06,0.4529692241005635,0.4629722250008336,0.4511353406021807,0.4604714747757661,5409883.89
2025-11-07,0.4536360908272482,0.4604714747757661,0.4469674235604015,0.4549698242806175,3737202.68
2025-11-10,0.4543029575539329,0.4579707245506985,0.435630689206762,0.450468473875496,5669584.11
2025-11-11,0.4561368410523157,0.4566369910973292,0.4352972558434198,0.4364642726151179,5029576.13
2025-11-12,0.4301290387116135,0.4416324897469241,0.4249608215798073,0.4409656230202394,4835133.42
2025-11-13,0.4379647227501583,0.4399653229302124,0.4296288886666,0.4377980060684872,3766174.79
2025-11-14,0.4299623220299424,0.4311293388016405,0.4232936547630956,0.4236270881264379,4070822.06
2025-11-17,0.4231269380814244,0.4331299389816945,0.4219599213097263,0.4274615718048748,3785687.39
2025-11-18,0.4229602213997532,0.435630689206762,0.4207929045380281,0.4261278383515055,5061982.44
2025-11-19,0.4252942549431496,0.437631289386816,0.4247941048981361,0.4309626221199693,5801079.86
2025-11-20,0.4459671234703744,0.4481344403320996,0.4302957553932847,0.4331299389816945,5582231.9
2025-11-21,0.4201260378113434,0.4231269380814244,0.4079557200493481,0.4094561701843887,6301926.0
2025-11-24,0.4139575205895102,0.4141242372711813,0.3951185355606682,0.4044546697342536,5087136.7
2025-11-25,0.4117902037277851,0.4277950051682171,0.4117902037277851,0.4192924544029876,6769739.76
2025-11-26,0.4149578206795372,0.4523023573738788,0.4117902037277851,0.4427995065186223,8893447.74
2025-11-27,0.4401320396118836,0.4613050581841219,0.4394651728851989,0.4444666733353339,5360794.41
2025-11-28,0.4431329398819646,0.4493014571037978,0.4381314394318296,0.4459671234703744,3699934.95
2025-12-01,0.4496348904671401,0.4606381914574372,0.4422993564736088,0.4586375912773832,4578854.07
2025-12-02,0.4578040078690274,0.4658064085892435,0.4559701243706445,0.4604714747757661,3742417.69
2025-12-03,0.4606381914574372,0.4718082091294055,0.4553032576439598,0.4563035577339869,4715823.05
2025-12-04,0.4511353406021807,0.4621386415924777,0.4471341402420726,0.4599713247307526,3771737.13
2025-12-05,0.4641392417725317,0.4691407422226668,0.4569704244606716,0.4648061084992164,3399679.44
2025-12-08,0.4654729752259011,0.4969824280617518,0.4654729752259011,0.4903137607949051,7231189.49
2025-12-09,0.4901470441132339,0.5093194625054184,0.4893134607048781,0.5054849788269814,6393818.44
2025-12-10,0.5043179620552832,0.5123203627754993,0.4906471941582475,0.509986329232103,5335095.27
2025-12-11,0.5081524457337201,0.509986329232103,0.4894801773865493,0.4899803274315628,5066327.68
2025-12-12,0.4858124103897836,0.5013170617852023,0.4838118102097296,0.496148844653396,4532733.07
2025-12-15,0.4884798772965223,0.4943149611550131,0.4831449434830449,0.4841452435730719,3525252.88
2025-12-16,0.4824780767563603,0.4839785268914007,0.4663065586342569,0.4711413424027208,4425103.83
2025-12-17,0.471308059084392,0.4978160114701077,0.471308059084392,0.4973158614250942,6518461.37
2025-12-18,0.4884798772965223,0.4966489946984095,0.4869794271614818,0.4874795772064953,4707101.44
2025-12-19,0.4946483945183555,0.49814944483345,0.4859791270714548,0.4906471941582475,4033409.0
2025-12-22,0.5004834783768464,0.5156546964089227,0.4999833283318329,0.5138208129105398,5922669.18
2025-12-23,0.5141542462738822,0.5174885799073056,0.5086525957787337,0.5124870794571704,4210269.85
2025-12-24,0.5148211130005669,0.522823513720783,0.5103197625954453,0.5226567970391117,4529037.86
2025-12-25,0.5226567970391117,0.5326597979393818,0.5141542462738822,0.5234903804474677,4587631.17
2025-12-26,0.5193224634056884,0.5223233636757694,0.5134873795471975,0.5174885799073056,4725790.77
2025-12-29,0.514987829682238,0.5248241139008369,0.5136540962288687,0.5189890300423461,3778543.61
2025-12-30,0.5144876796372245,0.5271581474442333,0.5138208129105398,0.5193224634056884,4438408.3
2025-12-31,0.5194891800873596,0.5233236637657964,0.5108199126404588,0.5134873795471975,4310365.06
2026-01-05,0.5209896302224001,0.5246573972191657,0.5151545463639091,0.523990530492481,5159944.6
2026-01-06,0.5186555966790037,0.5224900803574406,0.5114867793671435,0.5221566469940983,5906375.93
2026-01-07,0.5216564969490848,0.5324930812577107,0.5188223133606749,0.5264912807175486,5040338.6
2026-01-08,0.5244906805374946,0.5264912807175486,0.5151545463639091,0.5214897802674135,3943962.86
2026-01-09,0.515988129772265,0.5259911306725351,0.5101530459137742,0.5241572471741522,4864970.78
2026-01-12,0.5218232136307559,0.5424960821579807,0.515988129772265,0.5399953319329132,5298098.26
2026-01-13,0.5401620486145844,0.5401620486145844,0.5168217131806209,0.5199893301323731,4120808.0
2026-01-14,0.5214897802674135,0.5354939815277917,0.5211563469040712,0.5294921809876296,4459731.28
2026-01-15,0.5201560468140443,0.5329932313027241,0.5151545463639091,0.5321596478943683,4278937.52
2026-01-16,0.5368277149811611,0.5413290653862826,0.529825614350972,0.5351605481644494,6119080.37
2026-01-19,0.5259911306725351,0.5346603981194358,0.5258244139908639,0.5261578473542063,2927293.95
2026-01-20,0.5249908305825081,0.5259911306725351,0.5053182621453103,0.5096528958687606,4360106.22
2026-01-21,0.5019839285118869,0.5188223133606749,0.5018172118302158,0.5151545463639091,3132448.89
2026-01-22,0.5171551465439632,0.529825614350972,0.5158214130905938,0.5293254643059584,3858907.51
2026-01-23,0.528825314260945,0.528825314260945,0.5216564969490848,0.5248241139008369,3137464.39
2026-01-26,0.5226567970391117,0.5253242639458504,0.5173218632256344,0.5191557467240172,2069050.43
2026-01-27,0.5166549964989497,0.534827114801107,0.515988129772265,0.5316594978493548,3726585.63
2026-01-28,0.5413290653862826,0.5439965322930213,0.5284918808976026,0.5334933813477377,3395185.64
2026-01-29,0.5334933813477377,0.5388283151612151,0.5251575472641793,0.5273248641259044,2940824.54
2026-01-30,0.520822913540729,0.5486645993798139,0.5168217131806209,0.5453302657463905,5547227.7
2026-02-02,0.5479977326531292,0.5575005835083858,0.5251575472641793,0.5268247140808909,5392257.65
2026-02-03,0.5373402020606182,0.5478468540562169,0.5233313327331534,0.54234336967757,12121740.85
2026-02-04,0.5308360841585809,0.5378405188223133,0.5148259477843353,0.5258329165416291,15065018.57
2026-02-05,0.5153262645460305,0.5223306992097629,0.5093224634056884,0.5128246807375545,12706556.43
2026-02-06,0.5043192957887366,0.5203294321629822,0.502318028741956,0.5088221466439932,8559076.74
2026-02-09,0.5263332333033244,0.54234336967757,0.5173275315928112,0.5378405188223133,17222670.97
2026-02-10,0.536839885298923,0.5443446367243506,0.5343383014904471,0.536839885298923,6626701.01
2026-02-11,0.5353389350138374,0.54234336967757,0.5243319662565437,0.5253325997799341,8931691.14
2026-02-12,0.5278341835884098,0.5378405188223133,0.5273338668267147,0.5338379847287519,6599006.9
2026-02-13,0.5278341835884098,0.5308360841585809,0.5218303824480677,0.5233313327331534,6452849.03
2026-02-24,0.5318367176819713,0.5493478043413025,0.5293351338734954,0.5393414691073989,11775830.08
2026-02-25,0.5393414691073989,0.5428436864392651,0.5313364009202761,0.54234336967757,8090941.29
2026-02-26,0.545345270247741,0.559354139575206,0.5413427361541796,0.5563522390050349,11260328.94
2026-02-27,0.5418430529158748,0.5493478043413025,0.5378405188223133,0.5488474875796072,11948646.84
2026-03-02,0.5358392517755326,0.5638569904304624,0.5348386182521423,0.5583535060518156,12337702.57
2026-03-03,0.5618557233836818,0.5698607915708046,0.5383408355840086,0.5413427361541796,13499727.63
2026-03-04,0.5288348171118001,0.5438443199626555,0.528334500350105,0.5333376679670568,8079659.39
2026-03-05,0.5443446367243506,0.5608550898602914,0.5363395685372279,0.5473465372945218,11951400.75
2026-03-06,0.5418430529158748,0.5483471708179121,0.5323370344436664,0.54234336967757,8349010.85
2026-03-09,0.5253325997799341,0.5278341835884098,0.505319929312127,0.5263332333033244,19480009.71
2026-03-10,0.5358392517755326,0.5508487546263879,0.5358392517755326,0.5498481211029975,15633703.79
2026-03-11,0.553850655196559,0.5668588910006335,0.5503484378646928,0.5518493881497782,12403517.12
2026-03-12,0.5478468540562169,0.5603547730985963,0.5358392517755326,0.5443446367243506,13158156.83
2026-03-13,0.5373402020606182,0.5473465372945218,0.5348386182521423,0.5393414691073989,9082241.73
2026-03-16,0.5363395685372279,0.5418430529158748,0.5278341835884098,0.539841785869094,11751304.04
2026-03-17,0.5403421026307893,0.5428436864392651,0.5108234136907738,0.5123243639758595,20065708.56
2026-03-18,0.5193287986395919,0.5363395685372279,0.5153262645460305,0.5348386182521423,21443924.76
2026-03-19,0.5243319662565437,0.5403421026307893,0.5243319662565437,0.5303357673968857,12228827.68
2026-03-20,0.5463459037711313,0.5573528725284252,0.5378405188223133,0.5393414691073989,19837453.81
2026-03-23,0.5233313327331534,0.5333376679670568,0.5108234136907738,0.516827214831116,17529899.56
2026-03-24,0.5238316494948484,0.5268335500650194,0.5068208795972124,0.5263332333033244,13292161.96
2026-03-25,0.5408424193924843,0.5513490713880831,0.5373402020606182,0.5468462205328265,16849642.1
2026-03-26,0.5408424193924843,0.5528500216731687,0.5343383014904471,0.5373402020606182,12230356.13
2026-03-27,0.5253325997799341,0.5418430529158748,0.5193287986395919,0.5348386182521423,11990380.15
2026-03-30,0.5233313327331534,0.5448449534860458,0.5228310159714581,0.54234336967757,10066846.58
2026-03-31,0.5373402020606182,0.5463459037711313,0.528334500350105,0.5338379847287519,11799858.99
2026-04-01,0.5498481211029975,0.5523497049114735,0.5378405188223133,0.5508487546263879,14145826.86
2026-04-02,0.5443446367243506,0.5543509719582542,0.5388411523457037,0.5408424193924843,11048642.46
2026-04-03,0.5518493881497782,0.5668588910006335,0.5503484378646928,0.5558519222433397,15952541.18
2026-04-07,0.5563522390050349,0.5633566736687672,0.5483471708179121,0.55685255576673,9820805.47
2026-04-08,0.5753642759494515,0.6003801140342102,0.5688601580474142,0.5983788469874296,19206996.2
2026-04-09,0.5898734620386116,0.6038823313660765,0.5863712447067453,0.6003801140342102,16432997.32
2026-04-10,0.6033820146043812,0.6168905671701511,0.5983788469874296,0.6113870827915041,18722104.14
2026-04-13,0.6068842319362476,0.6118873995531994,0.5978785302257345,0.608385182221333,14137770.96
2026-04-14,0.6133883498382848,0.6293984862125305,0.6123877163148944,0.6198924677403221,14565022.1
2026-04-15,0.622394051548798,0.6319000700210062,0.6043826481277716,0.6103864492681137,14764729.61
2026-04-16,0.608385182221333,0.6329007035443966,0.6073845486979428,0.6324003867827015,12603296.38
2026-04-17,0.6409057717315194,0.6634200260078024,0.6389045046847387,0.6634200260078024,17190343.0
2026-04-20,0.6649209762928878,0.682432062952219,0.6634200260078024,0.6714250941949251,14788120.74
2026-04-21,0.6609184421993264,0.67092477743323,0.6549146410589843,0.6694238271481444,13440480.91
2026-04-22,0.6629197092461071,0.7079482177986729,0.662419392484412,0.7069475842752827,21084069.37
2026-04-23,0.7069475842752827,0.7164536027474909,0.6874352305691708,0.6984421993264646,33541554.85
2026-04-24,0.6839330132373046,0.6914377646627321,0.6579165416291554,0.6699241439098397,36888911.6
2026-04-27,0.6744269947650962,0.6864345970457805,0.6714250941949251,0.6779292120969624,18917538.12
2026-04-28,0.6754276282884866,0.6769285785735721,0.6589171751525458,0.6639203427694975,19120509.03
2026-04-29,0.6579165416291554,0.6704244606715348,0.6504117902037279,0.6644206595311927,15503156.97
2026-04-30,0.6699241439098397,0.6724257277183157,0.6514124237271182,0.6609184421993264,15167799.03
2026-05-06,0.6724257277183157,0.6884358640925611,0.6664219265779734,0.6764282618118769,17766516.3
2026-05-07,0.6844333299989998,0.7074479010369777,0.6714250941949251,0.7074479010369777,20592158.51
2026-05-08,0.6964409322796838,0.7179545530325764,0.6934390317095128,0.7154529692241006,18956929.63
2026-05-11,0.7289615217898703,0.7434707078790305,0.7094491680837585,0.7419697575939449,19412799.92
2026-05-12,0.7494745090193724,0.7619824280617519,0.7414694408322497,0.750975459304458,21629858.87
2026-05-13,0.7369665899769932,0.779493514721083,0.7369665899769932,0.7789931979593877,18534526.03
2026-05-14,0.7920014337634623,0.7955036510953286,0.7634833783468373,0.7724890800573505,24101120.25
2026-05-15,0.7729893968190458,0.7829957320529491,0.7354656396919075,0.7504751425427628,28876501.14
2026-05-18,0.7379672235003835,0.7704878130105698,0.7379672235003835,0.7589805274915808,19275662.2
2026-05-19,0.7514757760661531,0.7584802107298856,0.7214567703644427,0.7559786269214097,23111880.77
2026-05-20,0.7459722916875063,0.7664852789170085,0.7459722916875063,0.7589805274915808,21820210.86
2026-05-21,0.7669855956787036,0.7704878130105698,0.7184548697942716,0.7204561368410524,31493090.79
2026-05-22,0.7274605715047848,0.7554783101597146,0.7254593044580041,0.7529767263512387,23819360.28
2026-05-25,0.7584802107298856,0.7829957320529491,0.7439710246407256,0.7814947817678637,23733160.28
2026-05-26,0.7734897135807409,0.7799938314827782,0.759480844253276,0.7744903471041312,19446060.28
2026-05-27,0.7664852789170085,0.794002700810243,0.7639836951085326,0.7699874962488745,23194635.57
2026-05-28,0.765484645393618,0.8120141042312694,0.7559786269214097,0.8100128371844887,26617272.47
2026-05-29,0.811013470707879,0.8225207562268679,0.7879988996699009,0.7955036510953286,30699692.89
2026-06-01,0.7889995331932914,0.7990058684271948,0.765484645393618,0.7664852789170085,28047298.99
2026-06-02,0.7679862292020938,0.8225207562268679,0.7679862292020938,0.8180179053716115,34700348.72
2026-06-03,0.8355289920309426,0.888062252008936,0.8355289920309426,0.8585435630689207,34086257.05
2026-06-04,0.8380305758394185,0.8620457804007869,0.8380305758394185,0.8545410289753592,26035312.83
2026-06-05,0.8490375445967124,0.8845600346770698,0.8215201227034776,0.8320267746990764,39452939.05
2026-06-08,0.7905004834783769,0.8260229735587343,0.7900001667166816,0.8010071354739755,40255554.52
2026-06-09,0.816516955086526,0.8485372278350172,0.8095125204227935,0.848036911073322,30816515.82
2026-06-10,0.8305258244139908,0.8370299423160282,0.8055099863292322,0.8155163215631355,31925751.11
2026-06-11,0.8085118868994032,0.8315264579373811,0.7804941482444734,0.8020077689973658,40686116.17
2026-06-12,0.8255226567970392,0.8295251908906004,0.7894998499549866,0.7925017505251576,39347492.09
2026-06-15,0.8015074522356708,0.8485372278350172,0.7809944650061684,0.845035010503151,38744952.15
2026-06-16,0.8465359607882365,0.8755543329665566,0.8445346937414557,0.8650476809709581,30484282.96
2026-06-17,0.8510388116434932,0.8800571838218131,0.8510388116434932,0.879556867060118,30267967.4
2026-06-18,0.8720521156346905,0.9180812577106464,0.8705511653496049,0.9115771398086092,24022579.69
2026-06-22,0.9205828415191224,0.9375936114167585,0.8965676369577541,0.9300888599913308,29113271.71
2026-06-23,0.9235847420892934,0.9290882264679404,0.8875619352472409,0.8975682704811444,35646614.13
2026-06-24,0.8895632022940215,0.9175809409489516,0.8895632022940215,0.9140787236170852,28246493.06
2026-06-25,0.9225841085659032,0.9445980460804908,0.9030717548597912,0.9420964622720148,35806994.54
2026-06-26,0.9230844253275984,0.925085692374379,0.8715517988729953,0.8790565502984228,57105089.59
2026-06-29,0.8695505318262146,0.8905638358174119,0.8275239238438197,0.8580432463072256,48273780.17
2026-06-30,0.8650476809709581,0.9060736554299624,0.8575429295455304,0.8985689040045347,37038486.38
2026-07-01,0.8985689040045347,0.9095758727618286,0.8475365943116268,0.859544196592311,47573275.6
2026-07-02,0.8255226567970392,0.8305258244139908,0.7814947817678637,0.7884992164315962,49106812.23
2026-07-03,0.7804941482444734,0.8170172718482211,0.7804941482444734,0.7900001667166816,35660164.16
2026-07-06,0.798,0.8,0.743,0.757,70680733.07
2026-07-07,0.75,0.773,0.742,0.761,70181991.29
2026-07-08,0.7689999999999999,0.7849999999999999,0.747,0.757,62745982.86
2026-07-09,0.768,0.807,0.75,0.807,91328309.47
2026-07-10,0.815,0.828,0.778,0.779,77459821.36
2026-07-13,0.761,0.7830000000000001,0.731,0.738,53432031.52
2026-07-14,0.741,0.78,0.727,0.78,88171485.37
2026-07-15,0.78,0.791,0.756,0.759,63058827.1
2026-07-16,0.736,0.763,0.7230000000000001,0.7319999999999999,74391448.94
2026-07-17,0.7160000000000001,0.7160000000000001,0.659,0.659,106197033.78
2026-07-20,0.674,0.687,0.62,0.645,84558661.39
2026-07-21,0.649,0.7019999999999998,0.608,0.701,114591960.75
