Date,Open,High,Low,Close,Volume
2020-01-02,0.17972058284151915,0.1820546163849155,0.1782201327064786,0.18138774965823082,1216770.0
2020-01-03,0.18238804974825784,0.1840552165649695,0.1810543162948885,0.18238804974825784,1091916.0
2020-01-06,0.1808875996132173,0.18588910006335235,0.18038744956820382,0.18388849988329833,1236408.45
2020-01-07,0.18388849988329833,0.18505551665499653,0.18272148311160016,0.18488879997332533,602178.45
2020-01-08,0.18388849988329833,0.18438864992831186,0.18055416624987497,0.18138774965823082,1062796.0
2020-01-09,0.18272148311160016,0.18738955019839287,0.182554766429929,0.18738955019839287,905635.0
2020-01-10,0.18838985028841984,0.18939015037844686,0.18622253342669468,0.18788970024340637,614909.0
2020-01-13,0.18788970024340637,0.19255776733019908,0.1867226834717082,0.19222433396685673,720048.0
2020-01-14,0.19239105064852788,0.1928912006935414,0.18922343369677572,0.18955686706011804,617594.0
2020-01-15,0.18939015037844686,0.19089060051348739,0.18772298356173517,0.1898903004234604,539001.0
2020-01-16,0.1898903004234604,0.1917241839218432,0.18922343369677572,0.1898903004234604,465166.0
2020-01-17,0.19105731719515853,0.19255776733019908,0.18955686706011804,0.1902237337868027,531780.0
2020-01-20,0.19139075055850088,0.19639225100863592,0.19055716715014506,0.19639225100863592,622896.85
2020-01-21,0.19622553432696477,0.19739255109866294,0.19389150078356843,0.1943916508285819,616760.85
2020-01-22,0.19272448401187023,0.19889300123370346,0.1902237337868027,0.19772598446200526,922447.0
2020-01-23,0.19572538428195124,0.19672568437197827,0.18638925010836588,0.18955686706011804,1183730.0
2020-02-03,0.1710513153946184,0.17505251575472644,0.17055116534960488,0.17055116534960488,1270413.0
2020-02-04,0.17121803207628955,0.1735520656196859,0.16788369844286619,0.17288519889300122,3164386.0
2020-02-05,0.17338534893801474,0.17922043279650562,0.17238504884798775,0.17505251575472644,1852784.0
2020-02-06,0.17505251575472644,0.18005401620486147,0.17338534893801474,0.17888699943316327,1392237.52
2020-02-07,0.17855356606982095,0.18172118302157317,0.17755326597979393,0.18155446633990197,1080383.0
2020-02-10,0.1810543162948885,0.18305491647494251,0.1798872995231903,0.18272148311160016,803293.44
2020-02-11,0.18355506651995598,0.18472208329165418,0.1810543162948885,0.1828881997932713,710125.52
2020-02-12,0.18188789970324432,0.18588910006335235,0.18122103297655964,0.18588910006335235,842344.03
2020-02-13,0.18555566670001,0.18755626688006402,0.18322163315661366,0.18438864992831186,796592.0
2020-02-14,0.18355506651995598,0.18788970024340637,0.18305491647494251,0.184555366609983,959839.86
2020-02-17,0.1867226834717082,0.19589210096362245,0.1867226834717082,0.19572538428195124,1608882.5
2020-02-18,0.19539195091860892,0.1970591177353206,0.19255776733019908,0.1970591177353206,1096043.16
2020-02-19,0.19639225100863592,0.2007268847320863,0.19472508419192425,0.1960588176452936,1046620.2
2020-02-20,0.19655896769030712,0.20089360141375748,0.1943916508285819,0.20089360141375748,941429.17
2020-02-21,0.2017271848221133,0.20872928545230238,0.20089360141375748,0.2075622686806042,1057268.8
2020-02-24,0.21206361908572574,0.22590110366443267,0.20989630222400052,0.22540095361941917,3601517.35
2020-02-25,0.2225667700310093,0.23273648761295054,0.21106331899569872,0.2314027541595812,5728218.0
2020-02-26,0.22606782034610384,0.2289020039345137,0.2142309359474509,0.21606481944583378,3666687.0
2020-02-27,0.21839885298923012,0.22173318662265348,0.21022973558734287,0.21656496949084725,3114048.87
2020-02-28,0.20422793504718084,0.21006301890567172,0.2002267346870728,0.20256076823046917,3331669.26
2020-03-02,0.20739555199893303,0.21939915307925714,0.20372778500216732,0.21606481944583378,3747571.0
2020-03-03,0.22606782034610384,0.2274015537994732,0.21106331899569872,0.21473108599246443,5202128.27
2020-03-04,0.2105631689506852,0.21556466940082025,0.20506151845553666,0.21189690240405454,3265125.46
2020-03-05,0.2190657197159148,0.22056616985095528,0.2095628688606582,0.21306391917575274,3663147.1
2020-03-06,0.20789570204394656,0.2133973525390951,0.20689540195391953,0.21089660231402754,1825595.38
2020-03-09,0.20739555199893303,0.2152312360374779,0.20506151845553666,0.20506151845553666,3533276.53
2020-03-10,0.20589510186389254,0.22306692007602283,0.20056016805041516,0.22206661998599583,6421376.0
2020-03-11,0.22556767030109034,0.2284018538895002,0.2153979527191491,0.21573138608249143,7881223.96
2020-03-12,0.21039645226901404,0.21756526958087427,0.21039645226901404,0.2168984028541896,6672984.49
2020-03-13,0.20706211863559068,0.2207328865326265,0.20706211863559068,0.2168984028541896,8744377.56
2020-03-16,0.21623153612750493,0.21623153612750493,0.1970591177353206,0.1982261345070188,6634442.02
2020-03-17,0.20206061818545565,0.20489480177386551,0.18838985028841984,0.1975592677803341,4499508.87
2020-03-18,0.19889300123370346,0.203394351638825,0.1902237337868027,0.19039045046847386,3592618.41
2020-03-19,0.19139075055850088,0.2017271848221133,0.1882231336067487,0.1980594178253476,4987373.98
2020-03-20,0.2028942015938115,0.20306091827548264,0.19522523423693777,0.1992264345970458,4636507.9
2020-03-23,0.19222433396685673,0.20006001800540163,0.1902237337868027,0.19139075055850088,6009128.26
2020-03-24,0.19672568437197827,0.19789270114367646,0.1867226834717082,0.19489180087359542,4582155.6
2020-03-25,0.19939315127871696,0.20039345136874395,0.19639225100863592,0.19839285118868993,4337722.94
2020-03-26,0.19505851755526657,0.19639225100863592,0.1917241839218432,0.1918909006035144,3249352.73
2020-03-27,0.19489180087359542,0.1955586676002801,0.18855656697009104,0.18889000033343337,2029156.07
2020-03-30,0.18555566670001,0.1857223833816812,0.17771998266146513,0.18072088293154615,3252101.13
2020-03-31,0.18355506651995598,0.18422193324664066,0.17855356606982095,0.17872028275149213,2401270.27
2020-04-01,0.17705311593478046,0.18272148311160016,0.17705311593478046,0.17755326597979393,1837587.77
2020-04-02,0.17755326597979393,0.18622253342669468,0.17738654929812278,0.1857223833816812,3013266.73
2020-04-03,0.18422193324664066,0.18505551665499653,0.18072088293154615,0.18172118302157317,1593463.49
2020-04-07,0.18655596679003703,0.18755626688006402,0.18505551665499653,0.18688940015337935,1560444.46
2020-04-08,0.18555566670001,0.19105731719515853,0.18522223333666768,0.1898903004234604,2114345.85
2020-04-09,0.19139075055850088,0.19255776733019908,0.19005701710513154,0.19055716715014506,1194184.17
2020-04-10,0.1897235837417892,0.19039045046847386,0.18222133306658664,0.18305491647494251,2175634.32
2020-04-13,0.1808875996132173,0.1808875996132173,0.17655296588976693,0.17755326597979393,3006135.65
2020-04-14,0.17872028275149213,0.182554766429929,0.17872028275149213,0.18238804974825784,1403102.88
2020-04-15,0.1820546163849155,0.18438864992831186,0.18072088293154615,0.18122103297655964,1405555.36
2020-04-16,0.17905371611483448,0.18322163315661366,0.1783868493881498,0.182554766429929,986625.38
2020-04-17,0.184555366609983,0.1867226834717082,0.182554766429929,0.18305491647494251,1402810.0
2020-04-20,0.1828881997932713,0.18605581674502353,0.18272148311160016,0.18605581674502353,1242494.13
2020-04-21,0.18488879997332533,0.18555566670001,0.18172118302157317,0.18538895001833886,1114189.87
2020-04-22,0.18322163315661366,0.18605581674502353,0.18305491647494251,0.18588910006335235,763818.86
2020-04-23,0.18605581674502353,0.18705611683505055,0.18122103297655964,0.18155446633990197,901170.87
2020-04-24,0.18155446633990197,0.18322163315661366,0.17771998266146513,0.17855356606982095,913488.22
2020-04-27,0.17922043279650562,0.1808875996132173,0.17738654929812278,0.17872028275149213,961741.5
2020-04-28,0.17888699943316327,0.17905371611483448,0.1698842986229202,0.17705311593478046,1816911.0
2020-04-29,0.17538594911806876,0.17771998266146513,0.17455236570971291,0.17588609916308226,1262127.81
2020-04-30,0.17805341602480745,0.18555566670001,0.17755326597979393,0.18472208329165418,2091427.87
2020-05-06,0.18272148311160016,0.19005701710513154,0.18272148311160016,0.18955686706011804,1759712.95
2020-05-07,0.1933913507385549,0.19472508419192425,0.18838985028841984,0.18855656697009104,2052720.94
2020-05-08,0.19039045046847386,0.19355806742022608,0.19005701710513154,0.19222433396685673,2160405.63
2020-05-11,0.1933913507385549,0.19622553432696477,0.19239105064852788,0.1945583675102531,1958607.83
2020-05-12,0.19355806742022608,0.19405821746523957,0.18889000033343337,0.1928912006935414,1270545.81
2020-05-13,0.19055716715014506,0.19272448401187023,0.19039045046847386,0.1918909006035144,717036.49
2020-05-14,0.19089060051348739,0.19222433396685673,0.18955686706011804,0.1898903004234604,845688.23
2020-05-15,0.19139075055850088,0.19372478410189722,0.1897235837417892,0.19122403387682974,1135208.0
2020-05-18,0.19139075055850088,0.1918909006035144,0.18505551665499653,0.1857223833816812,1245908.84
2020-05-19,0.1867226834717082,0.1882231336067487,0.18555566670001,0.18755626688006402,781208.43
2020-05-20,0.1872228335167217,0.18889000033343337,0.18438864992831186,0.18588910006335235,1031950.84
2020-05-21,0.18622253342669468,0.18638925010836588,0.18055416624987497,0.18172118302157317,1384479.03
2020-05-22,0.18172118302157317,0.18305491647494251,0.17738654929812278,0.17922043279650562,1204012.15
2020-05-25,0.17755326597979393,0.17788669934313628,0.17288519889300122,0.17388549898302824,1515331.0
2020-05-26,0.17505251575472644,0.1782201327064786,0.17505251575472644,0.17771998266146513,1069168.16
2020-05-27,0.17755326597979393,0.1782201327064786,0.1752192324363976,0.17588609916308226,720078.85
2020-05-28,0.1755526657997399,0.17688639925310926,0.17155146543963187,0.1747190823913841,1202666.85
2020-05-29,0.1735520656196859,0.1755526657997399,0.17338534893801474,0.1747190823913841,601630.87
2020-06-01,0.17755326597979393,0.18388849988329833,0.17688639925310926,0.1837217832016272,1617567.25
2020-06-02,0.18438864992831186,0.1867226834717082,0.18305491647494251,0.1857223833816812,1249225.15
2020-06-03,0.1857223833816812,0.18922343369677572,0.18422193324664066,0.18588910006335235,1179834.25
2020-06-04,0.18622253342669468,0.18705611683505055,0.18438864992831186,0.184555366609983,638677.93
2020-06-05,0.18522223333666768,0.1867226834717082,0.18388849988329833,0.1857223833816812,724762.0
2020-06-08,0.18838985028841984,0.19089060051348739,0.1867226834717082,0.18705611683505055,775642.1
2020-06-09,0.1872228335167217,0.18788970024340637,0.18555566670001,0.18755626688006402,674676.1
2020-06-10,0.18705611683505055,0.18755626688006402,0.18555566670001,0.1867226834717082,909144.0
2020-06-11,0.1867226834717082,0.1902237337868027,0.18538895001833886,0.1867226834717082,912473.0
2020-06-12,0.182554766429929,0.1867226834717082,0.18222133306658664,0.18605581674502353,684100.0
2020-06-15,0.18472208329165418,0.18705611683505055,0.18338834983828484,0.18355506651995598,686399.69
2020-06-16,0.1867226834717082,0.19005701710513154,0.18538895001833886,0.18855656697009104,1165318.0
2020-06-17,0.18939015037844686,0.18939015037844686,0.18605581674502353,0.18755626688006402,581390.67
2020-06-18,0.18772298356173517,0.19239105064852788,0.18638925010836588,0.19122403387682974,2233248.67
2020-06-19,0.19105731719515853,0.19389150078356843,0.18955686706011804,0.19255776733019908,1717322.46
2020-06-22,0.19239105064852788,0.19505851755526657,0.1918909006035144,0.19422493414691075,1504986.8
2020-06-23,0.19389150078356843,0.19389150078356843,0.19039045046847386,0.1918909006035144,1080074.07
2020-06-24,0.19205761728518556,0.19355806742022608,0.1917241839218432,0.19305791737521255,831714.0
2020-06-29,0.1917241839218432,0.19255776733019908,0.18955686706011804,0.19039045046847386,750559.0
2020-06-30,0.19155746724017206,0.19572538428195124,0.19155746724017206,0.19505851755526657,1056506.15
2020-07-01,0.19589210096362245,0.19639225100863592,0.19222433396685673,0.19505851755526657,1022444.05
2020-07-02,0.19505851755526657,0.19839285118868993,0.19322463405688375,0.1982261345070188,1388815.37
2020-07-03,0.1982261345070188,0.20306091827548264,0.19639225100863592,0.20239405154879797,1423733.95
2020-07-06,0.20522823513720787,0.21306391917575274,0.20306091827548264,0.21206361908572574,2377173.39
2020-07-07,0.21973258644259946,0.21973258644259946,0.2105631689506852,0.21239705244906806,2586514.6
2020-07-08,0.2125637691307392,0.21756526958087427,0.20989630222400052,0.21673168617251845,1587743.46
2020-07-09,0.21673168617251845,0.22556767030109034,0.2163982528091761,0.22440065352939217,1698633.36
2020-07-10,0.2227334867126805,0.22556767030109034,0.21889900303424362,0.22039945316928414,1845772.07
2020-07-13,0.21939915307925714,0.22673468707278852,0.21939915307925714,0.22673468707278852,1404441.56
2020-07-14,0.22706812043613087,0.22806842052615786,0.2168984028541896,0.22173318662265348,1297908.72
2020-07-15,0.22123303657763996,0.22223333666766698,0.21039645226901404,0.21189690240405454,2000146.32
2020-07-16,0.2122303357673969,0.2142309359474509,0.19989330132373048,0.20156046814044215,1692383.09
2020-07-17,0.20139375145877098,0.2055616685005502,0.19955986796038813,0.20239405154879797,1087324.71
2020-07-20,0.20522823513720787,0.21006301890567172,0.20322763495715385,0.21006301890567172,1103916.39
2020-07-21,0.21039645226901404,0.21239705244906806,0.20839585208896003,0.21006301890567172,616328.47
2020-07-22,0.21006301890567172,0.21356406922076623,0.20856256877063117,0.21022973558734287,818237.13
2020-07-23,0.20839585208896003,0.20872928545230238,0.2017271848221133,0.20689540195391953,920521.0
2020-07-24,0.205394951818879,0.20789570204394656,0.19689240105364944,0.1975592677803341,1155705.0
2020-07-27,0.19789270114367646,0.19955986796038813,0.19505851755526657,0.19772598446200526,559485.42
2020-07-28,0.19939315127871696,0.2007268847320863,0.19772598446200526,0.19989330132373048,550348.0
2020-07-29,0.2007268847320863,0.20789570204394656,0.2002267346870728,0.2075622686806042,802186.06
2020-07-30,0.2095628688606582,0.21089660231402754,0.2075622686806042,0.2080624187256177,648896.33
2020-07-31,0.2080624187256177,0.2125637691307392,0.20789570204394656,0.21022973558734287,622856.33
2020-08-03,0.21156346904071222,0.21756526958087427,0.21156346904071222,0.21723183621753192,841020.0
2020-08-04,0.21823213630755894,0.2190657197159148,0.21456436931079323,0.21506451935580675,703507.31
2020-08-05,0.21873228635257247,0.2190657197159148,0.21506451935580675,0.21739855289920312,715613.0
2020-08-06,0.21623153612750493,0.21839885298923012,0.2137307859024374,0.21823213630755894,742311.01
2020-08-07,0.21756526958087427,0.21756526958087427,0.2117301857223834,0.21473108599246443,641986.0
2020-08-10,0.2133973525390951,0.21623153612750493,0.2117301857223834,0.21306391917575274,1023340.41
2020-08-11,0.2125637691307392,0.21456436931079323,0.20972958554232937,0.21022973558734287,501001.0
2020-08-12,0.20889600213397352,0.2105631689506852,0.2045613684105232,0.2105631689506852,754074.51
2020-08-13,0.21039645226901404,0.21123003567736987,0.20839585208896003,0.20856256877063117,354748.96
2020-08-14,0.20872928545230238,0.21139675235904107,0.2080624187256177,0.21139675235904107,422195.0
2020-08-17,0.21156346904071222,0.2163982528091761,0.21089660231402754,0.21623153612750493,536989.0
2020-08-18,0.21573138608249143,0.2163982528091761,0.2137307859024374,0.21473108599246443,384149.0
2020-08-19,0.2137307859024374,0.2142309359474509,0.20839585208896003,0.20889600213397352,445732.0
2020-08-20,0.2075622686806042,0.2090627188156447,0.20572838518222133,0.20856256877063117,341855.0
2020-08-21,0.20856256877063117,0.21139675235904107,0.206395251908906,0.20822913540728888,484306.0
2020-08-24,0.20822913540728888,0.2125637691307392,0.20689540195391953,0.21189690240405454,671587.93
2020-08-25,0.21189690240405454,0.21356406922076623,0.2105631689506852,0.21123003567736987,352629.93
2020-08-26,0.21106331899569872,0.21139675235904107,0.20589510186389254,0.206395251908906,392597.93
2020-08-27,0.2065619685905772,0.20972958554232937,0.20522823513720787,0.20922943549731585,364834.0
2020-08-28,0.2090627188156447,0.21022973558734287,0.20606181854556369,0.21022973558734287,341465.0
2020-08-31,0.21089660231402754,0.2133973525390951,0.21006301890567172,0.21039645226901404,390956.0
2020-09-01,0.21039645226901404,0.2107298856323564,0.20789570204394656,0.2105631689506852,320099.0
2020-09-02,0.21106331899569872,0.21289720249408156,0.20989630222400052,0.21189690240405454,429039.0
2020-09-03,0.21189690240405454,0.21189690240405454,0.20839585208896003,0.2090627188156447,359114.0
2020-09-04,0.2075622686806042,0.20922943549731585,0.205394951818879,0.20889600213397352,346159.0
2020-09-07,0.20856256877063117,0.21106331899569872,0.204394651728852,0.205394951818879,395978.0
2020-09-08,0.205394951818879,0.20589510186389254,0.20106031809542863,0.20422793504718084,405704.0
2020-09-09,0.20156046814044215,0.20272748491214032,0.19739255109866294,0.19872628455203228,388221.0
2020-09-10,0.1990597179153746,0.20039345136874395,0.18939015037844686,0.1898903004234604,705205.0
2020-09-11,0.1898903004234604,0.19355806742022608,0.18838985028841984,0.1928912006935414,403959.0
2020-09-14,0.1933913507385549,0.19689240105364944,0.19322463405688375,0.19539195091860892,309179.0
2020-09-15,0.1955586676002801,0.19589210096362245,0.1933913507385549,0.19522523423693777,286790.0
2020-09-16,0.19539195091860892,0.19539195091860892,0.19222433396685673,0.19355806742022608,271138.0
2020-09-17,0.19355806742022608,0.19589210096362245,0.19105731719515853,0.19422493414691075,332300.0
2020-09-18,0.19405821746523957,0.1972258344169918,0.19355806742022608,0.1972258344169918,318730.0
2020-09-21,0.19739255109866294,0.19939315127871696,0.19689240105364944,0.1972258344169918,354047.0
2020-09-22,0.1955586676002801,0.1972258344169918,0.19389150078356843,0.19472508419192425,321974.0
2020-09-23,0.19472508419192425,0.1960588176452936,0.19355806742022608,0.19505851755526657,316078.0
2020-09-24,0.1933913507385549,0.19389150078356843,0.1897235837417892,0.1898903004234604,379458.0
2020-09-25,0.1897235837417892,0.19089060051348739,0.18755626688006402,0.18838985028841984,326901.99
2020-09-28,0.18838985028841984,0.18889000033343337,0.18622253342669468,0.18688940015337935,325899.0
2020-09-29,0.18705611683505055,0.19055716715014506,0.18705611683505055,0.18939015037844686,318287.0
2020-09-30,0.18939015037844686,0.19005701710513154,0.18738955019839287,0.18855656697009104,307851.0
2020-10-09,0.19055716715014506,0.19405821746523957,0.19055716715014506,0.1933913507385549,311165.0
2020-10-12,0.1945583675102531,0.19772598446200526,0.19405821746523957,0.19772598446200526,494461.0
2020-10-13,0.1975592677803341,0.1982261345070188,0.1960588176452936,0.1980594178253476,414841.0
2020-10-14,0.1972258344169918,0.1972258344169918,0.19539195091860892,0.19589210096362245,305763.0
2020-10-15,0.19589210096362245,0.19639225100863592,0.19405821746523957,0.1943916508285819,306884.0
2020-10-16,0.1933913507385549,0.19489180087359542,0.1907238838318162,0.1918909006035144,366760.0
2020-10-19,0.19839285118868993,0.19972658464205928,0.19205761728518556,0.19272448401187023,625448.0
2020-10-20,0.19155746724017206,0.19355806742022608,0.1898903004234604,0.19355806742022608,387860.0
2020-10-21,0.19305791737521255,0.19322463405688375,0.1887232836517622,0.1898903004234604,407043.0
2020-10-22,0.18922343369677572,0.1898903004234604,0.18705611683505055,0.18905671701510451,191995.0
2020-10-23,0.1887232836517622,0.19005701710513154,0.18588910006335235,0.1867226834717082,437438.0
2020-10-26,0.1867226834717082,0.18755626688006402,0.18388849988329833,0.18655596679003703,321976.0
2020-10-27,0.18638925010836588,0.18755626688006402,0.18488879997332533,0.1872228335167217,430736.0
2020-10-28,0.1872228335167217,0.1872228335167217,0.1828881997932713,0.18638925010836588,500828.0
2020-10-29,0.1837217832016272,0.18555566670001,0.1828881997932713,0.18505551665499653,432484.8
2020-10-30,0.18505551665499653,0.1867226834717082,0.18122103297655964,0.18188789970324432,651745.0
2020-11-02,0.18072088293154615,0.18188789970324432,0.17655296588976693,0.17888699943316327,749251.0
2020-11-03,0.17872028275149213,0.18388849988329833,0.1783868493881498,0.18305491647494251,816112.0
2020-11-04,0.18305491647494251,0.18338834983828484,0.18072088293154615,0.1820546163849155,415855.0
2020-11-05,0.1837217832016272,0.1917241839218432,0.182554766429929,0.19139075055850088,1737829.93
2020-11-06,0.19139075055850088,0.19155746724017206,0.18838985028841984,0.1898903004234604,1333137.93
2020-11-09,0.19155746724017206,0.19972658464205928,0.19139075055850088,0.1982261345070188,1315091.93
2020-11-10,0.19672568437197827,0.1972258344169918,0.1933913507385549,0.19422493414691075,953446.0
2020-11-11,0.1933913507385549,0.19389150078356843,0.18788970024340637,0.18838985028841984,932495.0
2020-11-12,0.1898903004234604,0.1902237337868027,0.18755626688006402,0.1882231336067487,576680.0
2020-11-13,0.18705611683505055,0.18838985028841984,0.1857223833816812,0.18788970024340637,555443.0
2020-11-16,0.1887232836517622,0.18905671701510451,0.18555566670001,0.18688940015337935,417972.0
2020-11-17,0.18705611683505055,0.18705611683505055,0.18272148311160016,0.18555566670001,609063.27
2020-11-18,0.18438864992831186,0.18655596679003703,0.18438864992831186,0.18605581674502353,367223.0
2020-11-19,0.1857223833816812,0.18838985028841984,0.18388849988329833,0.18772298356173517,652120.0
2020-11-20,0.18772298356173517,0.1887232836517622,0.18688940015337935,0.1882231336067487,467378.0
2020-11-23,0.1882231336067487,0.1887232836517622,0.18622253342669468,0.18755626688006402,509648.0
2020-11-24,0.18705611683505055,0.1898903004234604,0.1867226834717082,0.18838985028841984,515336.0
2020-11-25,0.18905671701510451,0.1907238838318162,0.18655596679003703,0.18805641692507752,803936.0
2020-11-26,0.18805641692507752,0.1882231336067487,0.18622253342669468,0.18688940015337935,428681.54
2020-11-27,0.1872228335167217,0.1872228335167217,0.18438864992831186,0.18555566670001,588383.0
2020-11-30,0.18555566670001,0.18688940015337935,0.18388849988329833,0.18538895001833886,669080.0
2020-12-01,0.18505551665499653,0.18738955019839287,0.18438864992831186,0.1872228335167217,567244.95
2020-12-02,0.18755626688006402,0.1897235837417892,0.18638925010836588,0.1882231336067487,727409.0
2020-12-03,0.18805641692507752,0.18838985028841984,0.18638925010836588,0.18688940015337935,630173.0
2020-12-04,0.18605581674502353,0.18738955019839287,0.18538895001833886,0.18655596679003703,529271.73
2020-12-07,0.1867226834717082,0.18755626688006402,0.18505551665499653,0.18522223333666768,544894.0
2020-12-08,0.1857223833816812,0.18588910006335235,0.18422193324664066,0.184555366609983,449231.0
2020-12-09,0.18488879997332533,0.18505551665499653,0.18055416624987497,0.1808875996132173,773254.0
2020-12-10,0.18055416624987497,0.1808875996132173,0.17855356606982095,0.17955386615984795,647497.0
2020-12-11,0.17955386615984795,0.1798872995231903,0.1755526657997399,0.1772198326164516,1010842.0
2020-12-14,0.17738654929812278,0.17738654929812278,0.1757193824814111,0.17688639925310926,622734.0
2020-12-15,0.1767196825714381,0.17755326597979393,0.17588609916308226,0.17688639925310926,670356.0
2020-12-16,0.17771998266146513,0.17788669934313628,0.17271848221133007,0.17288519889300122,1294544.0
2020-12-17,0.17288519889300122,0.17388549898302824,0.17021773198626253,0.17388549898302824,1079186.0
2020-12-18,0.17438564902804177,0.17438564902804177,0.17155146543963187,0.17221833216631655,799644.0
2020-12-21,0.17188489880297422,0.17421893234637056,0.17138474875796073,0.17405221566469942,731850.0
2020-12-22,0.17338534893801474,0.17338534893801474,0.1693841485779067,0.16971758194124906,1174750.0
2020-12-23,0.1698842986229202,0.17155146543963187,0.16855056516955086,0.17138474875796073,935801.0
2020-12-24,0.17121803207628955,0.1720516154846454,0.1683838484878797,0.16888399853289318,867796.79
2020-12-25,0.16871728185122203,0.1693841485779067,0.1673835483978527,0.16888399853289318,638197.0
2020-12-28,0.16888399853289318,0.16888399853289318,0.16571638158114102,0.16604981494448334,1023489.0
2020-12-29,0.16621653162615452,0.17438564902804177,0.16604981494448334,0.17338534893801474,3011686.0
2020-12-30,0.17305191557467242,0.17338534893801474,0.17005101530459138,0.17338534893801474,2164327.0
2020-12-31,0.17388549898302824,0.1755526657997399,0.17188489880297422,0.1747190823913841,2114906.5
2021-01-04,0.17421893234637056,0.17788669934313628,0.17288519889300122,0.17738654929812278,1931573.0
2021-01-05,0.17621953252642458,0.18072088293154615,0.1755526657997399,0.1798872995231903,2611583.13
2021-01-06,0.18022073288653262,0.18055416624987497,0.1757193824814111,0.17655296588976693,1939518.0
2021-01-07,0.17688639925310926,0.17705311593478046,0.1710513153946184,0.1725517655296589,2131500.0
2021-01-08,0.17171818212130308,0.17655296588976693,0.17171818212130308,0.17505251575472644,1998389.27
2021-01-11,0.17505251575472644,0.17805341602480745,0.17438564902804177,0.17621953252642458,2168284.5
2021-01-12,0.17605281584475344,0.17805341602480745,0.17421893234637056,0.17805341602480745,2062797.0
2021-01-13,0.17805341602480745,0.18038744956820382,0.17638624920809579,0.18022073288653262,2867551.0
2021-01-14,0.18038744956820382,0.18422193324664066,0.17805341602480745,0.18238804974825784,2902909.01
2021-01-15,0.182554766429929,0.18272148311160016,0.17738654929812278,0.17905371611483448,1880853.0
2021-01-18,0.1783868493881498,0.1857223833816812,0.17805341602480745,0.18505551665499653,2648615.46
2021-01-19,0.18538895001833886,0.18688940015337935,0.1828881997932713,0.18355506651995598,1945372.14
2021-01-20,0.18305491647494251,0.184555366609983,0.18138774965823082,0.18438864992831186,1352616.11
2021-01-21,0.18422193324664066,0.1857223833816812,0.18172118302157317,0.184555366609983,1591958.59
2021-01-22,0.18422193324664066,0.18422193324664066,0.17905371611483448,0.18038744956820382,1984641.96
2021-01-25,0.17888699943316327,0.17972058284151915,0.17638624920809579,0.17771998266146513,1871707.11
2021-01-26,0.17788669934313628,0.17872028275149213,0.17438564902804177,0.17488579907305524,1423511.0
2021-01-27,0.17455236570971291,0.17621953252642458,0.17388549898302824,0.17505251575472644,873388.0
2021-01-28,0.17321863225634357,0.17338534893801474,0.1682171318062085,0.1683838484878797,1885402.3
2021-01-29,0.16955086525957785,0.17021773198626253,0.16504951485445635,0.1673835483978527,2286213.0
2021-02-01,0.16604981494448334,0.16755026507952384,0.164716081491114,0.1663832483078257,1585321.0
2021-02-02,0.16654996498949687,0.1672168317161815,0.16554966489946984,0.1672168317161815,1051568.81
2021-02-03,0.16671668167116802,0.16671668167116802,0.16304891467440233,0.1632156313560735,1614394.08
2021-02-04,0.16254876462938883,0.16304891467440233,0.15771398086092495,0.16271548131105998,1998968.0
2021-02-05,0.16221533126604648,0.16504951485445635,0.16138174785769063,0.1615484645393618,1108945.07
2021-02-08,0.16238204794771766,0.1642159314461005,0.16138174785769063,0.16404921476442932,962597.0
2021-02-09,0.1642159314461005,0.16805041512453736,0.16271548131105998,0.16771698176119504,1711261.0
2021-02-10,0.1672168317161815,0.16971758194124906,0.1658830982628122,0.16921743189623553,1406512.0
2021-02-18,0.17138474875796073,0.17338534893801474,0.17055116534960488,0.17155146543963187,4353293.0
2021-02-19,0.1708845987129472,0.17388549898302824,0.17071788203127605,0.17388549898302824,1082487.42
2021-02-22,0.17388549898302824,0.1752192324363976,0.17038444866793373,0.17071788203127605,1321038.1
2021-02-23,0.17021773198626253,0.1720516154846454,0.16855056516955086,0.1708845987129472,1098300.0
2021-02-24,0.17121803207628955,0.17321863225634357,0.16771698176119504,0.16955086525957785,913179.0
2021-02-25,0.1708845987129472,0.17171818212130308,0.1682171318062085,0.16871728185122203,877732.0
2021-02-26,0.16654996498949687,0.16955086525957785,0.16621653162615452,0.16888399853289318,950662.0
2021-03-01,0.1698842986229202,0.1720516154846454,0.16955086525957785,0.1720516154846454,904364.0
2021-03-02,0.17221833216631655,0.17305191557467242,0.1698842986229202,0.17121803207628955,793450.0
2021-03-03,0.17055116534960488,0.17238504884798775,0.1698842986229202,0.17221833216631655,640516.0
2021-03-04,0.17121803207628955,0.17238504884798775,0.1683838484878797,0.16888399853289318,890695.0
2021-03-05,0.16788369844286619,0.1710513153946184,0.16671668167116802,0.17055116534960488,661943.56
2021-03-08,0.17071788203127605,0.17388549898302824,0.16788369844286619,0.16855056516955086,1079794.0
2021-03-09,0.16855056516955086,0.16855056516955086,0.16171518122103298,0.16288219799273115,1538950.0
2021-03-10,0.16538294821779867,0.16604981494448334,0.1610483144943483,0.16138174785769063,793351.56
2021-03-11,0.1620486145843753,0.16338234803774465,0.1600480144043213,0.16288219799273115,918525.56
2021-03-12,0.16288219799273115,0.16304891467440233,0.16021473108599246,0.1615484645393618,785415.0
2021-03-15,0.1605481644493348,0.16071488113100596,0.15554666399919978,0.1568803974525691,1001020.0
2021-03-16,0.15721383081591145,0.15871428095095194,0.15621353072588445,0.1585475642692808,703338.0
2021-03-17,0.1590477143142943,0.16221533126604648,0.15838084758760962,0.16188189790270416,1065899.0
2021-03-18,0.16138174785769063,0.1620486145843753,0.1605481644493348,0.16138174785769063,503101.0
2021-03-19,0.1590477143142943,0.16138174785769063,0.1585475642692808,0.15971458104097896,597431.0
2021-03-22,0.15921443099596547,0.16221533126604648,0.1590477143142943,0.16188189790270416,541345.0
2021-03-23,0.16221533126604648,0.16304891467440233,0.16138174785769063,0.16238204794771766,652857.0
2021-03-24,0.16171518122103298,0.16221533126604648,0.1595478643593078,0.1605481644493348,527688.0
2021-03-25,0.15971458104097896,0.16088159781267714,0.15871428095095194,0.1595478643593078,440745.0
2021-03-26,0.1600480144043213,0.16271548131105998,0.15988129772265014,0.16221533126604648,691445.0
2021-03-29,0.16271548131105998,0.16338234803774465,0.16121503117601949,0.1615484645393618,562841.0
2021-03-30,0.1615484645393618,0.16238204794771766,0.16088159781267714,0.1615484645393618,376712.0
2021-03-31,0.1605481644493348,0.16221533126604648,0.1605481644493348,0.1620486145843753,419188.0
2021-04-01,0.16238204794771766,0.16338234803774465,0.16138174785769063,0.16254876462938883,635933.01
2021-04-02,0.16271548131105998,0.1642159314461005,0.16238204794771766,0.16388249808275818,742801.0
2021-04-06,0.1642159314461005,0.16488279817278517,0.1632156313560735,0.16404921476442932,564642.0
2021-04-07,0.16388249808275818,0.16404921476442932,0.16254876462938883,0.163715781401087,458057.63
2021-04-08,0.16354906471941583,0.16354906471941583,0.16188189790270416,0.1620486145843753,469996.0
2021-04-09,0.16221533126604648,0.16238204794771766,0.1590477143142943,0.1595478643593078,729855.0
2021-04-12,0.1595478643593078,0.1600480144043213,0.15721383081591145,0.1573805474975826,530842.11
2021-04-13,0.15788069754259612,0.15821413090593844,0.15671368077089792,0.15721383081591145,451391.0
2021-04-14,0.15721383081591145,0.15871428095095194,0.15704711413424027,0.1585475642692808,432087.0
2021-04-15,0.1585475642692808,0.1585475642692808,0.15704711413424027,0.15821413090593844,393000.0
2021-04-16,0.15821413090593844,0.1605481644493348,0.15804741422426727,0.16021473108599246,532498.0
2021-04-19,0.1600480144043213,0.16338234803774465,0.1600480144043213,0.1632156313560735,789983.0
2021-04-20,0.16238204794771766,0.16238204794771766,0.1605481644493348,0.16071488113100596,664922.0
2021-04-21,0.1600480144043213,0.16021473108599246,0.15838084758760962,0.15871428095095194,730139.0
2021-04-22,0.15838084758760962,0.16171518122103298,0.15838084758760962,0.1605481644493348,709273.0
2021-04-23,0.1595478643593078,0.1605481644493348,0.1590477143142943,0.1595478643593078,608981.0
2021-04-26,0.1595478643593078,0.16088159781267714,0.15821413090593844,0.15838084758760962,759197.0
2021-04-27,0.15788069754259612,0.15871428095095194,0.15521323063585743,0.15654696408922678,1075791.0
2021-04-28,0.1558800973625421,0.1563802474075556,0.15454636390917276,0.1563802474075556,656765.0
2021-04-29,0.1563802474075556,0.15704711413424027,0.15504651395418628,0.15521323063585743,1133732.0
2021-04-30,0.1553799473175286,0.15554666399919978,0.15187889700243407,0.1528791970924611,1207353.0
2021-05-06,0.1527124804107899,0.15304591377413226,0.15171218032076292,0.15221233036577642,640219.89
2021-05-07,0.1527124804107899,0.1527124804107899,0.14937814677736655,0.1497115801407089,1560630.0
2021-05-10,0.14954486345903772,0.1497115801407089,0.14771097996065488,0.1480444133239972,876621.0
2021-05-11,0.14721082991564136,0.14937814677736655,0.14721082991564136,0.14921143009569537,726830.0
2021-05-12,0.14871128005068188,0.15054516354906472,0.14821113000566838,0.15037844686739357,638122.0
2021-05-13,0.14937814677736655,0.15104531359407825,0.14904471341402423,0.15004501350405122,584557.0
2021-05-14,0.1502117301857224,0.1527124804107899,0.1497115801407089,0.1523790470474476,998971.0
2021-05-17,0.15254576372911874,0.15371278050081694,0.1523790470474476,0.15254576372911874,879976.57
2021-05-18,0.15254576372911874,0.1528791970924611,0.15154546363909174,0.15254576372911874,640097.0
2021-05-19,0.15221233036577642,0.1532126304558034,0.15187889700243407,0.15221233036577642,568986.0
2021-05-20,0.15204561368410524,0.1533793471374746,0.15204561368410524,0.1528791970924611,613942.0
2021-05-21,0.1533793471374746,0.15354606381914576,0.15154546363909174,0.15171218032076292,491893.0
2021-05-24,0.15154546363909174,0.15404621386415926,0.1512120302757494,0.15404621386415926,1090816.0
2021-05-25,0.15387949718248808,0.15704711413424027,0.1533793471374746,0.1568803974525691,1266851.92
2021-05-26,0.1568803974525691,0.15821413090593844,0.1563802474075556,0.15654696408922678,862226.0
2021-05-27,0.15654696408922678,0.1605481644493348,0.15654696408922678,0.1600480144043213,1227686.0
2021-05-28,0.15988129772265014,0.16038144776766364,0.15838084758760962,0.15888099763262312,761143.9
2021-05-31,0.1590477143142943,0.16121503117601949,0.15888099763262312,0.1610483144943483,715056.0
2021-06-01,0.16121503117601949,0.16221533126604648,0.1600480144043213,0.16171518122103298,693706.76
2021-06-02,0.16138174785769063,0.16171518122103298,0.15804741422426727,0.15871428095095194,929455.0
2021-06-03,0.15871428095095194,0.16304891467440233,0.1585475642692808,0.16071488113100596,1347907.93
2021-06-04,0.15988129772265014,0.16171518122103298,0.15988129772265014,0.1610483144943483,784613.18
2021-06-07,0.16171518122103298,0.1642159314461005,0.16171518122103298,0.16404921476442932,2182094.16
2021-06-08,0.16438264812777167,0.16538294821779867,0.16338234803774465,0.16504951485445635,1215902.2
2021-06-09,0.16521623153612752,0.1663832483078257,0.1642159314461005,0.16488279817278517,504648.0
2021-06-10,0.164716081491114,0.1683838484878797,0.16404921476442932,0.16805041512453736,1099553.0
2021-06-11,0.16888399853289318,0.16905071521456438,0.16504951485445635,0.16538294821779867,627752.0
2021-06-15,0.16521623153612752,0.1683838484878797,0.16504951485445635,0.16671668167116802,1162111.0
2021-06-16,0.16654996498949687,0.1682171318062085,0.163715781401087,0.16404921476442932,802589.33
2021-06-17,0.16388249808275818,0.16855056516955086,0.16388249808275818,0.1683838484878797,937038.0
2021-06-18,0.1682171318062085,0.17071788203127605,0.16805041512453736,0.17055116534960488,1116890.31
2021-06-21,0.1693841485779067,0.17171818212130308,0.16921743189623553,0.17121803207628955,709769.0
2021-06-22,0.1708845987129472,0.17188489880297422,0.16871728185122203,0.16971758194124906,713091.0
2021-06-23,0.16955086525957785,0.17221833216631655,0.16855056516955086,0.17138474875796073,681719.34
2021-06-24,0.17188489880297422,0.1725517655296589,0.17038444866793373,0.1710513153946184,506790.0
2021-06-25,0.17071788203127605,0.17071788203127605,0.1682171318062085,0.17021773198626253,864433.0
2021-06-28,0.16971758194124906,0.17288519889300122,0.16971758194124906,0.17288519889300122,934056.0
2021-06-29,0.17271848221133007,0.17271848221133007,0.16888399853289318,0.16888399853289318,549735.0
2021-06-30,0.16905071521456438,0.17238504884798775,0.16905071521456438,0.17188489880297422,734771.0
2021-07-01,0.17221833216631655,0.1725517655296589,0.16755026507952384,0.16805041512453736,1403168.0
2021-07-02,0.1682171318062085,0.1683838484878797,0.1642159314461005,0.164716081491114,582033.0
2021-07-05,0.164716081491114,0.16921743189623553,0.164716081491114,0.16905071521456438,668923.0
2021-07-06,0.1698842986229202,0.17055116534960488,0.1672168317161815,0.1693841485779067,497736.0
2021-07-07,0.16955086525957785,0.17055116534960488,0.16755026507952384,0.17021773198626253,488078.0
2021-07-08,0.17038444866793373,0.1710513153946184,0.16855056516955086,0.16971758194124906,586557.17
2021-07-09,0.16921743189623553,0.16955086525957785,0.16705011503451037,0.16905071521456438,513304.0
2021-07-12,0.17005101530459138,0.1752192324363976,0.1693841485779067,0.17421893234637056,1696798.46
2021-07-13,0.1752192324363976,0.17538594911806876,0.1735520656196859,0.17438564902804177,968137.0
2021-07-14,0.17438564902804177,0.17588609916308226,0.17171818212130308,0.1720516154846454,826478.0
2021-07-15,0.1708845987129472,0.17188489880297422,0.16855056516955086,0.1710513153946184,1336903.0
2021-07-16,0.17055116534960488,0.17138474875796073,0.1693841485779067,0.17005101530459138,744522.0
2021-07-19,0.16955086525957785,0.17321863225634357,0.16755026507952384,0.1725517655296589,1177088.99
2021-07-20,0.1708845987129472,0.17221833216631655,0.17055116534960488,0.17221833216631655,500250.0
2021-07-21,0.17221833216631655,0.17288519889300122,0.17055116534960488,0.17238504884798775,783947.0
2021-07-22,0.17221833216631655,0.17221833216631655,0.16871728185122203,0.1693841485779067,1030506.76
2021-07-23,0.1683838484878797,0.16921743189623553,0.16671668167116802,0.1682171318062085,767191.76
2021-07-26,0.16805041512453736,0.16805041512453736,0.16188189790270416,0.1642159314461005,942722.76
2021-07-27,0.16404921476442932,0.1720516154846454,0.16404921476442932,0.16805041512453736,1609460.0
2021-07-28,0.1682171318062085,0.16871728185122203,0.16188189790270416,0.16688339835283916,1070238.51
2021-07-29,0.16888399853289318,0.1720516154846454,0.16755026507952384,0.17155146543963187,1263582.0
2021-07-30,0.17121803207628955,0.1752192324363976,0.17021773198626253,0.17488579907305524,1635035.0
2021-08-02,0.1767196825714381,0.1810543162948885,0.17588609916308226,0.18072088293154615,2354891.44
2021-08-03,0.18055416624987497,0.18272148311160016,0.17655296588976693,0.17738654929812278,2747303.0
2021-08-04,0.1767196825714381,0.18022073288653262,0.1767196825714381,0.17955386615984795,1556544.0
2021-08-05,0.17872028275149213,0.17972058284151915,0.1772198326164516,0.17855356606982095,1135216.0
2021-08-06,0.1783868493881498,0.17972058284151915,0.17738654929812278,0.17972058284151915,1228011.0
2021-08-09,0.17905371611483448,0.1810543162948885,0.17755326597979393,0.18005401620486147,1148511.0
2021-08-10,0.18005401620486147,0.1810543162948885,0.17855356606982095,0.1808875996132173,1044170.0
2021-08-11,0.1808875996132173,0.1808875996132173,0.17771998266146513,0.17805341602480745,1466311.44
2021-08-12,0.17771998266146513,0.18172118302157317,0.17755326597979393,0.18022073288653262,1332460.66
2021-08-13,0.18005401620486147,0.18005401620486147,0.1767196825714381,0.1782201327064786,1106067.65
2021-08-16,0.17805341602480745,0.1808875996132173,0.17688639925310926,0.17888699943316327,828193.65
2021-08-17,0.17872028275149213,0.17888699943316327,0.1725517655296589,0.17321863225634357,1129461.45
2021-08-18,0.1725517655296589,0.17388549898302824,0.1708845987129472,0.17305191557467242,1099140.09
2021-08-19,0.17221833216631655,0.1752192324363976,0.17221833216631655,0.17505251575472644,896115.0
2021-08-20,0.17488579907305524,0.17488579907305524,0.17138474875796073,0.17288519889300122,870744.91
2021-08-23,0.17288519889300122,0.17805341602480745,0.17288519889300122,0.17788669934313628,1122021.23
2021-08-24,0.1783868493881498,0.1783868493881498,0.1767196825714381,0.17755326597979393,785476.0
2021-08-25,0.17755326597979393,0.17805341602480745,0.17488579907305524,0.17538594911806876,722585.22
2021-08-26,0.1747190823913841,0.17538594911806876,0.1710513153946184,0.17138474875796073,973455.0
2021-08-27,0.17038444866793373,0.17171818212130308,0.16921743189623553,0.17121803207628955,650934.08
2021-08-30,0.1720516154846454,0.17421893234637056,0.1708845987129472,0.17155146543963187,719465.0
2021-08-31,0.17171818212130308,0.17171818212130308,0.1672168317161815,0.16971758194124906,807006.28
2021-09-01,0.16971758194124906,0.17071788203127605,0.16705011503451037,0.17021773198626253,685026.0
2021-09-02,0.17021773198626253,0.17021773198626253,0.1682171318062085,0.16905071521456438,556088.0
2021-09-03,0.16871728185122203,0.17171818212130308,0.16855056516955086,0.17005101530459138,893449.4
2021-09-06,0.17005101530459138,0.1725517655296589,0.16888399853289318,0.17238504884798775,976015.99
2021-09-07,0.17271848221133007,0.17305191557467242,0.17171818212130308,0.17271848221133007,670534.0
2021-09-08,0.17271848221133007,0.1737187823013571,0.17138474875796073,0.1735520656196859,805495.0
2021-09-09,0.17288519889300122,0.17405221566469942,0.17138474875796073,0.17305191557467242,764082.0
2021-09-10,0.17238504884798775,0.1735520656196859,0.1708845987129472,0.17288519889300122,777927.0
2021-09-13,0.1720516154846454,0.1725517655296589,0.16955086525957785,0.17021773198626253,610087.0
2021-09-14,0.17005101530459138,0.1710513153946184,0.1672168317161815,0.16805041512453736,722622.95
2021-09-15,0.16788369844286619,0.16855056516955086,0.16654996498949687,0.1682171318062085,557872.0
2021-09-16,0.16788369844286619,0.16905071521456438,0.16504951485445635,0.16538294821779867,698555.0
2021-09-17,0.16538294821779867,0.1658830982628122,0.16254876462938883,0.164716081491114,638542.0
2021-09-22,0.163715781401087,0.16488279817278517,0.16238204794771766,0.164716081491114,364167.52
2021-09-23,0.16504951485445635,0.16771698176119504,0.16504951485445635,0.1672168317161815,528688.52
2021-09-24,0.16705011503451037,0.1673835483978527,0.1658830982628122,0.16621653162615452,335158.0
2021-09-27,0.1682171318062085,0.16871728185122203,0.1632156313560735,0.1642159314461005,690251.51
2021-09-28,0.16388249808275818,0.16488279817278517,0.16254876462938883,0.1642159314461005,390501.0
2021-09-29,0.1632156313560735,0.16338234803774465,0.16071488113100596,0.1610483144943483,794457.0
2021-09-30,0.16171518122103298,0.1620486145843753,0.1610483144943483,0.16171518122103298,406514.0
2021-10-08,0.1632156313560735,0.16504951485445635,0.16271548131105998,0.16404921476442932,529224.0
2021-10-11,0.16454936480944285,0.16921743189623553,0.1642159314461005,0.16805041512453736,883388.0
2021-10-12,0.16788369844286619,0.16788369844286619,0.16338234803774465,0.16504951485445635,1009523.0
2021-10-13,0.164716081491114,0.16538294821779867,0.16338234803774465,0.16504951485445635,935177.59
2021-10-14,0.16538294821779867,0.16571638158114102,0.16404921476442932,0.164716081491114,367675.0
2021-10-15,0.164716081491114,0.1658830982628122,0.16354906471941583,0.16454936480944285,599067.13
2021-10-18,0.16488279817278517,0.16488279817278517,0.16271548131105998,0.16354906471941583,359894.0
2021-10-19,0.1632156313560735,0.16488279817278517,0.16304891467440233,0.16454936480944285,406405.0
2021-10-20,0.164716081491114,0.16504951485445635,0.16354906471941583,0.163715781401087,483428.0
2021-10-21,0.163715781401087,0.16404921476442932,0.16121503117601949,0.16121503117601949,802405.0
2021-10-22,0.16121503117601949,0.16254876462938883,0.16088159781267714,0.16171518122103298,415881.24
2021-10-25,0.16188189790270416,0.16388249808275818,0.16088159781267714,0.163715781401087,580302.0
2021-10-26,0.1642159314461005,0.1663832483078257,0.163715781401087,0.16538294821779867,861129.22
2021-10-27,0.1658830982628122,0.16671668167116802,0.16338234803774465,0.16404921476442932,470008.22
2021-10-28,0.16354906471941583,0.16538294821779867,0.16221533126604648,0.16221533126604648,440183.22
2021-10-29,0.16254876462938883,0.16488279817278517,0.16254876462938883,0.16454936480944285,500785.22
2021-11-01,0.164716081491114,0.16871728185122203,0.164716081491114,0.16788369844286619,990447.0
2021-11-02,0.1683838484878797,0.17138474875796073,0.16771698176119504,0.1693841485779067,1079867.0
2021-11-03,0.17005101530459138,0.17071788203127605,0.16788369844286619,0.16921743189623553,441610.0
2021-11-04,0.1693841485779067,0.17388549898302824,0.1693841485779067,0.17388549898302824,1078847.0
2021-11-05,0.1737187823013571,0.17538594911806876,0.17305191557467242,0.17321863225634357,871110.76
2021-11-08,0.17305191557467242,0.1735520656196859,0.1720516154846454,0.17305191557467242,466350.48
2021-11-09,0.17321863225634357,0.17455236570971291,0.17221833216631655,0.17421893234637056,496094.0
2021-11-10,0.1747190823913841,0.17538594911806876,0.1725517655296589,0.1747190823913841,519377.0
2021-11-11,0.1747190823913841,0.17771998266146513,0.17405221566469942,0.17738654929812278,851096.0
2021-11-12,0.17788669934313628,0.18072088293154615,0.1767196825714381,0.18038744956820382,1122365.17
2021-11-15,0.1808875996132173,0.18222133306658664,0.17922043279650562,0.18038744956820382,666415.49
2021-11-16,0.18022073288653262,0.182554766429929,0.18005401620486147,0.18155446633990197,879997.0
2021-11-17,0.18138774965823082,0.18472208329165418,0.1810543162948885,0.18422193324664066,918253.32
2021-11-18,0.18438864992831186,0.18438864992831186,0.1808875996132173,0.1808875996132173,778347.95
2021-11-19,0.18038744956820382,0.18305491647494251,0.18038744956820382,0.18272148311160016,572236.83
2021-11-22,0.18305491647494251,0.18655596679003703,0.1828881997932713,0.18588910006335235,620026.84
2021-11-23,0.18588910006335235,0.18705611683505055,0.18555566670001,0.18622253342669468,555079.0
2021-11-24,0.1857223833816812,0.18889000033343337,0.18555566670001,0.18772298356173517,635330.0
2021-11-25,0.18772298356173517,0.18805641692507752,0.18472208329165418,0.18488879997332533,575228.0
2021-11-26,0.18438864992831186,0.18488879997332533,0.18155446633990197,0.182554766429929,685566.99
2021-11-29,0.1798872995231903,0.1820546163849155,0.17922043279650562,0.18188789970324432,581452.99
2021-11-30,0.18222133306658664,0.18522223333666768,0.18222133306658664,0.18422193324664066,646935.0
2021-12-01,0.18505551665499653,0.18622253342669468,0.1840552165649695,0.18605581674502353,407369.0
2021-12-02,0.18488879997332533,0.1857223833816812,0.18272148311160016,0.1828881997932713,402760.22
2021-12-03,0.18305491647494251,0.18538895001833886,0.18305491647494251,0.18438864992831186,371636.47
2021-12-06,0.1840552165649695,0.184555366609983,0.18188789970324432,0.18188789970324432,442657.0
2021-12-07,0.18172118302157317,0.18272148311160016,0.1783868493881498,0.18022073288653262,937937.0
2021-12-08,0.18022073288653262,0.18472208329165418,0.18005401620486147,0.184555366609983,533793.0
2021-12-09,0.1840552165649695,0.18555566670001,0.18338834983828484,0.18472208329165418,852878.0
2021-12-10,0.18472208329165418,0.18555566670001,0.18338834983828484,0.18472208329165418,880890.0
2021-12-13,0.18472208329165418,0.18805641692507752,0.18472208329165418,0.18688940015337935,469758.0
2021-12-14,0.18638925010836588,0.18939015037844686,0.18588910006335235,0.1882231336067487,622933.0
2021-12-15,0.18838985028841984,0.1898903004234604,0.18772298356173517,0.18788970024340637,730295.28
2021-12-16,0.18788970024340637,0.18922343369677572,0.18755626688006402,0.18838985028841984,567108.75
2021-12-17,0.18855656697009104,0.18855656697009104,0.18638925010836588,0.18705611683505055,440727.97
2021-12-20,0.18638925010836588,0.1872228335167217,0.1820546163849155,0.18238804974825784,473227.0
2021-12-21,0.18238804974825784,0.1857223833816812,0.18238804974825784,0.18555566670001,890732.0
2021-12-22,0.18555566670001,0.18788970024340637,0.18488879997332533,0.1872228335167217,297836.0
2021-12-23,0.18788970024340637,0.18805641692507752,0.18622253342669468,0.1872228335167217,453515.97
2021-12-24,0.1872228335167217,0.18772298356173517,0.18355506651995598,0.18472208329165418,884902.06
2021-12-27,0.18338834983828484,0.18638925010836588,0.18338834983828484,0.184555366609983,318644.09
2021-12-28,0.18488879997332533,0.18588910006335235,0.18388849988329833,0.18505551665499653,315666.8
2021-12-29,0.18522223333666768,0.18522223333666768,0.1828881997932713,0.18422193324664066,333313.0
2021-12-30,0.18422193324664066,0.18705611683505055,0.18422193324664066,0.18655596679003703,316984.0
2021-12-31,0.1872228335167217,0.18838985028841984,0.18505551665499653,0.1872228335167217,463287.0
2022-01-04,0.1882231336067487,0.18889000033343337,0.18638925010836588,0.18805641692507752,428658.0
2022-01-05,0.1882231336067487,0.18855656697009104,0.1837217832016272,0.18438864992831186,304691.0
2022-01-06,0.18438864992831186,0.18538895001833886,0.1820546163849155,0.18438864992831186,251380.0
2022-01-07,0.18622253342669468,0.18622253342669468,0.18188789970324432,0.18222133306658664,467588.0
2022-01-10,0.18122103297655964,0.184555366609983,0.18005401620486147,0.18355506651995598,958191.0
2022-01-11,0.1837217832016272,0.18388849988329833,0.1793871494781768,0.18038744956820382,244836.0
2022-01-12,0.18038744956820382,0.18122103297655964,0.1793871494781768,0.18122103297655964,253703.0
2022-01-13,0.1820546163849155,0.182554766429929,0.1782201327064786,0.17888699943316327,278773.0
2022-01-14,0.17788669934313628,0.18022073288653262,0.17705311593478046,0.17855356606982095,646152.0
2022-01-17,0.1782201327064786,0.18472208329165418,0.1782201327064786,0.184555366609983,434688.0
2022-01-18,0.18522223333666768,0.18705611683505055,0.18338834983828484,0.18422193324664066,603983.0
2022-01-19,0.18338834983828484,0.18388849988329833,0.1808875996132173,0.1828881997932713,499899.0
2022-01-20,0.18238804974825784,0.18238804974825784,0.17922043279650562,0.18005401620486147,345476.0
2022-01-21,0.18005401620486147,0.18022073288653262,0.17588609916308226,0.17605281584475344,383644.86
2022-01-24,0.17538594911806876,0.17771998266146513,0.17488579907305524,0.1767196825714381,272552.0
2022-01-25,0.17655296588976693,0.17655296588976693,0.17005101530459138,0.17055116534960488,406116.0
2022-01-26,0.1708845987129472,0.17188489880297422,0.1693841485779067,0.17121803207628955,306096.0
2022-01-27,0.17138474875796073,0.17155146543963187,0.1658830982628122,0.1663832483078257,335885.0
2022-01-28,0.16671668167116802,0.16971758194124906,0.16538294821779867,0.16805041512453736,327671.0
2022-02-07,0.1708845987129472,0.17121803207628955,0.1673835483978527,0.16788369844286619,246853.0
2022-02-08,0.16905071521456438,0.16971758194124906,0.16554966489946984,0.16788369844286619,323331.47
2022-02-09,0.16788369844286619,0.17221833216631655,0.16771698176119504,0.1720516154846454,794167.0
2022-02-10,0.17155146543963187,0.17155146543963187,0.1693841485779067,0.17038444866793373,450782.0
2022-02-11,0.16921743189623553,0.1698842986229202,0.1672168317161815,0.1673835483978527,375570.0
2022-02-14,0.16621653162615452,0.16788369844286619,0.16521623153612752,0.16688339835283916,511598.91
2022-02-15,0.16654996498949687,0.16955086525957785,0.16604981494448334,0.1693841485779067,349051.0
2022-02-16,0.17038444866793373,0.1710513153946184,0.16971758194124906,0.17038444866793373,342772.0
2022-02-17,0.17021773198626253,0.17138474875796073,0.16905071521456438,0.17005101530459138,298172.0
2022-02-18,0.17121803207628955,0.17171818212130308,0.16971758194124906,0.17171818212130308,322054.0
2022-02-21,0.17171818212130308,0.17455236570971291,0.17171818212130308,0.17421893234637056,437294.0
2022-02-22,0.17321863225634357,0.17321863225634357,0.17005101530459138,0.17138474875796073,450168.0
2022-02-23,0.1708845987129472,0.17588609916308226,0.1708845987129472,0.1757193824814111,467152.0
2022-02-24,0.1735520656196859,0.1755526657997399,0.1693841485779067,0.17171818212130308,647259.65
2022-02-25,0.17238504884798775,0.17538594911806876,0.17238504884798775,0.17405221566469942,329435.0
2022-02-28,0.17421893234637056,0.1747190823913841,0.17155146543963187,0.17388549898302824,303241.0
2022-03-01,0.17505251575472644,0.17688639925310926,0.17388549898302824,0.17588609916308226,543639.35
2022-03-02,0.17538594911806876,0.1757193824814111,0.17288519889300122,0.17505251575472644,410696.35
2022-03-03,0.1752192324363976,0.17605281584475344,0.17171818212130308,0.17238504884798775,380833.0
2022-03-04,0.17055116534960488,0.1725517655296589,0.16955086525957785,0.1698842986229202,778467.0
2022-03-07,0.16888399853289318,0.16955086525957785,0.16304891467440233,0.16354906471941583,517191.0
2022-03-08,0.16354906471941583,0.16454936480944285,0.15921443099596547,0.16121503117601949,380412.0
2022-03-09,0.16188189790270416,0.16238204794771766,0.15187889700243407,0.15788069754259612,815987.0
2022-03-10,0.15938114767763661,0.1620486145843753,0.1590477143142943,0.15921443099596547,674412.0
2022-03-11,0.15821413090593844,0.16171518122103298,0.15604681404421328,0.16171518122103298,333747.0
2022-03-14,0.1600480144043213,0.16088159781267714,0.15671368077089792,0.1568803974525691,263878.0
2022-03-15,0.1568803974525691,0.1568803974525691,0.14837784668733955,0.1485445633690107,346576.0
2022-03-16,0.15154546363909174,0.15521323063585743,0.14654396318895668,0.1548797972725151,291708.0
2022-03-17,0.15554666399919978,0.1590477143142943,0.15554666399919978,0.15721383081591145,379462.0
2022-03-18,0.1558800973625421,0.15754726417925377,0.15521323063585743,0.1573805474975826,335598.0
2022-03-21,0.15771398086092495,0.15921443099596547,0.15621353072588445,0.15804741422426727,397149.0
2022-03-22,0.15671368077089792,0.15838084758760962,0.1563802474075556,0.15704711413424027,273700.0
2022-03-23,0.15754726417925377,0.1658830982628122,0.15704711413424027,0.16338234803774465,1931178.0
2022-03-24,0.16138174785769063,0.16188189790270416,0.15754726417925377,0.15771398086092495,1273991.0
2022-03-25,0.15721383081591145,0.15804741422426727,0.1548797972725151,0.15504651395418628,647544.0
2022-03-28,0.15371278050081694,0.15471308059084393,0.1512120302757494,0.15421293054583043,366506.0
2022-03-29,0.15421293054583043,0.15504651395418628,0.1507118802307359,0.15154546363909174,606684.0
2022-03-30,0.15171218032076292,0.15387949718248808,0.15171218032076292,0.15371278050081694,373611.0
2022-03-31,0.1533793471374746,0.1533793471374746,0.15104531359407825,0.15154546363909174,258980.0
2022-04-01,0.15054516354906472,0.15171218032076292,0.14987829682238005,0.1512120302757494,223571.0
2022-04-06,0.15204561368410524,0.15221233036577642,0.14871128005068188,0.14937814677736655,329544.0
2022-04-07,0.14887799673235305,0.14937814677736655,0.14571037978060086,0.145877096462272,403445.0
2022-04-08,0.14571037978060086,0.14654396318895668,0.14304291287386217,0.14571037978060086,366526.0
2022-04-11,0.145877096462272,0.145877096462272,0.13787469574205594,0.13870827915041178,561301.0
2022-04-12,0.13870827915041178,0.1412090293754793,0.13670767897035777,0.14104231269380815,515651.0
2022-04-13,0.1402087292854523,0.1402087292854523,0.1377079790603848,0.1380414124237271,303208.0
2022-04-14,0.1397085792404388,0.1397085792404388,0.13720782901537126,0.13787469574205594,385627.0
2022-04-15,0.13687439565202894,0.1377079790603848,0.1355406621986596,0.13670767897035777,387079.0
2022-04-18,0.13637424560701544,0.14087559601213698,0.13487379547197495,0.1407088793304658,459959.0
2022-04-19,0.13954186255876763,0.14104231269380815,0.1385415624687406,0.13920842919542528,319062.0
2022-04-20,0.13954186255876763,0.14004201260378113,0.13737454569704244,0.1377079790603848,301140.0
2022-04-21,0.13720782901537126,0.1385415624687406,0.13370677870027675,0.13487379547197495,378941.0
2022-04-22,0.13420692874529028,0.13470707879030377,0.1318728952018939,0.13287319529192093,502208.0
2022-04-25,0.13203961188356508,0.13203961188356508,0.12487079457170484,0.12520422793504718,479017.0
2022-04-26,0.12537094461671835,0.12703811143343002,0.12220332766496615,0.12270347770997966,428840.0
2022-04-27,0.12036944416658331,0.1277049781601147,0.12036944416658331,0.12737154479677237,532535.0
2022-04-28,0.1262045280250742,0.12803841152345705,0.125037511253376,0.12653796138841653,394316.0
2022-04-29,0.12637124470674535,0.13220632856523626,0.12637124470674535,0.13170617852022273,507784.0
2022-05-05,0.13103931179353806,0.13387349538194793,0.13103931179353806,0.13220632856523626,427935.0
2022-05-06,0.13003901170351106,0.13070587843019574,0.12837184488679937,0.12970557834016871,359074.0
2022-05-09,0.12837184488679937,0.1308725951118669,0.12837184488679937,0.1298722950218399,255796.0
2022-05-10,0.12837184488679937,0.13337334533693443,0.12787169484178587,0.13287319529192093,361130.0
2022-05-11,0.1323730452469074,0.13687439565202894,0.1323730452469074,0.1335400620186056,452442.0
2022-05-12,0.13337334533693443,0.13520722883531727,0.13303991197359208,0.13470707879030377,425361.0
2022-05-13,0.13487379547197495,0.1355406621986596,0.13337334533693443,0.13487379547197495,344540.0
2022-05-16,0.13537394551698845,0.13620752892534427,0.13303991197359208,0.13370677870027675,308658.0
2022-05-17,0.13270647861024976,0.1350405121536461,0.1323730452469074,0.13487379547197495,295879.0
2022-05-18,0.13487379547197495,0.13637424560701544,0.13437364542696142,0.13537394551698845,363768.0
2022-05-19,0.13420692874529028,0.13704111233370012,0.13320662865526325,0.13704111233370012,373662.0
2022-05-20,0.13704111233370012,0.13870827915041178,0.13637424560701544,0.1385415624687406,338053.0
2022-05-23,0.1377079790603848,0.13904171251375413,0.13720782901537126,0.13904171251375413,348840.0
2022-05-24,0.13837484578706946,0.13954186255876763,0.13337334533693443,0.13370677870027675,397276.0
2022-05-25,0.13320662865526325,0.1350405121536461,0.13253976192857858,0.1350405121536461,389111.0
2022-05-26,0.13437364542696142,0.13887499583208296,0.13253976192857858,0.1375412623787136,600478.0
2022-05-27,0.1380414124237271,0.13887499583208296,0.13537394551698845,0.13670767897035777,386233.0
2022-05-30,0.13670767897035777,0.13787469574205594,0.13570737888033077,0.1377079790603848,439245.0
2022-05-31,0.1375412623787136,0.1412090293754793,0.13720782901537126,0.1412090293754793,650516.9
2022-06-01,0.14054216264879463,0.14254276282884865,0.1402087292854523,0.1423760461471775,408008.0
2022-06-02,0.1412090293754793,0.145877096462272,0.14104231269380815,0.14521022973558734,399966.0
2022-06-06,0.1450435130539162,0.1480444133239972,0.14487679637224501,0.1475442632789837,438299.0
2022-06-07,0.14687739655229903,0.14771097996065488,0.145877096462272,0.14671067987062786,559056.0
2022-06-08,0.14654396318895668,0.14771097996065488,0.14420992964556034,0.14621052982561436,528210.0
2022-06-09,0.14621052982561436,0.14621052982561436,0.14204261278383515,0.14320962955553332,331136.0
2022-06-10,0.14187589610216397,0.14521022973558734,0.14170917942049283,0.14487679637224501,374368.0
2022-06-13,0.14487679637224501,0.14654396318895668,0.1433763462372045,0.14621052982561436,452548.81
2022-06-14,0.14370977960054684,0.1455436630989297,0.13987529592210995,0.14420992964556034,567002.0
2022-06-15,0.14354306291887567,0.1485445633690107,0.1433763462372045,0.1453769464172585,654885.0
2022-06-16,0.1453769464172585,0.1485445633690107,0.14471007969057384,0.14721082991564136,676653.0
2022-06-17,0.145877096462272,0.14921143009569537,0.1455436630989297,0.14887799673235305,369155.0
2022-06-20,0.14954486345903772,0.15087859691240707,0.1485445633690107,0.14937814677736655,365171.0
2022-06-21,0.14871128005068188,0.15004501350405122,0.14687739655229903,0.1480444133239972,695372.0
2022-06-22,0.14871128005068188,0.14887799673235305,0.14420992964556034,0.14420992964556034,355530.01
2022-06-23,0.14420992964556034,0.14737754659731253,0.14370977960054684,0.14721082991564136,735523.0
2022-06-24,0.14737754659731253,0.1512120302757494,0.14737754659731253,0.15104531359407825,446989.11
2022-06-27,0.15154546363909174,0.1523790470474476,0.15037844686739357,0.15154546363909174,373216.11
2022-06-28,0.15254576372911874,0.15604681404421328,0.1502117301857224,0.1558800973625421,970333.18
2022-06-29,0.15554666399919978,0.15704711413424027,0.15221233036577642,0.15304591377413226,495949.0
2022-06-30,0.15304591377413226,0.15604681404421328,0.1527124804107899,0.1553799473175286,605164.0
2022-07-01,0.1553799473175286,0.15554666399919978,0.1528791970924611,0.15371278050081694,330079.0
2022-07-04,0.15354606381914576,0.15354606381914576,0.15087859691240707,0.15254576372911874,1271166.0
2022-07-05,0.15254576372911874,0.15354606381914576,0.14954486345903772,0.1512120302757494,455825.86
2022-07-06,0.15054516354906472,0.1533793471374746,0.1497115801407089,0.15171218032076292,752182.16
2022-07-07,0.1502117301857224,0.1528791970924611,0.1497115801407089,0.1527124804107899,477887.16
2022-07-08,0.1527124804107899,0.1548797972725151,0.1527124804107899,0.1532126304558034,469732.0
2022-07-11,0.1532126304558034,0.1532126304558034,0.14871128005068188,0.1502117301857224,464755.0
2022-07-12,0.15004501350405122,0.15087859691240707,0.14687739655229903,0.1470441132339702,472020.0
2022-07-13,0.1470441132339702,0.14954486345903772,0.14687739655229903,0.1485445633690107,267630.0
2022-07-14,0.14821113000566838,0.1533793471374746,0.14821113000566838,0.15204561368410524,447647.0
2022-07-15,0.15087859691240707,0.15387949718248808,0.15037844686739357,0.1512120302757494,443888.0
2022-07-18,0.1512120302757494,0.15454636390917276,0.15054516354906472,0.15454636390917276,502040.0
2022-07-19,0.15454636390917276,0.1573805474975826,0.1543796472275016,0.15721383081591145,807116.0
2022-07-20,0.15721383081591145,0.15921443099596547,0.15654696408922678,0.1590477143142943,649308.0
2022-07-21,0.1585475642692808,0.15988129772265014,0.15721383081591145,0.15721383081591145,477324.0
2022-07-22,0.15788069754259612,0.1585475642692808,0.15454636390917276,0.15604681404421328,607936.0
2022-07-25,0.15604681404421328,0.15621353072588445,0.15221233036577642,0.1533793471374746,420726.0
2022-07-26,0.1523790470474476,0.1543796472275016,0.15221233036577642,0.1543796472275016,346191.0
2022-07-27,0.15404621386415926,0.1548797972725151,0.1527124804107899,0.15454636390917276,385694.0
2022-07-28,0.15504651395418628,0.15771398086092495,0.15504651395418628,0.1553799473175286,403623.0
2022-07-29,0.1553799473175286,0.15671368077089792,0.15404621386415926,0.15421293054583043,457157.0
2022-08-01,0.1533793471374746,0.15704711413424027,0.1527124804107899,0.15671368077089792,733442.0
2022-08-02,0.15504651395418628,0.15604681404421328,0.15154546363909174,0.1532126304558034,595708.0
2022-08-03,0.1532126304558034,0.15754726417925377,0.1532126304558034,0.1548797972725151,513235.0
2022-08-04,0.15571338068087096,0.15621353072588445,0.15371278050081694,0.15554666399919978,416463.0
2022-08-05,0.1558800973625421,0.1610483144943483,0.1553799473175286,0.16088159781267714,511406.0
2022-08-08,0.16071488113100596,0.16088159781267714,0.1590477143142943,0.16038144776766364,333970.0
2022-08-09,0.16038144776766364,0.1620486145843753,0.15871428095095194,0.1620486145843753,531957.0
2022-08-10,0.1605481644493348,0.16188189790270416,0.1600480144043213,0.16071488113100596,423698.0
2022-08-11,0.16071488113100596,0.16488279817278517,0.16071488113100596,0.164716081491114,638515.0
2022-08-12,0.16454936480944285,0.16454936480944285,0.16021473108599246,0.16021473108599246,482382.0
2022-08-15,0.16038144776766364,0.16121503117601949,0.1590477143142943,0.16121503117601949,527847.0
2022-08-16,0.16121503117601949,0.16238204794771766,0.15988129772265014,0.16071488113100596,469798.0
2022-08-17,0.1600480144043213,0.16271548131105998,0.1600480144043213,0.16254876462938883,387711.0
2022-08-18,0.16188189790270416,0.16571638158114102,0.16171518122103298,0.16554966489946984,553023.0
2022-08-19,0.16504951485445635,0.1663832483078257,0.16138174785769063,0.16138174785769063,481266.0
2022-08-22,0.16188189790270416,0.16238204794771766,0.15971458104097896,0.1620486145843753,405430.0
2022-08-23,0.16304891467440233,0.16304891467440233,0.15988129772265014,0.1605481644493348,452417.0
2022-08-24,0.15971458104097896,0.16088159781267714,0.15471308059084393,0.1548797972725151,606325.0
2022-08-25,0.15471308059084393,0.15554666399919978,0.15187889700243407,0.15304591377413226,426106.0
2022-08-26,0.15304591377413226,0.1558800973625421,0.1528791970924611,0.15304591377413226,438248.0
2022-08-29,0.1507118802307359,0.15454636390917276,0.1507118802307359,0.15387949718248808,433147.0
2022-08-30,0.15371278050081694,0.1573805474975826,0.15371278050081694,0.15604681404421328,454523.0
2022-08-31,0.15571338068087096,0.1558800973625421,0.1502117301857224,0.15087859691240707,473219.0
2022-09-01,0.1502117301857224,0.15371278050081694,0.15004501350405122,0.1512120302757494,592086.0
2022-09-02,0.1512120302757494,0.15621353072588445,0.15087859691240707,0.15454636390917276,1003297.0
2022-09-05,0.15454636390917276,0.15521323063585743,0.1527124804107899,0.1543796472275016,489214.0
2022-09-06,0.15404621386415926,0.15704711413424027,0.15354606381914576,0.1568803974525691,460872.0
2022-09-07,0.1568803974525691,0.15838084758760962,0.1553799473175286,0.1568803974525691,499053.0
2022-09-08,0.15671368077089792,0.15804741422426727,0.15554666399919978,0.15621353072588445,408952.0
2022-09-09,0.15621353072588445,0.15621353072588445,0.15354606381914576,0.1548797972725151,366470.0
2022-09-13,0.15504651395418628,0.15654696408922678,0.15454636390917276,0.15521323063585743,317161.0
2022-09-14,0.1533793471374746,0.1543796472275016,0.15254576372911874,0.15354606381914576,412174.0
2022-09-15,0.1532126304558034,0.15387949718248808,0.14737754659731253,0.14904471341402423,529284.0
2022-09-16,0.14787769664232603,0.15004501350405122,0.14621052982561436,0.14637724650728554,377586.0
2022-09-19,0.14637724650728554,0.14654396318895668,0.1433763462372045,0.14404321296388917,455587.0
2022-09-20,0.1455436630989297,0.145877096462272,0.14354306291887567,0.14420992964556034,549067.0
2022-09-21,0.14404321296388917,0.14404321296388917,0.1407088793304658,0.142876196192191,452731.0
2022-09-22,0.14204261278383515,0.14454336300890266,0.14154246273882165,0.142876196192191,380069.0
2022-09-23,0.1423760461471775,0.14304291287386217,0.1385415624687406,0.13987529592210995,365635.0
2022-09-26,0.1385415624687406,0.14170917942049283,0.13837484578706946,0.13937514587709646,318908.0
2022-09-27,0.1397085792404388,0.1433763462372045,0.1397085792404388,0.14304291287386217,444460.0
2022-09-28,0.14304291287386217,0.14304291287386217,0.13870827915041178,0.13887499583208296,464222.0
2022-09-29,0.1397085792404388,0.1407088793304658,0.1377079790603848,0.1385415624687406,319006.0
2022-09-30,0.1382081291053983,0.1385415624687406,0.13587409556200192,0.1360408122436731,435841.0
2022-10-10,0.1350405121536461,0.13620752892534427,0.1308725951118669,0.13153946183855159,513807.0
2022-10-11,0.13287319529192093,0.1345403621086326,0.13153946183855159,0.13337334533693443,422411.0
2022-10-12,0.1335400620186056,0.13904171251375413,0.1323730452469074,0.13887499583208296,857526.0
2022-10-13,0.13887499583208296,0.14170917942049283,0.13787469574205594,0.13987529592210995,527575.0
2022-10-14,0.13987529592210995,0.14254276282884865,0.1397085792404388,0.14154246273882165,559391.0
2022-10-17,0.14154246273882165,0.14354306291887567,0.14087559601213698,0.14254276282884865,763644.0
2022-10-18,0.14254276282884865,0.1453769464172585,0.14220932946550632,0.14420992964556034,419454.0
2022-10-19,0.14370977960054684,0.14420992964556034,0.14187589610216397,0.14187589610216397,369834.0
2022-10-20,0.14137574605715048,0.14404321296388917,0.13987529592210995,0.14204261278383515,509664.0
2022-10-21,0.14320962955553332,0.14454336300890266,0.14204261278383515,0.14370977960054684,441547.0
2022-10-24,0.14370977960054684,0.14654396318895668,0.1412090293754793,0.14320962955553332,540804.0
2022-10-25,0.14254276282884865,0.14437664632723152,0.14087559601213698,0.14254276282884865,421769.0
2022-10-26,0.14170917942049283,0.14637724650728554,0.14104231269380815,0.14487679637224501,393644.0
2022-10-27,0.1453769464172585,0.14637724650728554,0.14270947951051982,0.1433763462372045,404310.0
2022-10-28,0.14270947951051982,0.14404321296388917,0.13920842919542528,0.1397085792404388,626710.0
2022-10-31,0.1385415624687406,0.1450435130539162,0.1385415624687406,0.14354306291887567,540215.97
2022-11-01,0.14354306291887567,0.14437664632723152,0.14087559601213698,0.14420992964556034,731316.0
2022-11-02,0.14437664632723152,0.1455436630989297,0.14254276282884865,0.1450435130539162,1095404.0
2022-11-03,0.1433763462372045,0.145877096462272,0.14304291287386217,0.1453769464172585,621294.0
2022-11-04,0.14521022973558734,0.14821113000566838,0.14471007969057384,0.14737754659731253,864814.0
2022-11-07,0.14721082991564136,0.14721082991564136,0.14370977960054684,0.14671067987062786,887335.0
2022-11-08,0.1455436630989297,0.14721082991564136,0.1450435130539162,0.14687739655229903,354742.0
2022-11-09,0.14654396318895668,0.14687739655229903,0.14437664632723152,0.14471007969057384,764980.0
2022-11-10,0.14437664632723152,0.14487679637224501,0.14220932946550632,0.142876196192191,416487.0
2022-11-11,0.1455436630989297,0.1470441132339702,0.14471007969057384,0.1455436630989297,530183.0
2022-11-14,0.1453769464172585,0.1475442632789837,0.14437664632723152,0.1453769464172585,466513.0
2022-11-15,0.14487679637224501,0.15004501350405122,0.14437664632723152,0.1497115801407089,610447.0
2022-11-16,0.1507118802307359,0.15087859691240707,0.14787769664232603,0.14871128005068188,377652.0
2022-11-17,0.1480444133239972,0.1497115801407089,0.14604381314394319,0.14954486345903772,637398.0
2022-11-18,0.1497115801407089,0.15037844686739357,0.14771097996065488,0.14821113000566838,354547.33
2022-11-21,0.14687739655229903,0.1480444133239972,0.145877096462272,0.14737754659731253,418897.0
2022-11-22,0.14737754659731253,0.1485445633690107,0.1455436630989297,0.14621052982561436,535525.67
2022-11-23,0.14621052982561436,0.14621052982561436,0.1423760461471775,0.14521022973558734,477909.0
2022-11-24,0.14487679637224501,0.14654396318895668,0.14404321296388917,0.14420992964556034,372446.0
2022-11-25,0.142876196192191,0.14404321296388917,0.13987529592210995,0.1402087292854523,1178159.0
2022-11-28,0.13887499583208296,0.13987529592210995,0.13737454569704244,0.13937514587709646,464757.0
2022-11-29,0.13937514587709646,0.14204261278383515,0.13920842919542528,0.14170917942049283,457870.0
2022-11-30,0.14170917942049283,0.14254276282884865,0.1407088793304658,0.14187589610216397,376658.0
2022-12-01,0.1433763462372045,0.1455436630989297,0.142876196192191,0.143876496282218,510407.0
2022-12-02,0.14304291287386217,0.14604381314394319,0.14304291287386217,0.14471007969057384,458975.0
2022-12-05,0.14621052982561436,0.14671067987062786,0.14437664632723152,0.14637724650728554,574898.16
2022-12-06,0.14637724650728554,0.14687739655229903,0.14521022973558734,0.14604381314394319,445980.0
2022-12-07,0.1455436630989297,0.1455436630989297,0.14354306291887567,0.14404321296388917,438659.28
2022-12-08,0.14354306291887567,0.14404321296388917,0.14270947951051982,0.14304291287386217,316811.0
2022-12-09,0.14304291287386217,0.14354306291887567,0.14154246273882165,0.14254276282884865,443632.0
2022-12-12,0.1423760461471775,0.14437664632723152,0.14137574605715048,0.14370977960054684,381219.0
2022-12-13,0.142876196192191,0.1433763462372045,0.14137574605715048,0.14154246273882165,378634.0
2022-12-14,0.14170917942049283,0.14270947951051982,0.1402087292854523,0.14087559601213698,307600.0
2022-12-15,0.14087559601213698,0.14220932946550632,0.13987529592210995,0.14154246273882165,369115.26
2022-12-16,0.1412090293754793,0.1412090293754793,0.13870827915041178,0.13887499583208296,447517.26
2022-12-19,0.13887499583208296,0.13954186255876763,0.1365409622886866,0.13704111233370012,327719.0
2022-12-20,0.13704111233370012,0.13837484578706946,0.1365409622886866,0.13737454569704244,326329.0
2022-12-21,0.13737454569704244,0.1377079790603848,0.13520722883531727,0.13587409556200192,371943.0
2022-12-22,0.13587409556200192,0.1365409622886866,0.13287319529192093,0.13320662865526325,454972.0
2022-12-23,0.1323730452469074,0.13387349538194793,0.1313727451568804,0.13253976192857858,538843.0
2022-12-26,0.13303991197359208,0.13570737888033077,0.13287319529192093,0.13570737888033077,382275.0
2022-12-27,0.13570737888033077,0.13720782901537126,0.13520722883531727,0.13704111233370012,360173.0
2022-12-28,0.1365409622886866,0.13687439565202894,0.1355406621986596,0.13587409556200192,283426.0
2022-12-29,0.13537394551698845,0.13737454569704244,0.13537394551698845,0.13620752892534427,294015.0
2022-12-30,0.13620752892534427,0.13787469574205594,0.13620752892534427,0.13720782901537126,374293.0
2023-01-03,0.13670767897035777,0.14154246273882165,0.13637424560701544,0.14137574605715048,516433.0
2023-01-04,0.14137574605715048,0.14204261278383515,0.1397085792404388,0.14154246273882165,453663.0
2023-01-05,0.14087559601213698,0.14254276282884865,0.14087559601213698,0.1423760461471775,378766.98
2023-01-06,0.14220932946550632,0.14270947951051982,0.1412090293754793,0.1412090293754793,455779.0
2023-01-09,0.14187589610216397,0.142876196192191,0.1407088793304658,0.1412090293754793,380840.0
2023-01-10,0.1423760461471775,0.1423760461471775,0.1407088793304658,0.1412090293754793,389242.0
2023-01-11,0.14137574605715048,0.1423760461471775,0.14037544596712348,0.14037544596712348,413836.0
2023-01-12,0.14104231269380815,0.14187589610216397,0.14054216264879463,0.1412090293754793,331117.0
2023-01-13,0.1412090293754793,0.14187589610216397,0.13954186255876763,0.14104231269380815,337924.0
2023-01-16,0.1412090293754793,0.14370977960054684,0.14104231269380815,0.142876196192191,564458.0
2023-01-17,0.1433763462372045,0.14420992964556034,0.14270947951051982,0.1433763462372045,368632.0
2023-01-18,0.14404321296388917,0.14454336300890266,0.142876196192191,0.14404321296388917,503174.0
2023-01-19,0.1433763462372045,0.14454336300890266,0.1423760461471775,0.14437664632723152,410945.0
2023-01-20,0.14471007969057384,0.14621052982561436,0.14437664632723152,0.1455436630989297,383922.0
2023-01-30,0.14737754659731253,0.14821113000566838,0.14621052982561436,0.14654396318895668,438198.0
2023-01-31,0.14654396318895668,0.1475442632789837,0.145877096462272,0.14621052982561436,355360.0
2023-02-01,0.14621052982561436,0.14887799673235305,0.14571037978060086,0.14871128005068188,488674.0
2023-02-02,0.14871128005068188,0.1502117301857224,0.14787769664232603,0.14821113000566838,386889.0
2023-02-03,0.14821113000566838,0.14921143009569537,0.14621052982561436,0.14887799673235305,527701.0
2023-02-06,0.14871128005068188,0.15087859691240707,0.14821113000566838,0.14904471341402423,1172510.0
2023-02-07,0.14887799673235305,0.15054516354906472,0.14871128005068188,0.15037844686739357,641546.0
2023-02-08,0.1507118802307359,0.15137874695742057,0.14837784668733955,0.14887799673235305,464551.0
2023-02-09,0.14821113000566838,0.15404621386415926,0.14737754659731253,0.15371278050081694,693184.0
2023-02-10,0.15371278050081694,0.15721383081591145,0.1532126304558034,0.15471308059084393,888590.0
2023-02-13,0.15571338068087096,0.15571338068087096,0.15371278050081694,0.1553799473175286,504219.0
2023-02-14,0.15504651395418628,0.15604681404421328,0.15371278050081694,0.15421293054583043,463619.0
2023-02-15,0.15421293054583043,0.15871428095095194,0.15404621386415926,0.15804741422426727,797674.0
2023-02-16,0.15771398086092495,0.16021473108599246,0.15421293054583043,0.1553799473175286,1437041.0
2023-02-17,0.15471308059084393,0.15571338068087096,0.15054516354906472,0.1512120302757494,913947.3
2023-02-20,0.14954486345903772,0.15404621386415926,0.14954486345903772,0.15387949718248808,780773.0
2023-02-21,0.15387949718248808,0.15654696408922678,0.1532126304558034,0.15454636390917276,535191.0
2023-02-22,0.15421293054583043,0.1558800973625421,0.1528791970924611,0.1553799473175286,638437.55
2023-02-23,0.1543796472275016,0.15504651395418628,0.15254576372911874,0.15354606381914576,549391.0
2023-02-24,0.15354606381914576,0.15554666399919978,0.1532126304558034,0.15454636390917276,645164.6
2023-02-27,0.15387949718248808,0.1553799473175286,0.1532126304558034,0.1543796472275016,583144.35
2023-02-28,0.15571338068087096,0.1585475642692808,0.15421293054583043,0.1553799473175286,2058008.0
2023-03-01,0.1553799473175286,0.16021473108599246,0.15504651395418628,0.1595478643593078,973837.0
2023-03-02,0.15938114767763661,0.16338234803774465,0.1585475642692808,0.16071488113100596,2033140.0
2023-03-03,0.1605481644493348,0.16071488113100596,0.15771398086092495,0.16038144776766364,1003481.67
2023-03-06,0.1600480144043213,0.16338234803774465,0.1600480144043213,0.1615484645393618,863894.35
2023-03-07,0.1605481644493348,0.1610483144943483,0.1553799473175286,0.15604681404421328,1039858.0
2023-03-08,0.1543796472275016,0.15921443099596547,0.1543796472275016,0.15888099763262312,1008864.31
2023-03-09,0.15821413090593844,0.1615484645393618,0.15671368077089792,0.16038144776766364,1141923.22
2023-03-10,0.15921443099596547,0.1600480144043213,0.1568803974525691,0.15771398086092495,1022890.63
2023-03-13,0.15621353072588445,0.16188189790270416,0.15304591377413226,0.1615484645393618,1520546.45
2023-03-14,0.1610483144943483,0.16171518122103298,0.15821413090593844,0.16038144776766364,769695.77
2023-03-15,0.16071488113100596,0.16221533126604648,0.15888099763262312,0.15938114767763661,1021434.0
2023-03-16,0.15838084758760962,0.15971458104097896,0.15671368077089792,0.1573805474975826,924383.0
2023-03-17,0.15838084758760962,0.16504951485445635,0.15838084758760962,0.16404921476442932,1363391.31
2023-03-20,0.16538294821779867,0.16955086525957785,0.16521623153612752,0.16621653162615452,1500428.0
2023-03-21,0.16621653162615452,0.1673835483978527,0.164716081491114,0.1672168317161815,786119.72
2023-03-22,0.1672168317161815,0.1755526657997399,0.16705011503451037,0.17505251575472644,1721415.72
2023-03-23,0.17455236570971291,0.18138774965823082,0.17421893234637056,0.1810543162948885,1566267.0
2023-03-24,0.18038744956820382,0.18138774965823082,0.17705311593478046,0.18122103297655964,1979015.0
2023-03-27,0.18038744956820382,0.18305491647494251,0.17705311593478046,0.1810543162948885,2129764.33
2023-03-28,0.1793871494781768,0.18005401620486147,0.17538594911806876,0.17621953252642458,1388887.0
2023-03-29,0.17621953252642458,0.17888699943316327,0.17438564902804177,0.17688639925310926,1738852.0
2023-03-30,0.17638624920809579,0.17705311593478046,0.17021773198626253,0.17338534893801474,1297530.0
2023-03-31,0.1735520656196859,0.17738654929812278,0.17121803207628955,0.1772198326164516,1450100.0
2023-04-03,0.1767196825714381,0.1840552165649695,0.17621953252642458,0.18388849988329833,1644789.0
2023-04-04,0.182554766429929,0.18538895001833886,0.18138774965823082,0.18388849988329833,1170806.47
2023-04-06,0.18155446633990197,0.19272448401187023,0.18155446633990197,0.19055716715014506,1604911.82
2023-04-07,0.19222433396685673,0.19505851755526657,0.1907238838318162,0.19472508419192425,1919790.0
2023-04-10,0.1943916508285819,0.19639225100863592,0.18622253342669468,0.18755626688006402,2117421.0
2023-04-11,0.1867226834717082,0.18905671701510451,0.18388849988329833,0.18788970024340637,1670074.0
2023-04-12,0.1872228335167217,0.19505851755526657,0.1867226834717082,0.19322463405688375,1592353.0
2023-04-13,0.19122403387682974,0.19305791737521255,0.1837217832016272,0.18505551665499653,1844346.0
2023-04-14,0.18522223333666768,0.1867226834717082,0.18138774965823082,0.18605581674502353,1336884.81
2023-04-17,0.18538895001833886,0.18538895001833886,0.18172118302157317,0.18322163315661366,1219181.75
2023-04-18,0.18305491647494251,0.1918909006035144,0.18138774965823082,0.18955686706011804,2151217.0
2023-04-19,0.18905671701510451,0.19322463405688375,0.18638925010836588,0.1867226834717082,2025572.33
2023-04-20,0.1872228335167217,0.1955586676002801,0.1872228335167217,0.1955586676002801,1792783.33
2023-04-21,0.19539195091860892,0.19539195091860892,0.18555566670001,0.18555566670001,1682941.28
2023-04-24,0.18588910006335235,0.19205761728518556,0.18588910006335235,0.1897235837417892,1870929.33
2023-04-25,0.18755626688006402,0.18855656697009104,0.18005401620486147,0.18238804974825784,3168882.0
2023-04-26,0.18138774965823082,0.18322163315661366,0.1747190823913841,0.17588609916308226,1840443.0
2023-04-27,0.17305191557467242,0.17538594911806876,0.1710513153946184,0.17221833216631655,1751597.0
2023-04-28,0.17221833216631655,0.1808875996132173,0.17188489880297422,0.1783868493881498,1634611.57
2023-05-04,0.17705311593478046,0.1782201327064786,0.17221833216631655,0.17455236570971291,978344.0
2023-05-05,0.1737187823013571,0.17421893234637056,0.16771698176119504,0.16888399853289318,1540616.0
2023-05-08,0.16888399853289318,0.17271848221133007,0.16688339835283916,0.17238504884798775,1258839.0
2023-05-09,0.1708845987129472,0.1757193824814111,0.17021773198626253,0.17021773198626253,2244098.0
2023-05-10,0.1693841485779067,0.17288519889300122,0.16688339835283916,0.1683838484878797,1329862.0
2023-05-11,0.1682171318062085,0.17005101530459138,0.16688339835283916,0.16755026507952384,1089685.96
2023-05-12,0.16705011503451037,0.16905071521456438,0.16571638158114102,0.16621653162615452,676521.0
2023-05-15,0.16671668167116802,0.17005101530459138,0.16338234803774465,0.16971758194124906,1717505.0
2023-05-16,0.16971758194124906,0.16971758194124906,0.1663832483078257,0.1672168317161815,968917.2
2023-05-17,0.16604981494448334,0.1708845987129472,0.16604981494448334,0.17038444866793373,909318.2
2023-05-18,0.17305191557467242,0.17972058284151915,0.17221833216631655,0.17922043279650562,1769189.0
2023-05-19,0.1767196825714381,0.1798872995231903,0.17655296588976693,0.1782201327064786,6327415.2
2023-05-22,0.17755326597979393,0.17805341602480745,0.17288519889300122,0.17405221566469942,1219283.0
2023-05-23,0.1737187823013571,0.17438564902804177,0.1708845987129472,0.1708845987129472,1163701.0
2023-05-24,0.17005101530459138,0.17505251575472644,0.16921743189623553,0.17155146543963187,1350247.0
2023-05-25,0.17621953252642458,0.17972058284151915,0.17221833216631655,0.17638624920809579,3075090.99
2023-05-26,0.17588609916308226,0.18022073288653262,0.1747190823913841,0.17888699943316327,1805231.64
2023-05-29,0.18072088293154615,0.18522223333666768,0.18072088293154615,0.1820546163849155,1821894.0
2023-05-30,0.18172118302157317,0.1867226834717082,0.1798872995231903,0.18605581674502353,2103777.62
2023-05-31,0.184555366609983,0.18805641692507752,0.1840552165649695,0.18738955019839287,1536444.0
2023-06-01,0.1857223833816812,0.19039045046847386,0.18472208329165418,0.18889000033343337,1420032.23
2023-06-02,0.1898903004234604,0.1907238838318162,0.18805641692507752,0.18922343369677572,1159272.88
2023-06-05,0.18905671701510451,0.19539195091860892,0.18838985028841984,0.1928912006935414,1520672.0
2023-06-06,0.19205761728518556,0.19389150078356843,0.18688940015337935,0.18755626688006402,2356885.39
2023-06-07,0.1867226834717082,0.19055716715014506,0.18638925010836588,0.1882231336067487,1102735.39
2023-06-08,0.1867226834717082,0.18705611683505055,0.18305491647494251,0.18522223333666768,1735394.5
2023-06-09,0.18522223333666768,0.19405821746523957,0.18388849988329833,0.1928912006935414,2092488.0
2023-06-12,0.19272448401187023,0.19622553432696477,0.19139075055850088,0.19472508419192425,1717527.0
2023-06-13,0.19322463405688375,0.1992264345970458,0.19222433396685673,0.1990597179153746,1656209.0
2023-06-14,0.19855956787036114,0.20489480177386551,0.1972258344169918,0.20322763495715385,3265102.0
2023-06-15,0.20306091827548264,0.2095628688606582,0.20306091827548264,0.20472808509219434,2027781.0
2023-06-16,0.20222733486712682,0.2153979527191491,0.20222733486712682,0.21506451935580675,3721730.0
2023-06-19,0.21589810276416257,0.2264012537094462,0.21473108599246443,0.22573438698276152,2752854.0
2023-06-20,0.22290020339435165,0.22923543729785603,0.2198993031242706,0.22906872061618488,2886264.86
2023-06-21,0.2269014037544597,0.227234837117802,0.21873228635257247,0.21923243639758594,2308630.68
2023-06-26,0.21573138608249143,0.21923243639758594,0.2090627188156447,0.21106331899569872,2810030.55
2023-06-27,0.2105631689506852,0.21389750258410856,0.20789570204394656,0.2127304858124104,1791171.0
2023-06-28,0.2107298856323564,0.2107298856323564,0.2017271848221133,0.20622853522723486,2867072.0
2023-06-29,0.20589510186389254,0.21473108599246443,0.20589510186389254,0.21389750258410856,1912175.0
2023-06-30,0.2125637691307392,0.22123303657763996,0.21106331899569872,0.21839885298923012,2029538.5
2023-07-03,0.2190657197159148,0.2198993031242706,0.21039645226901404,0.21606481944583378,2099729.05
2023-07-04,0.21473108599246443,0.22006601980594181,0.21389750258410856,0.21773198626254545,1386934.0
2023-07-05,0.21673168617251845,0.2178987029442166,0.21139675235904107,0.2122303357673969,2049499.23
2023-07-06,0.21156346904071222,0.21739855289920312,0.21039645226901404,0.21306391917575274,1750363.94
2023-07-07,0.21139675235904107,0.21456436931079323,0.2065619685905772,0.2122303357673969,1494511.0
2023-07-10,0.21239705244906806,0.21306391917575274,0.20672868527224836,0.20939615217898705,1347487.6
2023-07-11,0.20922943549731585,0.2142309359474509,0.20872928545230238,0.21323063585742388,1340983.0
2023-07-12,0.2127304858124104,0.2127304858124104,0.20222733486712682,0.20272748491214032,4857363.0
2023-07-13,0.20372778500216732,0.21106331899569872,0.20322763495715385,0.21039645226901404,1836109.0
2023-07-14,0.21356406922076623,0.21973258644259946,0.2125637691307392,0.21756526958087427,1827604.91
2023-07-17,0.2153979527191491,0.22023273648761296,0.2152312360374779,0.21856556967090127,1696044.0
2023-07-18,0.21739855289920312,0.21823213630755894,0.2122303357673969,0.2127304858124104,1310898.0
2023-07-19,0.2137307859024374,0.2153979527191491,0.21022973558734287,0.2105631689506852,930312.23
2023-07-20,0.2105631689506852,0.2107298856323564,0.19839285118868993,0.19972658464205928,1780625.31
2023-07-21,0.19839285118868993,0.20039345136874395,0.19639225100863592,0.1992264345970458,1245230.28
2023-07-24,0.19739255109866294,0.20506151845553666,0.1972258344169918,0.2007268847320863,1747346.0
2023-07-25,0.20206061818545565,0.206395251908906,0.19989330132373048,0.2028942015938115,1763166.32
2023-07-26,0.20206061818545565,0.20206061818545565,0.19639225100863592,0.1982261345070188,1342297.07
2023-07-27,0.1972258344169918,0.1990597179153746,0.1945583675102531,0.19589210096362245,1602881.77
2023-07-28,0.19505851755526657,0.1980594178253476,0.19422493414691075,0.19639225100863592,2143435.73
2023-07-31,0.1945583675102531,0.19872628455203228,0.1945583675102531,0.19639225100863592,1338756.0
2023-08-01,0.19505851755526657,0.20122703477709983,0.19405821746523957,0.20056016805041516,2275294.56
2023-08-02,0.19955986796038813,0.2018939015037845,0.19872628455203228,0.20006001800540163,964665.0
2023-08-03,0.19839285118868993,0.20089360141375748,0.19655896769030712,0.19839285118868993,1383737.0
2023-08-04,0.1972258344169918,0.205394951818879,0.1972258344169918,0.20506151845553666,2276031.09
2023-08-07,0.20506151845553666,0.2107298856323564,0.20206061818545565,0.20406121836550967,3218107.0
2023-08-08,0.20306091827548264,0.2055616685005502,0.20056016805041516,0.2007268847320863,1876912.91
2023-08-09,0.1992264345970458,0.20006001800540163,0.19372478410189722,0.19472508419192425,2307130.0
2023-08-10,0.19272448401187023,0.19405821746523957,0.19055716715014506,0.19205761728518556,1400708.91
2023-08-11,0.19222433396685673,0.19372478410189722,0.1887232836517622,0.18922343369677572,942370.0
2023-08-14,0.18738955019839287,0.1907238838318162,0.18638925010836588,0.19055716715014506,1211656.0
2023-08-15,0.19222433396685673,0.19405821746523957,0.18738955019839287,0.18889000033343337,1443383.0
2023-08-16,0.18705611683505055,0.18788970024340637,0.1837217832016272,0.18488879997332533,1564988.0
2023-08-17,0.18388849988329833,0.1882231336067487,0.18172118302157317,0.18705611683505055,1673290.0
2023-08-18,0.18688940015337935,0.18705611683505055,0.1808875996132173,0.1810543162948885,1291461.0
2023-08-21,0.18038744956820382,0.18522223333666768,0.18038744956820382,0.18155446633990197,1439763.0
2023-08-22,0.18388849988329833,0.18955686706011804,0.1820546163849155,0.18939015037844686,2147588.0
2023-08-23,0.18772298356173517,0.18772298356173517,0.18138774965823082,0.18188789970324432,1805948.0
2023-08-24,0.18522223333666768,0.1872228335167217,0.18172118302157317,0.18322163315661366,1869863.0
2023-08-25,0.17955386615984795,0.17955386615984795,0.17321863225634357,0.17421893234637056,1516871.0
2023-08-28,0.18338834983828484,0.1837217832016272,0.17705311593478046,0.1772198326164516,1918594.0
2023-08-29,0.1767196825714381,0.18522223333666768,0.1755526657997399,0.1840552165649695,1605841.0
2023-08-30,0.184555366609983,0.1898903004234604,0.18438864992831186,0.18705611683505055,1561625.17
2023-08-31,0.18638925010836588,0.18855656697009104,0.18522223333666768,0.18738955019839287,1553962.0
2023-09-01,0.1867226834717082,0.1872228335167217,0.1828881997932713,0.18438864992831186,1083637.0
2023-09-04,0.184555366609983,0.18705611683505055,0.18338834983828484,0.18688940015337935,1435916.0
2023-09-05,0.18638925010836588,0.18638925010836588,0.18272148311160016,0.1837217832016272,1328346.0
2023-09-06,0.18222133306658664,0.18505551665499653,0.18022073288653262,0.18438864992831186,1134423.37
2023-09-07,0.18438864992831186,0.18438864992831186,0.1793871494781768,0.17972058284151915,1076406.37
2023-09-08,0.17805341602480745,0.1820546163849155,0.17688639925310926,0.1808875996132173,1206686.91
2023-09-11,0.1810543162948885,0.18755626688006402,0.18038744956820382,0.18522223333666768,1545759.0
2023-09-12,0.1837217832016272,0.1867226834717082,0.18305491647494251,0.18505551665499653,906794.0
2023-09-13,0.182554766429929,0.18438864992831186,0.1793871494781768,0.18072088293154615,1177887.0
2023-09-14,0.18055416624987497,0.1840552165649695,0.1798872995231903,0.1808875996132173,1166709.58
2023-09-15,0.1808875996132173,0.1810543162948885,0.17621953252642458,0.17738654929812278,1030334.0
2023-09-18,0.17605281584475344,0.17888699943316327,0.17538594911806876,0.17588609916308226,1271783.0
2023-09-19,0.1752192324363976,0.17621953252642458,0.1720516154846454,0.17388549898302824,1024570.14
2023-09-20,0.1737187823013571,0.17688639925310926,0.17338534893801474,0.17338534893801474,1343285.14
2023-09-21,0.17238504884798775,0.17738654929812278,0.17221833216631655,0.17438564902804177,1323666.0
2023-09-22,0.1735520656196859,0.18522223333666768,0.17338534893801474,0.18505551665499653,2539358.88
2023-09-25,0.18488879997332533,0.18505551665499653,0.1810543162948885,0.18222133306658664,1730928.17
2023-09-26,0.18222133306658664,0.1857223833816812,0.18138774965823082,0.18272148311160016,1996377.0
2023-09-27,0.18138774965823082,0.18472208329165418,0.18138774965823082,0.18355506651995598,1276732.77
2023-09-28,0.1840552165649695,0.1872228335167217,0.18388849988329833,0.18622253342669468,1830321.03
2023-10-09,0.18488879997332533,0.1867226834717082,0.1828881997932713,0.18538895001833886,1803825.33
2023-10-10,0.18538895001833886,0.1872228335167217,0.184555366609983,0.18655596679003703,1083434.0
2023-10-11,0.18655596679003703,0.1902237337868027,0.18555566670001,0.1887232836517622,1671532.0
2023-10-12,0.18905671701510451,0.18955686706011804,0.18622253342669468,0.18705611683505055,1230624.0
2023-10-13,0.1857223833816812,0.1867226834717082,0.1837217832016272,0.184555366609983,1098300.27
2023-10-16,0.1837217832016272,0.18438864992831186,0.18055416624987497,0.18188789970324432,1114234.77
2023-10-17,0.18172118302157317,0.18338834983828484,0.17972058284151915,0.1820546163849155,842968.04
2023-10-18,0.1793871494781768,0.17955386615984795,0.17505251575472644,0.1772198326164516,1400339.91
2023-10-19,0.1752192324363976,0.17805341602480745,0.17388549898302824,0.17438564902804177,965926.62
2023-10-20,0.17338534893801474,0.1755526657997399,0.1693841485779067,0.16955086525957785,1263614.56
2023-10-23,0.1673835483978527,0.16905071521456438,0.16338234803774465,0.164716081491114,1469194.7
2023-10-24,0.16538294821779867,0.16771698176119504,0.16304891467440233,0.16504951485445635,955685.11
2023-10-25,0.16438264812777167,0.16621653162615452,0.16288219799273115,0.16354906471941583,1189926.0
2023-10-26,0.16254876462938883,0.1673835483978527,0.1620486145843753,0.16688339835283916,1238111.75
2023-10-27,0.16538294821779867,0.1673835483978527,0.16354906471941583,0.16705011503451037,1342614.5
2023-10-30,0.16604981494448334,0.17005101530459138,0.16504951485445635,0.16955086525957785,1703322.46
2023-10-31,0.16888399853289318,0.1693841485779067,0.16538294821779867,0.16688339835283916,1115798.23
2023-11-01,0.16688339835283916,0.16805041512453736,0.16488279817278517,0.16554966489946984,809039.0
2023-11-02,0.16671668167116802,0.16705011503451037,0.16388249808275818,0.16388249808275818,766673.0
2023-11-03,0.16388249808275818,0.16905071521456438,0.16388249808275818,0.1682171318062085,1654858.0
2023-11-06,0.16955086525957785,0.17238504884798775,0.16855056516955086,0.17221833216631655,1758612.0
2023-11-07,0.17188489880297422,0.17755326597979393,0.17005101530459138,0.1757193824814111,2269167.0
2023-11-08,0.1752192324363976,0.1767196825714381,0.1735520656196859,0.17538594911806876,1829404.0
2023-11-09,0.17538594911806876,0.17771998266146513,0.17388549898302824,0.17605281584475344,1455777.0
2023-11-10,0.17488579907305524,0.1772198326164516,0.17421893234637056,0.1747190823913841,1100460.0
2023-11-13,0.17638624920809579,0.1808875996132173,0.17638624920809579,0.1793871494781768,1806899.0
2023-11-14,0.17955386615984795,0.18188789970324432,0.17855356606982095,0.18055416624987497,933325.0
2023-11-15,0.18238804974825784,0.1828881997932713,0.1782201327064786,0.18038744956820382,1146330.0
2023-11-16,0.17972058284151915,0.18022073288653262,0.17688639925310926,0.17705311593478046,1029166.0
2023-11-17,0.17605281584475344,0.1808875996132173,0.17605281584475344,0.18038744956820382,1490009.93
2023-11-20,0.18038744956820382,0.18138774965823082,0.17788669934313628,0.18005401620486147,1048470.0
2023-11-21,0.18022073288653262,0.18138774965823082,0.17705311593478046,0.17805341602480745,817189.0
2023-11-22,0.17705311593478046,0.1772198326164516,0.17288519889300122,0.17321863225634357,1075662.92
2023-11-23,0.1725517655296589,0.17505251575472644,0.17155146543963187,0.17455236570971291,835749.0
2023-11-24,0.17488579907305524,0.17488579907305524,0.17005101530459138,0.1708845987129472,1295561.0
2023-11-27,0.17055116534960488,0.17271848221133007,0.1698842986229202,0.17188489880297422,689181.0
2023-11-28,0.17121803207628955,0.1720516154846454,0.16971758194124906,0.17155146543963187,597108.0
2023-11-29,0.1708845987129472,0.17221833216631655,0.1698842986229202,0.17038444866793373,662647.0
2023-11-30,0.17005101530459138,0.17071788203127605,0.1682171318062085,0.1698842986229202,642552.1
2023-12-01,0.1693841485779067,0.1747190823913841,0.16855056516955086,0.1737187823013571,1147645.1
2023-12-04,0.1737187823013571,0.1755526657997399,0.1720516154846454,0.17271848221133007,1200039.0
2023-12-05,0.1720516154846454,0.17238504884798775,0.16805041512453736,0.1682171318062085,933459.6
2023-12-06,0.1673835483978527,0.1693841485779067,0.16705011503451037,0.16771698176119504,669908.0
2023-12-07,0.16805041512453736,0.17055116534960488,0.1672168317161815,0.16971758194124906,1114174.47
2023-12-08,0.1698842986229202,0.17888699943316327,0.16905071521456438,0.1772198326164516,2500498.0
2023-12-11,0.17605281584475344,0.17955386615984795,0.1737187823013571,0.1793871494781768,1759343.0
2023-12-12,0.1783868493881498,0.17922043279650562,0.17505251575472644,0.1767196825714381,1879944.83
2023-12-13,0.17621953252642458,0.17688639925310926,0.1737187823013571,0.1737187823013571,1229478.0
2023-12-14,0.17505251575472644,0.17755326597979393,0.17305191557467242,0.17388549898302824,1885515.0
2023-12-15,0.1737187823013571,0.17455236570971291,0.17038444866793373,0.17155146543963187,1229305.0
2023-12-18,0.17038444866793373,0.1720516154846454,0.16955086525957785,0.17005101530459138,988785.0
2023-12-19,0.1693841485779067,0.1710513153946184,0.1682171318062085,0.17021773198626253,805820.0
2023-12-20,0.17021773198626253,0.17038444866793373,0.16554966489946984,0.1658830982628122,1556661.0
2023-12-21,0.16454936480944285,0.17038444866793373,0.16404921476442932,0.1682171318062085,1342972.0
2023-12-22,0.16688339835283916,0.1693841485779067,0.16538294821779867,0.1658830982628122,1173800.0
2023-12-25,0.16571638158114102,0.1683838484878797,0.16538294821779867,0.16705011503451037,878817.0
2023-12-26,0.16705011503451037,0.16705011503451037,0.1620486145843753,0.1632156313560735,933984.0
2023-12-27,0.16338234803774465,0.16488279817278517,0.16254876462938883,0.1642159314461005,1009086.0
2023-12-28,0.16338234803774465,0.17005101530459138,0.16338234803774465,0.16955086525957785,1197319.0
2023-12-29,0.16921743189623553,0.17321863225634357,0.1683838484878797,0.17238504884798775,1633092.0
2024-01-02,0.1720516154846454,0.1725517655296589,0.16855056516955086,0.16871728185122203,917814.65
2024-01-03,0.16805041512453736,0.16855056516955086,0.16454936480944285,0.16554966489946984,1108568.65
2024-01-04,0.16554966489946984,0.1658830982628122,0.1632156313560735,0.16404921476442932,721315.0
2024-01-05,0.163715781401087,0.16404921476442932,0.15838084758760962,0.15971458104097896,1357166.0
2024-01-08,0.1590477143142943,0.15921443099596547,0.1553799473175286,0.15554666399919978,936056.0
2024-01-09,0.15704711413424027,0.15888099763262312,0.15554666399919978,0.15671368077089792,895865.0
2024-01-10,0.15571338068087096,0.15721383081591145,0.1528791970924611,0.15421293054583043,913777.0
2024-01-11,0.15421293054583043,0.1590477143142943,0.15421293054583043,0.15871428095095194,1029890.0
2024-01-12,0.15771398086092495,0.15771398086092495,0.1548797972725151,0.1553799473175286,801549.0
2024-01-15,0.15371278050081694,0.15721383081591145,0.15354606381914576,0.15554666399919978,743232.0
2024-01-16,0.15504651395418628,0.15621353072588445,0.1532126304558034,0.1558800973625421,747135.0
2024-01-17,0.1548797972725151,0.15654696408922678,0.1528791970924611,0.15304591377413226,856453.0
2024-01-18,0.1512120302757494,0.16038144776766364,0.15087859691240707,0.15938114767763661,2248146.0
2024-01-19,0.15838084758760962,0.1605481644493348,0.15804741422426727,0.15838084758760962,1345257.28
2024-01-22,0.16021473108599246,0.16088159781267714,0.1527124804107899,0.15371278050081694,1960238.91
2024-01-23,0.1532126304558034,0.1595478643593078,0.1523790470474476,0.15838084758760962,1604991.0
2024-01-24,0.15871428095095194,0.15988129772265014,0.1527124804107899,0.1595478643593078,1934535.0
2024-01-25,0.15888099763262312,0.16504951485445635,0.15771398086092495,0.16504951485445635,1696694.0
2024-01-26,0.16271548131105998,0.163715781401087,0.15971458104097896,0.16038144776766364,1539663.0
2024-01-29,0.1600480144043213,0.1600480144043213,0.15171218032076292,0.15204561368410524,1689947.0
2024-01-30,0.15054516354906472,0.15204561368410524,0.1470441132339702,0.14721082991564136,1613524.99
2024-01-31,0.1455436630989297,0.1480444133239972,0.1433763462372045,0.1433763462372045,1242711.99
2024-02-01,0.14137574605715048,0.15154546363909174,0.14104231269380815,0.14787769664232603,2510785.44
2024-02-02,0.14687739655229903,0.15054516354906472,0.1402087292854523,0.143876496282218,1451621.0
2024-02-05,0.14304291287386217,0.14687739655229903,0.13670767897035777,0.14270947951051982,1602587.36
2024-02-06,0.1385415624687406,0.15254576372911874,0.13837484578706946,0.1523790470474476,1972817.95
2024-02-07,0.1523790470474476,0.15654696408922678,0.1512120302757494,0.1558800973625421,1454213.3
2024-02-08,0.15671368077089792,0.16454936480944285,0.15671368077089792,0.16021473108599246,1502295.29
2024-02-19,0.16504951485445635,0.17455236570971291,0.16271548131105998,0.17405221566469942,3371980.89
2024-02-20,0.1708845987129472,0.17438564902804177,0.16871728185122203,0.17321863225634357,2556017.01
2024-02-21,0.1693841485779067,0.1737187823013571,0.1682171318062085,0.16971758194124906,2729290.1
2024-02-22,0.1735520656196859,0.17488579907305524,0.17021773198626253,0.17405221566469942,2663013.14
2024-02-23,0.1767196825714381,0.17788669934313628,0.17288519889300122,0.17455236570971291,2134291.14
2024-02-26,0.17288519889300122,0.17638624920809579,0.17155146543963187,0.17421893234637056,1957918.26
2024-02-27,0.17338534893801474,0.18755626688006402,0.17271848221133007,0.18588910006335235,3697715.0
2024-02-28,0.18588910006335235,0.18755626688006402,0.17438564902804177,0.17455236570971291,3964360.0
2024-02-29,0.17455236570971291,0.18488879997332533,0.17438564902804177,0.18422193324664066,3280599.72
2024-03-01,0.18438864992831186,0.19305791737521255,0.18422193324664066,0.19205761728518556,4284417.44
2024-03-04,0.19505851755526657,0.19872628455203228,0.19039045046847386,0.19655896769030712,3525916.58
2024-03-05,0.19322463405688375,0.20239405154879797,0.1918909006035144,0.19505851755526657,4554465.0
2024-03-06,0.19255776733019908,0.1975592677803341,0.19239105064852788,0.19522523423693777,3081656.69
2024-03-07,0.19622553432696477,0.1982261345070188,0.1902237337868027,0.19105731719515853,3645075.0
2024-03-08,0.1928912006935414,0.20206061818545565,0.19122403387682974,0.2018939015037845,5771563.66
2024-03-11,0.19589210096362245,0.20222733486712682,0.19422493414691075,0.20139375145877098,4965629.66
2024-03-12,0.19972658464205928,0.20256076823046917,0.19572538428195124,0.19855956787036114,3833128.38
2024-03-13,0.20139375145877098,0.204394651728852,0.19789270114367646,0.19839285118868993,4438714.89
2024-03-14,0.19422493414691075,0.1990597179153746,0.19372478410189722,0.1972258344169918,3663786.99
2024-03-15,0.19572538428195124,0.2028942015938115,0.19422493414691075,0.2018939015037845,4046108.99
2024-03-18,0.2018939015037845,0.2080624187256177,0.2017271848221133,0.2065619685905772,3299486.8
2024-03-19,0.20506151845553666,0.20822913540728888,0.20272748491214032,0.2055616685005502,2885901.13
2024-03-20,0.204394651728852,0.2080624187256177,0.2018939015037845,0.20422793504718084,3063667.13
2024-03-21,0.20389450168383852,0.20589510186389254,0.20222733486712682,0.20256076823046917,2522150.0
2024-03-22,0.20156046814044215,0.20372778500216732,0.19855956787036114,0.20056016805041516,2646227.4
2024-03-25,0.20039345136874395,0.20322763495715385,0.19639225100863592,0.19672568437197827,2264266.51
2024-03-26,0.19522523423693777,0.1992264345970458,0.1887232836517622,0.19222433396685673,3322225.96
2024-03-27,0.19105731719515853,0.19255776733019908,0.18438864992831186,0.18472208329165418,2840227.69
2024-03-28,0.18438864992831186,0.1933913507385549,0.18438864992831186,0.1902237337868027,2937553.94
2024-03-29,0.18905671701510451,0.1928912006935414,0.18638925010836588,0.19272448401187023,2894890.55
2024-04-01,0.1933913507385549,0.19772598446200526,0.19272448401187023,0.1975592677803341,2564775.31
2024-04-02,0.19672568437197827,0.19789270114367646,0.19272448401187023,0.1943916508285819,2372751.16
2024-04-03,0.1933913507385549,0.1933913507385549,0.18772298356173517,0.18805641692507752,2426896.0
2024-04-08,0.18638925010836588,0.19139075055850088,0.18588910006335235,0.1882231336067487,2656180.67
2024-04-09,0.18805641692507752,0.18905671701510451,0.18472208329165418,0.18805641692507752,1808308.99
2024-04-10,0.18638925010836588,0.1867226834717082,0.18138774965823082,0.18222133306658664,2072003.41
2024-04-11,0.18172118302157317,0.18622253342669468,0.18172118302157317,0.18322163315661366,2114806.0
2024-04-12,0.18505551665499653,0.19239105064852788,0.18488879997332533,0.18855656697009104,3214739.0
2024-04-15,0.18738955019839287,0.1917241839218432,0.18688940015337935,0.19055716715014506,2228922.42
2024-04-16,0.1882231336067487,0.18922343369677572,0.1840552165649695,0.18422193324664066,2202139.42
2024-04-17,0.18638925010836588,0.19239105064852788,0.18588910006335235,0.19239105064852788,2843704.37
2024-04-18,0.1902237337868027,0.19589210096362245,0.18772298356173517,0.19255776733019908,2737804.34
2024-04-19,0.19055716715014506,0.19205761728518556,0.18522223333666768,0.18838985028841984,2536580.5
2024-04-22,0.18138774965823082,0.18522223333666768,0.1783868493881498,0.1840552165649695,2412293.03
2024-04-23,0.18438864992831186,0.18622253342669468,0.18188789970324432,0.18322163315661366,1514441.13
2024-04-24,0.18505551665499653,0.19122403387682974,0.1828881997932713,0.19055716715014506,3086180.07
2024-04-25,0.1882231336067487,0.18955686706011804,0.1867226834717082,0.18738955019839287,2247177.12
2024-04-26,0.1898903004234604,0.19872628455203228,0.1898903004234604,0.1972258344169918,4053406.81
2024-04-29,0.19955986796038813,0.20156046814044215,0.19855956787036114,0.2007268847320863,2614199.69
2024-04-30,0.20122703477709983,0.20239405154879797,0.1980594178253476,0.1982261345070188,2251736.8
2024-05-06,0.2018939015037845,0.20306091827548264,0.1980594178253476,0.19889300123370346,2124342.02
2024-05-07,0.19989330132373048,0.20089360141375748,0.19422493414691075,0.19672568437197827,2836777.76
2024-05-08,0.19505851755526657,0.19689240105364944,0.19372478410189722,0.1945583675102531,1854497.5
2024-05-09,0.19389150078356843,0.19572538428195124,0.19205761728518556,0.19522523423693777,2668283.98
2024-05-10,0.1943916508285819,0.1945583675102531,0.19105731719515853,0.19355806742022608,2162557.0
2024-05-13,0.19239105064852788,0.1955586676002801,0.19222433396685673,0.19355806742022608,2150145.0
2024-05-14,0.1933913507385549,0.19539195091860892,0.19005701710513154,0.1918909006035144,2313231.0
2024-05-15,0.19139075055850088,0.19489180087359542,0.1902237337868027,0.19089060051348739,2116434.0
2024-05-16,0.1945583675102531,0.1972258344169918,0.1928912006935414,0.19372478410189722,4241183.0
2024-05-17,0.19205761728518556,0.19572538428195124,0.19055716715014506,0.19572538428195124,2875962.1
2024-05-20,0.19405821746523957,0.1982261345070188,0.1917241839218432,0.19789270114367646,2975738.0
2024-05-21,0.1972258344169918,0.1980594178253476,0.19539195091860892,0.1960588176452936,2668670.0
2024-05-22,0.19572538428195124,0.19589210096362245,0.19372478410189722,0.1945583675102531,1556859.0
2024-05-23,0.19639225100863592,0.19739255109866294,0.19039045046847386,0.19255776733019908,3157808.0
2024-05-24,0.19139075055850088,0.19622553432696477,0.18688940015337935,0.1872228335167217,3372463.92
2024-05-27,0.18805641692507752,0.19055716715014506,0.18688940015337935,0.1898903004234604,2024289.0
2024-05-28,0.1887232836517622,0.19122403387682974,0.1867226834717082,0.18705611683505055,2725150.0
2024-05-29,0.18838985028841984,0.18939015037844686,0.1857223833816812,0.18655596679003703,1291346.04
2024-05-30,0.18555566670001,0.1872228335167217,0.1837217832016272,0.18622253342669468,1353228.9
2024-05-31,0.18522223333666768,0.18922343369677572,0.18388849988329833,0.18555566670001,1272157.0
2024-06-03,0.18538895001833886,0.19105731719515853,0.18538895001833886,0.18889000033343337,2703901.0
2024-06-04,0.18889000033343337,0.19055716715014506,0.1872228335167217,0.19005701710513154,1791512.0
2024-06-05,0.18955686706011804,0.19039045046847386,0.1872228335167217,0.18738955019839287,1260489.0
2024-06-06,0.19039045046847386,0.19372478410189722,0.18805641692507752,0.18905671701510451,2885929.0
2024-06-07,0.18889000033343337,0.18955686706011804,0.18272148311160016,0.18438864992831186,2366856.0
2024-06-11,0.18305491647494251,0.18638925010836588,0.18305491647494251,0.18605581674502353,1229051.0
2024-06-12,0.18605581674502353,0.18955686706011804,0.1857223833816812,0.18705611683505055,1216221.0
2024-06-13,0.1882231336067487,0.19305791737521255,0.1872228335167217,0.1907238838318162,2540413.0
2024-06-14,0.19055716715014506,0.2017271848221133,0.1897235837417892,0.19939315127871696,3708279.88
2024-06-17,0.19972658464205928,0.20322763495715385,0.19972658464205928,0.20156046814044215,1952994.3
2024-06-18,0.20106031809542863,0.20922943549731585,0.20106031809542863,0.20672868527224836,1915743.65
2024-06-19,0.2090627188156447,0.20922943549731585,0.20472808509219434,0.20522823513720787,1477207.25
2024-06-20,0.20506151845553666,0.20706211863559068,0.20222733486712682,0.20256076823046917,1407283.0
2024-06-21,0.19939315127871696,0.20472808509219434,0.1982261345070188,0.20306091827548264,1563844.0
2024-06-24,0.20122703477709983,0.20356106832049617,0.19622553432696477,0.19655896769030712,1180925.0
2024-06-25,0.19422493414691075,0.19522523423693777,0.18889000033343337,0.19039045046847386,1662816.0
2024-06-26,0.1928912006935414,0.19672568437197827,0.19139075055850088,0.19622553432696477,1594509.0
2024-06-27,0.1943916508285819,0.19572538428195124,0.19155746724017206,0.1917241839218432,1321330.0
2024-06-28,0.19139075055850088,0.19889300123370346,0.19055716715014506,0.19639225100863592,1969282.36
2024-07-01,0.19589210096362245,0.20106031809542863,0.1943916508285819,0.19972658464205928,2117960.62
2024-07-02,0.19889300123370346,0.2002267346870728,0.19655896769030712,0.19739255109866294,1378214.0
2024-07-03,0.1972258344169918,0.1972258344169918,0.19255776733019908,0.19489180087359542,1417806.0
2024-07-04,0.1970591177353206,0.19839285118868993,0.1933913507385549,0.19372478410189722,1442180.68
2024-07-05,0.1928912006935414,0.1945583675102531,0.1897235837417892,0.1933913507385549,1498116.67
2024-07-08,0.1933913507385549,0.19572538428195124,0.19222433396685673,0.19305791737521255,1358266.0
2024-07-09,0.19305791737521255,0.20489480177386551,0.19205761728518556,0.204394651728852,3137967.5
2024-07-10,0.20306091827548264,0.2065619685905772,0.20222733486712682,0.20522823513720787,2780953.82
2024-07-11,0.20822913540728888,0.20889600213397352,0.20106031809542863,0.205394951818879,1997912.64
2024-07-12,0.20139375145877098,0.2018939015037845,0.19889300123370346,0.2007268847320863,1962739.88
2024-07-15,0.19955986796038813,0.19972658464205928,0.19639225100863592,0.19855956787036114,1458845.0
2024-07-16,0.19839285118868993,0.20106031809542863,0.19589210096362245,0.20056016805041516,1985530.38
2024-07-17,0.19872628455203228,0.19972658464205928,0.19489180087359542,0.19505851755526657,2120797.33
2024-07-18,0.1907238838318162,0.1933913507385549,0.18655596679003703,0.19322463405688375,2768245.04
2024-07-19,0.19055716715014506,0.19355806742022608,0.19005701710513154,0.19155746724017206,1836624.0
2024-07-22,0.19105731719515853,0.1933913507385549,0.1902237337868027,0.19239105064852788,1865480.67
2024-07-23,0.19372478410189722,0.19405821746523957,0.18688940015337935,0.1872228335167217,1832235.85
2024-07-24,0.18555566670001,0.19039045046847386,0.18505551665499653,0.18588910006335235,1927968.89
2024-07-25,0.1828881997932713,0.18355506651995598,0.17872028275149213,0.18122103297655964,2066678.41
2024-07-26,0.1810543162948885,0.18538895001833886,0.18055416624987497,0.184555366609983,1914606.0
2024-07-29,0.18388849988329833,0.18805641692507752,0.18305491647494251,0.18588910006335235,1779111.0
2024-07-30,0.184555366609983,0.18588910006335235,0.182554766429929,0.184555366609983,1544712.0
2024-07-31,0.18322163315661366,0.1902237337868027,0.18322163315661366,0.19005701710513154,2451758.0
2024-08-01,0.19305791737521255,0.19389150078356843,0.19005701710513154,0.19005701710513154,1901939.0
2024-08-02,0.18638925010836588,0.1867226834717082,0.1810543162948885,0.18138774965823082,3215581.0
2024-08-05,0.17755326597979393,0.17955386615984795,0.1708845987129472,0.1710513153946184,2858236.0
2024-08-06,0.17505251575472644,0.1767196825714381,0.1720516154846454,0.17405221566469942,1761329.0
2024-08-07,0.1735520656196859,0.1772198326164516,0.17305191557467242,0.1747190823913841,1767502.0
2024-08-08,0.17288519889300122,0.1747190823913841,0.17055116534960488,0.17288519889300122,1431583.0
2024-08-09,0.17488579907305524,0.17655296588976693,0.17321863225634357,0.17338534893801474,1324592.0
2024-08-12,0.1725517655296589,0.17488579907305524,0.1720516154846454,0.17271848221133007,1178409.94
2024-08-13,0.1735520656196859,0.17538594911806876,0.17238504884798775,0.17455236570971291,1095232.0
2024-08-14,0.17621953252642458,0.17655296588976693,0.1735520656196859,0.1737187823013571,1119032.57
2024-08-15,0.17188489880297422,0.17588609916308226,0.17188489880297422,0.17438564902804177,1323312.98
2024-08-16,0.17538594911806876,0.17922043279650562,0.17538594911806876,0.17755326597979393,2120218.0
2024-08-19,0.1772198326164516,0.18022073288653262,0.17638624920809579,0.17788669934313628,1280519.0
2024-08-20,0.17855356606982095,0.17922043279650562,0.17538594911806876,0.17605281584475344,1232482.0
2024-08-21,0.17488579907305524,0.17805341602480745,0.17421893234637056,0.17621953252642458,927863.0
2024-08-22,0.17621953252642458,0.17655296588976693,0.17305191557467242,0.17338534893801474,938541.0
2024-08-23,0.17271848221133007,0.17421893234637056,0.17155146543963187,0.17338534893801474,826847.0
2024-08-26,0.17438564902804177,0.17505251575472644,0.17055116534960488,0.17138474875796073,1021308.65
2024-08-27,0.1708845987129472,0.1708845987129472,0.16805041512453736,0.1683838484878797,977877.0
2024-08-28,0.1673835483978527,0.1698842986229202,0.16688339835283916,0.1682171318062085,1100441.0
2024-08-29,0.16604981494448334,0.1682171318062085,0.16271548131105998,0.1673835483978527,1495023.65
2024-08-30,0.16571638158114102,0.1735520656196859,0.16571638158114102,0.17188489880297422,1646183.65
2024-09-02,0.1708845987129472,0.17171818212130308,0.16521623153612752,0.16521623153612752,1535401.0
2024-09-03,0.16521623153612752,0.1672168317161815,0.164716081491114,0.16688339835283916,1113767.0
2024-09-04,0.16454936480944285,0.16705011503451037,0.16188189790270416,0.16571638158114102,1415936.0
2024-09-05,0.16554966489946984,0.16871728185122203,0.16504951485445635,0.16705011503451037,1134025.28
2024-09-06,0.16705011503451037,0.1673835483978527,0.16304891467440233,0.1632156313560735,912726.0
2024-09-09,0.16221533126604648,0.1642159314461005,0.1615484645393618,0.16404921476442932,982588.0
2024-09-10,0.16354906471941583,0.16805041512453736,0.16238204794771766,0.16705011503451037,1964208.65
2024-09-11,0.1663832483078257,0.16871728185122203,0.1663832483078257,0.16771698176119504,1184957.65
2024-09-12,0.1698842986229202,0.17138474875796073,0.16705011503451037,0.1673835483978527,1209711.0
2024-09-13,0.16688339835283916,0.17221833216631655,0.16688339835283916,0.16971758194124906,1992377.0
2024-09-18,0.16921743189623553,0.1698842986229202,0.16705011503451037,0.16888399853289318,895837.0
2024-09-19,0.16971758194124906,0.17055116534960488,0.1658830982628122,0.16905071521456438,1453030.0
2024-09-20,0.17005101530459138,0.17071788203127605,0.1682171318062085,0.16888399853289318,1237517.0
2024-09-23,0.16921743189623553,0.17321863225634357,0.16871728185122203,0.1708845987129472,1435825.0
2024-09-24,0.17171818212130308,0.18038744956820382,0.17038444866793373,0.18038744956820382,2137830.65
2024-09-25,0.18238804974825784,0.18505551665499653,0.18005401620486147,0.18055416624987497,1866103.65
2024-09-26,0.18038744956820382,0.18705611683505055,0.17922043279650562,0.18688940015337935,1577891.0
2024-09-27,0.18805641692507752,0.19689240105364944,0.18638925010836588,0.19655896769030712,1245698.0
2024-09-30,0.20256076823046917,0.21623153612750493,0.19855956787036114,0.21623153612750493,2365696.0
2024-10-08,0.23790470474475678,0.23790470474475678,0.22790170384448669,0.23790470474475678,2256730.28
2024-10-09,0.23940515487979727,0.24674068887332867,0.22506752025607685,0.22790170384448669,3476219.0
2024-10-10,0.22906872061618488,0.23273648761295054,0.2190657197159148,0.22456737021106332,3290229.0
2024-10-11,0.22206661998599583,0.22440065352939217,0.2127304858124104,0.21623153612750493,1392809.9
2024-10-14,0.21656496949084725,0.22240005334933816,0.21123003567736987,0.22189990330432463,1363121.0
2024-10-15,0.22089960321429764,0.22656797039111734,0.2168984028541896,0.2168984028541896,1562097.0
2024-10-16,0.2107298856323564,0.21439765262912208,0.20939615217898705,0.2107298856323564,1440532.0
2024-10-17,0.2127304858124104,0.21623153612750493,0.21189690240405454,0.21239705244906806,1457282.0
2024-10-18,0.21239705244906806,0.23357007102130642,0.21206361908572574,0.22923543729785603,2596847.0
2024-10-21,0.2299023040245407,0.2377379880630856,0.22573438698276152,0.2315694708412524,2478799.64
2024-10-22,0.2350705211563469,0.2350705211563469,0.22856857057117136,0.23273648761295054,1496454.0
2024-10-23,0.22856857057117136,0.23390350438464874,0.22623453702777502,0.22906872061618488,1695537.0
2024-10-24,0.22773498716281554,0.2372378380180721,0.22706812043613087,0.23240305424960822,2949045.0
2024-10-25,0.23390350438464874,0.23707112133640093,0.23173618752292355,0.2350705211563469,1901451.0
2024-10-28,0.2340702210663199,0.2360708212463739,0.23090260411456773,0.23390350438464874,976020.0
2024-10-29,0.23340335433963522,0.23757127138141443,0.23073588743289652,0.2314027541595812,1288618.64
2024-10-30,0.22956887066119838,0.23573738788303158,0.22923543729785603,0.23223633756793707,1014705.0
2024-10-31,0.23173618752292355,0.23640425460971626,0.22906872061618488,0.23390350438464874,1414251.0
2024-11-01,0.23173618752292355,0.23323663765796407,0.22590110366443267,0.2264012537094462,1378444.0
2024-11-04,0.225234236937748,0.2325697709312794,0.225234236937748,0.2314027541595812,955942.0
2024-11-05,0.2314027541595812,0.23973858824313962,0.23023573738788305,0.23857157147144145,1508548.0
2024-11-06,0.23840485478977028,0.24073888833316662,0.23373678770297757,0.2360708212463739,1527306.0
2024-11-07,0.2325697709312794,0.2404054549698243,0.23206962088626587,0.2404054549698243,1764561.0
2024-11-08,0.24423993864826116,0.2517421893234637,0.2434063552399053,0.24390650528491883,1998975.0
2024-11-11,0.24207262178653596,0.2544096562302024,0.24057217165149547,0.25224233936847723,2360563.42
2024-11-12,0.25224233936847723,0.2524090560501484,0.24490680537494583,0.24774098896335567,1616880.0
2024-11-13,0.24540695541995933,0.25407622286686005,0.2445733720116035,0.2524090560501484,1863020.0
2024-11-14,0.2507418892334367,0.2524090560501484,0.24023873828815312,0.24107232169650897,1414169.0
2024-11-15,0.24057217165149547,0.24373978860324766,0.2314027541595812,0.23190290420459472,1599646.0
2024-11-18,0.23056917075122538,0.23240305424960822,0.22356707012103633,0.22573438698276152,1340544.0
2024-11-19,0.22606782034610384,0.2314027541595812,0.22323363675769398,0.23123603747791005,1186237.49
2024-11-20,0.23056917075122538,0.2350705211563469,0.23023573738788305,0.23473708779300456,1501825.51
2024-11-21,0.23373678770297757,0.2352372378380181,0.2299023040245407,0.23190290420459472,1013387.87
2024-11-22,0.23090260411456773,0.23457037111133341,0.22340035343936518,0.22390050348437865,951302.0
2024-11-25,0.2227334867126805,0.22390050348437865,0.21406421926577976,0.21856556967090127,1192350.02
2024-11-26,0.21839885298923012,0.22123303657763996,0.21773198626254545,0.21823213630755894,897959.0
2024-11-27,0.2168984028541896,0.2227334867126805,0.21389750258410856,0.2225667700310093,1106912.0
2024-11-28,0.22223333666766698,0.22223333666766698,0.21773198626254545,0.21823213630755894,979755.0
2024-11-29,0.21823213630755894,0.22506752025607685,0.21739855289920312,0.2225667700310093,1009051.0
2024-12-02,0.22240005334933816,0.2289020039345137,0.22240005334933816,0.22756827048114436,1392062.0
2024-12-03,0.2274015537994732,0.22756827048114436,0.2225667700310093,0.22506752025607685,1142609.0
2024-12-04,0.22490080357440567,0.2264012537094462,0.21973258644259946,0.2210663198959688,968868.83
2024-12-05,0.22089960321429764,0.22556767030109034,0.2207328865326265,0.22406722016604982,937944.74
2024-12-06,0.22390050348437865,0.227234837117802,0.22290020339435165,0.22573438698276152,1004376.0
2024-12-09,0.2247340868927345,0.225234236937748,0.22006601980594181,0.22173318662265348,965697.77
2024-12-10,0.22906872061618488,0.22940215397952718,0.22223333666766698,0.2227334867126805,1115374.62
2024-12-11,0.2215664699409823,0.22756827048114436,0.2215664699409823,0.227234837117802,1199785.0
2024-12-12,0.2269014037544597,0.2304024540695542,0.2269014037544597,0.22973558734286953,1173088.0
2024-12-13,0.22856857057117136,0.22973558734286953,0.22390050348437865,0.2247340868927345,839514.54
2024-12-16,0.2247340868927345,0.22590110366443267,0.22139975325931116,0.22390050348437865,578642.0
2024-12-17,0.22390050348437865,0.23190290420459472,0.22390050348437865,0.22556767030109034,1453079.0
2024-12-18,0.2247340868927345,0.2289020039345137,0.22223333666766698,0.22656797039111734,1084962.0
2024-12-19,0.22440065352939217,0.2350705211563469,0.22440065352939217,0.23423693774799106,2034015.0
2024-12-20,0.23223633756793707,0.2377379880630856,0.2315694708412524,0.23440365442966224,1935484.0
2024-12-23,0.23457037111133341,0.2360708212463739,0.22923543729785603,0.22940215397952718,1844916.0
2024-12-24,0.22956887066119838,0.23206962088626587,0.2264012537094462,0.2315694708412524,1077575.0
2024-12-25,0.2314027541595812,0.23457037111133341,0.2304024540695542,0.23223633756793707,1834431.0
2024-12-26,0.23190290420459472,0.243072921876563,0.23023573738788305,0.24273948851322064,2379857.0
2024-12-27,0.24223933846820714,0.24223933846820714,0.23657097129138743,0.23807142142642793,2528297.0
2024-12-30,0.23790470474475678,0.23907172151645495,0.23390350438464874,0.23457037111133341,2263261.0
2024-12-31,0.23490380447467574,0.23590410456470276,0.2269014037544597,0.2274015537994732,2448052.0
2025-01-02,0.22540095361941917,0.227234837117802,0.21756526958087427,0.22006601980594181,1629873.0
2025-01-03,0.22023273648761296,0.2207328865326265,0.21323063585742388,0.2137307859024374,1727212.0
2025-01-06,0.21406421926577976,0.21756526958087427,0.21022973558734287,0.2122303357673969,1319439.0
2025-01-07,0.2122303357673969,0.2190657197159148,0.21123003567736987,0.21873228635257247,1880735.0
2025-01-08,0.21623153612750493,0.21773198626254545,0.20889600213397352,0.21556466940082025,1680785.93
2025-01-09,0.2133973525390951,0.21856556967090127,0.21323063585742388,0.21739855289920312,1158915.71
2025-01-10,0.21606481944583378,0.2163982528091761,0.2095628688606582,0.20972958554232937,1263392.0
2025-01-13,0.206395251908906,0.2122303357673969,0.20606181854556369,0.20939615217898705,1158668.0
2025-01-14,0.21006301890567172,0.22039945316928414,0.20689540195391953,0.2195658697609283,1656538.16
2025-01-15,0.2180654196258878,0.21923243639758594,0.2153979527191491,0.21606481944583378,1027641.93
2025-01-16,0.21773198626254545,0.2237337868027075,0.21623153612750493,0.22223333666766698,2408296.71
2025-01-17,0.22056616985095528,0.22656797039111734,0.21923243639758594,0.22406722016604982,1675975.35
2025-01-20,0.2247340868927345,0.23006902070621185,0.22440065352939217,0.22706812043613087,1490205.94
2025-01-21,0.23090260411456773,0.23390350438464874,0.2284018538895002,0.23273648761295054,1350959.0
2025-01-22,0.23290320429462175,0.24123903837818014,0.23290320429462175,0.2387382881531126,2402340.0
2025-01-23,0.24007202160648194,0.24407322196658998,0.2330699209762929,0.23357007102130642,1536770.0
2025-01-24,0.23273648761295054,0.23973858824313962,0.23223633756793707,0.23923843819812612,1099730.0
2025-01-27,0.23573738788303158,0.23640425460971626,0.22590110366443267,0.22606782034610384,1991840.0
2025-02-05,0.22556767030109034,0.22590110366443267,0.21656496949084725,0.21873228635257247,2855343.0
2025-02-06,0.21939915307925714,0.2264012537094462,0.2190657197159148,0.22556767030109034,2223071.0
2025-02-07,0.22540095361941917,0.2350705211563469,0.22506752025607685,0.23190290420459472,3118634.0
2025-02-10,0.23206962088626587,0.23340335433963522,0.22973558734286953,0.23340335433963522,2463522.0
2025-02-11,0.23340335433963522,0.2350705211563469,0.2315694708412524,0.2325697709312794,1186205.0
2025-02-12,0.23123603747791005,0.23707112133640093,0.23123603747791005,0.23690440465472976,1488580.0
2025-02-13,0.23657097129138743,0.23657097129138743,0.22923543729785603,0.2299023040245407,1786308.42
2025-02-14,0.22856857057117136,0.23240305424960822,0.22773498716281554,0.22956887066119838,1367269.58
2025-02-17,0.2314027541595812,0.2399053049248108,0.2314027541595812,0.2382381381080991,2632107.0
2025-02-18,0.23623753792804508,0.23840485478977028,0.23090260411456773,0.23190290420459472,2162595.0
2025-02-19,0.23106932079623888,0.23673768797305858,0.23023573738788305,0.23657097129138743,1898526.0
2025-02-20,0.2360708212463739,0.2372378380180721,0.23340335433963522,0.23640425460971626,1274160.0
2025-02-21,0.23807142142642793,0.24640725550998632,0.23640425460971626,0.24524023873828818,2716507.58
2025-02-24,0.24407322196658998,0.24423993864826116,0.23940515487979727,0.243072921876563,3208098.0
2025-02-25,0.2372378380180721,0.2424060551498783,0.23590410456470276,0.23890500483478377,1808012.0
2025-02-26,0.23940515487979727,0.2409056050148378,0.2355706712013604,0.24057217165149547,2785930.0
2025-02-27,0.2409056050148378,0.24190590510486482,0.23006902070621185,0.23340335433963522,2245688.0
2025-02-28,0.2284018538895002,0.23006902070621185,0.2198993031242706,0.22139975325931116,2688136.0
2025-03-03,0.22123303657763996,0.2215664699409823,0.21556466940082025,0.2178987029442166,2435230.0
2025-03-04,0.2142309359474509,0.22056616985095528,0.2133973525390951,0.22039945316928414,1405170.0
2025-03-05,0.22056616985095528,0.22323363675769398,0.22006601980594181,0.22323363675769398,1467139.0
2025-03-06,0.22490080357440567,0.22873528725284253,0.2237337868027075,0.22756827048114436,1963232.0
2025-03-07,0.22656797039111734,0.22706812043613087,0.2227334867126805,0.22406722016604982,1817451.21
2025-03-10,0.22390050348437865,0.2247340868927345,0.22123303657763996,0.2237337868027075,872783.24
2025-03-11,0.22173318662265348,0.2225667700310093,0.22006601980594181,0.22223333666766698,988691.0
2025-03-12,0.22340035343936518,0.2284018538895002,0.2225667700310093,0.22540095361941917,1585912.99
2025-03-13,0.22556767030109034,0.2269014037544597,0.2198993031242706,0.22123303657763996,984496.0
2025-03-14,0.22056616985095528,0.22606782034610384,0.2198993031242706,0.22590110366443267,1398933.0
2025-03-17,0.22673468707278852,0.22806842052615786,0.22590110366443267,0.22656797039111734,960203.01
2025-03-18,0.22906872061618488,0.2299023040245407,0.225234236937748,0.22973558734286953,1805013.0
2025-03-19,0.22823513720782904,0.22823513720782904,0.22356707012103633,0.22456737021106332,1363011.0
2025-03-20,0.22406722016604982,0.22540095361941917,0.2227334867126805,0.22306692007602283,1940439.0
2025-03-21,0.22189990330432463,0.22356707012103633,0.21773198626254545,0.21823213630755894,1892488.84
2025-03-24,0.21823213630755894,0.2198993031242706,0.21356406922076623,0.2180654196258878,1141014.0
2025-03-25,0.21839885298923012,0.21939915307925714,0.21389750258410856,0.21456436931079323,1015682.0
2025-03-26,0.21456436931079323,0.21606481944583378,0.2133973525390951,0.21356406922076623,898338.0
2025-03-27,0.2125637691307392,0.21489780267413558,0.20922943549731585,0.21239705244906806,1110916.0
2025-03-28,0.2127304858124104,0.2133973525390951,0.21089660231402754,0.21106331899569872,1107963.0
2025-03-31,0.21006301890567172,0.21156346904071222,0.20772898536227535,0.21123003567736987,1732091.0
2025-04-01,0.21106331899569872,0.2122303357673969,0.21006301890567172,0.21022973558734287,1432202.0
2025-04-02,0.21039645226901404,0.2142309359474509,0.21039645226901404,0.21239705244906806,1991289.0
2025-04-03,0.2090627188156447,0.21039645226901404,0.20389450168383852,0.20572838518222133,2065317.0
2025-04-07,0.18955686706011804,0.19255776733019908,0.18522223333666768,0.18522223333666768,736475.0
2025-04-08,0.17638624920809579,0.18122103297655964,0.17005101530459138,0.17421893234637056,4080925.73
2025-04-09,0.1698842986229202,0.1793871494781768,0.16538294821779867,0.1782201327064786,2619194.48
2025-04-10,0.18705611683505055,0.1907238838318162,0.1857223833816812,0.18588910006335235,6537162.0
2025-04-11,0.18322163315661366,0.1898903004234604,0.182554766429929,0.18788970024340637,1901455.0
2025-04-14,0.1928912006935414,0.19422493414691075,0.1897235837417892,0.1902237337868027,2047110.0
2025-04-15,0.1897235837417892,0.1902237337868027,0.1867226834717082,0.18838985028841984,998783.0
2025-04-16,0.1872228335167217,0.18755626688006402,0.182554766429929,0.18522223333666768,1212501.0
2025-04-17,0.1837217832016272,0.18738955019839287,0.18338834983828484,0.184555366609983,908361.35
2025-04-18,0.18488879997332533,0.19005701710513154,0.184555366609983,0.1897235837417892,3189865.95
2025-04-21,0.18955686706011804,0.19222433396685673,0.18838985028841984,0.19205761728518556,2139677.0
2025-04-22,0.19122403387682974,0.19139075055850088,0.1897235837417892,0.1902237337868027,984484.0
2025-04-23,0.19272448401187023,0.19689240105364944,0.1917241839218432,0.19539195091860892,2282135.0
2025-04-24,0.1943916508285819,0.1945583675102531,0.19139075055850088,0.19239105064852788,1355501.0
2025-04-25,0.19255776733019908,0.19739255109866294,0.19255776733019908,0.19539195091860892,1528507.0
2025-04-28,0.19472508419192425,0.1955586676002801,0.19255776733019908,0.19322463405688375,1177673.0
2025-04-29,0.1918909006035144,0.19372478410189722,0.19039045046847386,0.19255776733019908,732474.0
2025-04-30,0.19222433396685673,0.1943916508285819,0.19155746724017206,0.19355806742022608,991987.0
2025-05-06,0.1955586676002801,0.20089360141375748,0.1955586676002801,0.2007268847320863,2106041.0
2025-05-07,0.20306091827548264,0.20472808509219434,0.19889300123370346,0.20106031809542863,1431590.0
2025-05-08,0.2007268847320863,0.20972958554232937,0.20056016805041516,0.20889600213397352,3042306.0
2025-05-09,0.20689540195391953,0.20739555199893303,0.20406121836550967,0.20606181854556369,1757013.0
2025-05-12,0.2095628688606582,0.21106331899569872,0.20789570204394656,0.21089660231402754,2624835.0
2025-05-13,0.21406421926577976,0.2142309359474509,0.20939615217898705,0.2095628688606582,3409934.4
2025-05-14,0.21039645226901404,0.21439765262912208,0.21022973558734287,0.21106331899569872,1730884.0
2025-05-15,0.2107298856323564,0.21089660231402754,0.20506151845553666,0.205394951818879,1273110.5
2025-05-16,0.204394651728852,0.20872928545230238,0.20406121836550967,0.20689540195391953,1163819.08
2025-05-19,0.20622853522723486,0.20689540195391953,0.204394651728852,0.20606181854556369,800478.4
2025-05-20,0.20622853522723486,0.20789570204394656,0.2045613684105232,0.20689540195391953,697166.07
2025-05-21,0.20706211863559068,0.20722883531726188,0.20506151845553666,0.20589510186389254,567811.16
2025-05-22,0.20489480177386551,0.20789570204394656,0.20422793504718084,0.20522823513720787,687363.19
2025-05-23,0.20506151845553666,0.20589510186389254,0.20156046814044215,0.2017271848221133,1305975.0
2025-05-26,0.20139375145877098,0.20356106832049617,0.20122703477709983,0.203394351638825,664410.18
2025-05-27,0.2028942015938115,0.2028942015938115,0.1990597179153746,0.2002267346870728,2222324.62
2025-05-28,0.2007268847320863,0.20389450168383852,0.2007268847320863,0.20306091827548264,1153761.62
2025-05-29,0.20389450168383852,0.20872928545230238,0.20389450168383852,0.20822913540728888,1810356.0
2025-05-30,0.206395251908906,0.20672868527224836,0.2045613684105232,0.20622853522723486,812182.0
2025-06-03,0.20506151845553666,0.20722883531726188,0.2045613684105232,0.20506151845553666,806422.53
2025-06-04,0.20572838518222133,0.2107298856323564,0.20572838518222133,0.20939615217898705,1398217.14
2025-06-05,0.20889600213397352,0.21673168617251845,0.20889600213397352,0.21606481944583378,2856706.04
2025-06-06,0.21589810276416257,0.21839885298923012,0.21439765262912208,0.21756526958087427,2150767.23
2025-06-09,0.21839885298923012,0.22340035343936518,0.21823213630755894,0.22139975325931116,1933177.46
2025-06-10,0.21939915307925714,0.22039945316928414,0.21556466940082025,0.21823213630755894,1849751.09
2025-06-11,0.2178987029442166,0.22056616985095528,0.21756526958087427,0.2178987029442166,1144748.78
2025-06-12,0.2168984028541896,0.22556767030109034,0.2163982528091761,0.22240005334933816,1937864.13
2025-06-13,0.22023273648761296,0.22390050348437865,0.21923243639758594,0.22039945316928414,1352187.81
2025-06-16,0.22023273648761296,0.2274015537994732,0.21973258644259946,0.22556767030109034,2027724.46
2025-06-17,0.22540095361941917,0.22606782034610384,0.22240005334933816,0.22406722016604982,814835.0
2025-06-18,0.22340035343936518,0.2289020039345137,0.2210663198959688,0.22873528725284253,1792669.0
2025-06-19,0.2269014037544597,0.2350705211563469,0.22556767030109034,0.227234837117802,1573471.0
2025-06-20,0.22673468707278852,0.227234837117802,0.2227334867126805,0.2237337868027075,1400693.03
2025-06-23,0.22139975325931116,0.22406722016604982,0.21939915307925714,0.22306692007602283,825076.0
2025-06-24,0.22390050348437865,0.22656797039111734,0.22390050348437865,0.22623453702777502,921654.0
2025-06-25,0.22756827048114436,0.22973558734286953,0.22590110366443267,0.22956887066119838,989727.1
2025-06-26,0.23123603747791005,0.23490380447467574,0.2304024540695542,0.2314027541595812,2865835.21
2025-06-27,0.23090260411456773,0.2387382881531126,0.22906872061618488,0.2372378380180721,2352640.3
2025-06-30,0.23790470474475678,0.2425727718315495,0.23707112133640093,0.2424060551498783,1308842.02
2025-07-01,0.2409056050148378,0.24190590510486482,0.23957187156146845,0.24173918842319364,798915.04
2025-07-02,0.23940515487979727,0.23940515487979727,0.2350705211563469,0.2360708212463739,1108096.25
2025-07-03,0.23740455469974325,0.24390650528491883,0.23740455469974325,0.2424060551498783,2943051.0
2025-07-04,0.24207262178653596,0.24373978860324766,0.23890500483478377,0.23907172151645495,1118632.87
2025-07-07,0.23790470474475678,0.23907172151645495,0.23273648761295054,0.23673768797305858,908777.58
2025-07-08,0.23673768797305858,0.2482411390083692,0.23673768797305858,0.24774098896335567,2511973.17
2025-07-09,0.24774098896335567,0.25057517255176553,0.24690740555499985,0.24807442232669802,1385210.6
2025-07-10,0.24857457237171154,0.250075022506752,0.2445733720116035,0.2482411390083692,1177110.47
2025-07-11,0.24674068887332867,0.24857457237171154,0.24574038878330165,0.24690740555499985,1598846.25
2025-07-14,0.24524023873828818,0.24840785569004034,0.24490680537494583,0.2472408389183422,863140.0
2025-07-15,0.2527424894134907,0.2627454903137608,0.2527424894134907,0.26241205695041847,2835371.64
2025-07-16,0.2637457904037878,0.2700810243072922,0.2612450401787203,0.2615784735420626,3205247.09
2025-07-17,0.25907772331699513,0.27224834116901736,0.25907772331699513,0.27174819112400384,2261617.3
2025-07-18,0.2735820746223867,0.2779167083458371,0.2697475909439499,0.27124804107899037,2402122.51
2025-07-21,0.27024774098896337,0.2737487913040579,0.26674669067386886,0.27224834116901736,1536222.97
2025-07-22,0.270914607715648,0.27825014170917944,0.26874729085392285,0.270914607715648,1884121.5
2025-07-23,0.26691340735554,0.2710813243973192,0.264912807175486,0.27024774098896337,1308217.71
2025-07-24,0.2725817745323597,0.27341535794071553,0.2674135574005535,0.27174819112400384,1356359.5
2025-07-25,0.270914607715648,0.2737487913040579,0.27041445767063454,0.27191490780567507,2201513.91
2025-07-28,0.27191490780567507,0.27758327498249474,0.2710813243973192,0.27741655830082357,1704853.77
2025-07-29,0.2777499916641659,0.2894201593811477,0.27741655830082357,0.28908672601780533,2451142.98
2025-07-30,0.28758627588276486,0.2915874762428729,0.2835850755226568,0.2900870261078324,2326013.8
2025-07-31,0.29492180987629624,0.30275749391484114,0.290753892834517,0.291754192924544,3848790.76
2025-08-01,0.286752692474409,0.29492180987629624,0.2835850755226568,0.2872528425194225,2599111.7
2025-08-04,0.28341835884098565,0.28925344269947656,0.2830849254776433,0.28908672601780533,1320390.59
2025-08-05,0.29308792637791337,0.29425494314961154,0.286752692474409,0.29425494314961154,2559638.02
2025-08-06,0.2914207595612017,0.2960888266479944,0.29025374278950355,0.29475509319462506,1538164.01
2025-08-07,0.29592210996632323,0.29992331032643127,0.2872528425194225,0.29375479310459807,2206585.18
2025-08-08,0.2924210596512287,0.29842286019139075,0.29125404287953055,0.2940882264679404,1693679.0
2025-08-11,0.2945883765129539,0.3029242105965123,0.2940882264679404,0.3002567436897736,1818160.16
2025-08-12,0.3005901770531159,0.3109266113167284,0.29992331032643127,0.3102597445900437,2300285.57
2025-08-13,0.3112600446800707,0.33126604648061087,0.30842586109166087,0.33026574639058387,5323988.96
2025-08-14,0.32809842952885865,0.3290987296188857,0.3214297622620119,0.32176319562535427,3433082.66
2025-08-15,0.3190957287186156,0.32709812943883165,0.3190957287186156,0.3249308125771065,3436559.5
2025-08-18,0.32543096262211996,0.34376979760594845,0.32276349571538127,0.3387682971558134,3725887.43
2025-08-19,0.3382681471107999,0.3529392150978627,0.33743456370244407,0.35243906505284917,4502530.26
2025-08-20,0.3451035310593178,0.3536060818245474,0.33693441365743054,0.3534393651428762,6018861.95
2025-08-21,0.35493981527791674,0.35844086559301125,0.3444366643326331,0.3497715981461105,5056850.78
2025-08-22,0.34643726451268714,0.36460938281484445,0.34627054783101596,0.36344236604314634,4841409.05
2025-08-25,0.3712780500816912,0.3887833016571638,0.3667766996765697,0.387949718248808,5185266.86
2025-08-26,0.38628255143209633,0.3891167350205062,0.3772798506218532,0.3797806008469208,4044905.21
2025-08-27,0.3811143343002901,0.4066219865959788,0.3811143343002901,0.3896168850655197,5814146.69
2025-08-28,0.387949718248808,0.4281284385315595,0.3867827014771098,0.42596112166983435,8472408.25
2025-08-29,0.42562768830649195,0.42896202193991534,0.4101230369110733,0.42562768830649195,9452589.47
2025-09-01,0.43096262211996933,0.45763729118735624,0.42312693808142443,0.45080190723883834,9398677.59
2025-09-02,0.4489680237404555,0.46063819145743723,0.41679170417792005,0.4247941048981361,13831940.31
2025-09-03,0.4219599213097263,0.44063218965689704,0.4146243873161949,0.4334633723450369,12511710.15
2025-09-04,0.4421326397919376,0.44680070687873036,0.39011703511053314,0.39295121869894306,14893845.82
2025-09-05,0.3949518188789971,0.4242939548531226,0.38811643493047915,0.41979260444800104,11347640.93
2025-09-08,0.4124570704544697,0.4134573705444967,0.3834483678436864,0.39911973592077626,10897116.54
2025-09-09,0.39128405188223137,0.39978660264746096,0.3837818012070288,0.3911173352005602,5262371.09
2025-09-10,0.40445466973425365,0.4161248374512354,0.39978660264746096,0.408789303457704,8526257.86
2025-09-11,0.41679170417792005,0.44963489046714017,0.4149578206795372,0.44963489046714017,11700631.22
2025-09-12,0.4339635223900504,0.4449668233803475,0.43179620552832515,0.43729785602347376,10002256.57
2025-09-15,0.42979560534827116,0.4364642726151179,0.4217932046280551,0.4296288886666,7109074.29
2025-09-16,0.42896202193991534,0.43729785602347376,0.4219599213097263,0.4327965056183522,6734765.25
2025-09-17,0.4301290387116135,0.43763128938681606,0.42262678803641096,0.4342969557533927,6458408.82
2025-09-18,0.42712813844153247,0.45413624087226173,0.4267947050781902,0.4426327898369511,9427954.27
2025-09-19,0.4478010069687573,0.4551365409622887,0.4391317395218566,0.4469674235604015,6781300.73
2025-09-22,0.44713414024207265,0.45413624087226173,0.4339635223900504,0.4521356406922077,5441228.82
2025-09-23,0.4681404421326398,0.47314194258277487,0.4407989063385683,0.45580340768897337,8985564.34
2025-09-24,0.4421326397919376,0.45813744123236977,0.43829815611350076,0.4528025074188924,7306470.72
2025-09-25,0.447467573605415,0.4688073088593245,0.441465773065253,0.4633056583641759,7245660.43
2025-09-26,0.4583041579140409,0.4678070087692975,0.4489680237404555,0.4493014571037978,5167847.58
2025-09-29,0.44346637324530697,0.46130505818412193,0.44346637324530697,0.4554699743256311,4736566.53
2025-09-30,0.4573038578240139,0.4658064085892435,0.44379980660864926,0.44613384015204566,6381561.75
2025-10-09,0.45063519055716716,0.4601380414124237,0.44880130705878435,0.4501350405121537,6859680.74
2025-10-10,0.45080190723883834,0.45563669100730225,0.43763128938681606,0.4407989063385683,5271714.57
2025-10-13,0.41662498749624893,0.4334633723450369,0.41429095395285254,0.4332966556633657,4923199.59
2025-10-14,0.4389650228401854,0.4397986062485412,0.4039545196892401,0.40628855323263646,7600222.24
2025-10-15,0.40445466973425365,0.4176252875862759,0.40128705278250143,0.41712513754126235,4070371.02
2025-10-16,0.4131239371811544,0.42796172184988834,0.41145677036444267,0.42045947117468574,3215871.06
2025-10-17,0.42045947117468574,0.42262678803641096,0.40595511986929417,0.40778900336767704,3655770.8
2025-10-20,0.4216264879463839,0.4342969557533927,0.41679170417792005,0.4216264879463839,5560378.5
2025-10-21,0.4251275382614784,0.4538028075089194,0.4222933546730686,0.4501350405121537,7417786.33
2025-10-22,0.4449668233803475,0.4536360908272482,0.4419659231102664,0.4459671234703744,5303283.11
2025-10-23,0.44029875629355475,0.4419659231102664,0.42796172184988834,0.43779800606848723,4351207.42
2025-10-24,0.4453002567436898,0.4651395418625588,0.43729785602347376,0.4631389416825048,6643172.8
2025-10-27,0.47680970957954055,0.4869794271614818,0.4728085092194325,0.48564569370811245,6734778.36
2025-10-28,0.4801440432129639,0.49931646160514825,0.47781000966956755,0.486145843753126,5978631.07
2025-10-29,0.4968157113800807,0.5014837784668734,0.485145543663099,0.4953152612450402,6278889.36
2025-10-30,0.4868127104798106,0.49598212797172486,0.47680970957954055,0.4783101597145811,7235931.81
2025-10-31,0.47597612617118473,0.47597612617118473,0.4521356406922077,0.4531359407822347,9078720.67
2025-11-03,0.4473008569237438,0.4578040078690274,0.4427995065186223,0.4566369910973292,5382152.58
2025-11-04,0.45863759127738324,0.4633056583641759,0.44680070687873036,0.4509686239205095,4289668.04
2025-11-05,0.43679770597846024,0.4513020572838518,0.4362975559334467,0.44880130705878435,3681684.47
2025-11-06,0.45296922410056356,0.4629722250008336,0.4511353406021807,0.4604714747757661,5409883.89
2025-11-07,0.4536360908272482,0.4604714747757661,0.4469674235604015,0.45496982428061755,3737202.68
2025-11-10,0.4543029575539329,0.45797072455069854,0.43563068920676207,0.450468473875496,5669584.11
2025-11-11,0.4561368410523157,0.4566369910973292,0.4352972558434198,0.4364642726151179,5029576.13
2025-11-12,0.4301290387116135,0.4416324897469241,0.4249608215798073,0.44096562302023945,4835133.42
2025-11-13,0.43796472275015835,0.4399653229302124,0.4296288886666,0.43779800606848723,3766174.79
2025-11-14,0.4299623220299424,0.4311293388016405,0.42329365476309566,0.42362708812643796,4070822.06
2025-11-17,0.42312693808142443,0.4331299389816945,0.4219599213097263,0.4274615718048748,3785687.39
2025-11-18,0.42296022139975326,0.43563068920676207,0.4207929045380281,0.4261278383515055,5061982.44
2025-11-19,0.42529425494314965,0.43763128938681606,0.4247941048981361,0.43096262211996933,5801079.86
2025-11-20,0.4459671234703744,0.44813444033209965,0.4302957553932847,0.4331299389816945,5582231.9
2025-11-21,0.42012603781134344,0.42312693808142443,0.40795572004934816,0.4094561701843887,6301926.0
2025-11-24,0.41395752058951024,0.41412423727118136,0.3951185355606682,0.40445466973425365,5087136.7
2025-11-25,0.4117902037277851,0.4277950051682171,0.4117902037277851,0.4192924544029876,6769739.76
2025-11-26,0.4149578206795372,0.45230235737387886,0.4117902037277851,0.4427995065186223,8893447.74
2025-11-27,0.44013203961188363,0.46130505818412193,0.43946517288519893,0.44446667333533396,5360794.41
2025-11-28,0.4431329398819646,0.4493014571037978,0.4381314394318296,0.4459671234703744,3699934.95
2025-12-01,0.44963489046714017,0.46063819145743723,0.4422993564736088,0.45863759127738324,4578854.07
2025-12-02,0.4578040078690274,0.4658064085892435,0.45597012437064455,0.4604714747757661,3742417.69
2025-12-03,0.46063819145743723,0.4718082091294055,0.45530325764395985,0.4563035577339869,4715823.05
2025-12-04,0.4511353406021807,0.46213864159247775,0.44713414024207265,0.4599713247307526,3771737.13
2025-12-05,0.46413924177253174,0.46914074222266683,0.4569704244606716,0.46480610849921644,3399679.44
2025-12-08,0.4654729752259011,0.49698242806175186,0.4654729752259011,0.49031376079490513,7231189.49
2025-12-09,0.49014704411323395,0.5093194625054184,0.48931346070487813,0.5054849788269814,6393818.44
2025-12-10,0.5043179620552832,0.5123203627754993,0.4906471941582475,0.509986329232103,5335095.27
2025-12-11,0.5081524457337201,0.509986329232103,0.4894801773865493,0.48998032743156283,5066327.68
2025-12-12,0.4858124103897836,0.5013170617852023,0.48381181020972963,0.49614884465339604,4532733.07
2025-12-15,0.4884798772965223,0.49431496115501317,0.48314494348304493,0.4841452435730719,3525252.88
2025-12-16,0.4824780767563603,0.48397852689140075,0.46630655863425696,0.4711413424027208,4425103.83
2025-12-17,0.471308059084392,0.49781601147010773,0.471308059084392,0.4973158614250942,6518461.37
2025-12-18,0.4884798772965223,0.49664899469840956,0.4869794271614818,0.4874795772064953,4707101.44
2025-12-19,0.4946483945183555,0.49814944483345003,0.4859791270714548,0.4906471941582475,4033409.0
2025-12-22,0.5004834783768464,0.5156546964089227,0.4999833283318329,0.5138208129105398,5922669.18
2025-12-23,0.5141542462738822,0.5174885799073056,0.5086525957787337,0.5124870794571704,4210269.85
2025-12-24,0.5148211130005669,0.522823513720783,0.5103197625954453,0.5226567970391117,4529037.86
2025-12-25,0.5226567970391117,0.5326597979393818,0.5141542462738822,0.5234903804474677,4587631.17
2025-12-26,0.5193224634056884,0.5223233636757694,0.5134873795471975,0.5174885799073056,4725790.77
2025-12-29,0.514987829682238,0.5248241139008369,0.5136540962288687,0.5189890300423461,3778543.61
2025-12-30,0.5144876796372245,0.5271581474442333,0.5138208129105398,0.5193224634056884,4438408.3
2025-12-31,0.5194891800873596,0.5233236637657964,0.5108199126404588,0.5134873795471975,4310365.06
2026-01-05,0.5209896302224001,0.5246573972191657,0.5151545463639091,0.523990530492481,5159944.6
2026-01-06,0.5186555966790037,0.5224900803574406,0.5114867793671435,0.5221566469940983,5906375.93
2026-01-07,0.5216564969490848,0.5324930812577107,0.5188223133606749,0.5264912807175486,5040338.6
2026-01-08,0.5244906805374946,0.5264912807175486,0.5151545463639091,0.5214897802674135,3943962.86
2026-01-09,0.515988129772265,0.5259911306725351,0.5101530459137742,0.5241572471741522,4864970.78
2026-01-12,0.5218232136307559,0.5424960821579807,0.515988129772265,0.5399953319329132,5298098.26
2026-01-13,0.5401620486145844,0.5401620486145844,0.5168217131806209,0.5199893301323731,4120808.0
2026-01-14,0.5214897802674135,0.5354939815277917,0.5211563469040712,0.5294921809876296,4459731.28
2026-01-15,0.5201560468140443,0.5329932313027241,0.5151545463639091,0.5321596478943683,4278937.52
2026-01-16,0.5368277149811611,0.5413290653862826,0.529825614350972,0.5351605481644494,6119080.37
2026-01-19,0.5259911306725351,0.5346603981194358,0.5258244139908639,0.5261578473542063,2927293.95
2026-01-20,0.5249908305825081,0.5259911306725351,0.5053182621453103,0.5096528958687606,4360106.22
2026-01-21,0.5019839285118869,0.5188223133606749,0.5018172118302158,0.5151545463639091,3132448.89
2026-01-22,0.5171551465439632,0.529825614350972,0.5158214130905938,0.5293254643059584,3858907.51
2026-01-23,0.528825314260945,0.528825314260945,0.5216564969490848,0.5248241139008369,3137464.39
2026-01-26,0.5226567970391117,0.5253242639458504,0.5173218632256344,0.5191557467240172,2069050.43
2026-01-27,0.5166549964989497,0.534827114801107,0.515988129772265,0.5316594978493548,3726585.63
2026-01-28,0.5413290653862826,0.5439965322930213,0.5284918808976026,0.5334933813477377,3395185.64
2026-01-29,0.5334933813477377,0.5388283151612151,0.5251575472641793,0.5273248641259044,2940824.54
2026-01-30,0.520822913540729,0.5486645993798139,0.5168217131806209,0.5453302657463905,5547227.7
2026-02-02,0.5479977326531292,0.5575005835083858,0.5251575472641793,0.5268247140808909,5392257.65
2026-02-03,0.5373402020606182,0.5478468540562169,0.5233313327331534,0.54234336967757,12121740.85
2026-02-04,0.5308360841585809,0.5378405188223133,0.5148259477843353,0.5258329165416291,15065018.57
2026-02-05,0.5153262645460305,0.5223306992097629,0.5093224634056884,0.5128246807375545,12706556.43
2026-02-06,0.5043192957887366,0.5203294321629822,0.502318028741956,0.5088221466439932,8559076.74
2026-02-09,0.5263332333033244,0.54234336967757,0.5173275315928112,0.5378405188223133,17222670.97
2026-02-10,0.536839885298923,0.5443446367243506,0.5343383014904471,0.536839885298923,6626701.01
2026-02-11,0.5353389350138374,0.54234336967757,0.5243319662565437,0.5253325997799341,8931691.14
2026-02-12,0.5278341835884098,0.5378405188223133,0.5273338668267147,0.5338379847287519,6599006.9
2026-02-13,0.5278341835884098,0.5308360841585809,0.5218303824480677,0.5233313327331534,6452849.03
2026-02-24,0.5318367176819713,0.5493478043413025,0.5293351338734954,0.5393414691073989,11775830.08
2026-02-25,0.5393414691073989,0.5428436864392651,0.5313364009202761,0.54234336967757,8090941.29
2026-02-26,0.545345270247741,0.559354139575206,0.5413427361541796,0.5563522390050349,11260328.94
2026-02-27,0.5418430529158748,0.5493478043413025,0.5378405188223133,0.5488474875796072,11948646.84
2026-03-02,0.5358392517755326,0.5638569904304624,0.5348386182521423,0.5583535060518156,12337702.57
2026-03-03,0.5618557233836818,0.5698607915708046,0.5383408355840086,0.5413427361541796,13499727.63
2026-03-04,0.5288348171118001,0.5438443199626555,0.528334500350105,0.5333376679670568,8079659.39
2026-03-05,0.5443446367243506,0.5608550898602914,0.5363395685372279,0.5473465372945218,11951400.75
2026-03-06,0.5418430529158748,0.5483471708179121,0.5323370344436664,0.54234336967757,8349010.85
2026-03-09,0.5253325997799341,0.5278341835884098,0.505319929312127,0.5263332333033244,19480009.71
2026-03-10,0.5358392517755326,0.5508487546263879,0.5358392517755326,0.5498481211029975,15633703.79
2026-03-11,0.553850655196559,0.5668588910006335,0.5503484378646928,0.5518493881497782,12403517.12
2026-03-12,0.5478468540562169,0.5603547730985963,0.5358392517755326,0.5443446367243506,13158156.83
2026-03-13,0.5373402020606182,0.5473465372945218,0.5348386182521423,0.5393414691073989,9082241.73
2026-03-16,0.5363395685372279,0.5418430529158748,0.5278341835884098,0.539841785869094,11751304.04
2026-03-17,0.5403421026307893,0.5428436864392651,0.5108234136907738,0.5123243639758595,20065708.56
2026-03-18,0.5193287986395919,0.5363395685372279,0.5153262645460305,0.5348386182521423,21443924.76
2026-03-19,0.5243319662565437,0.5403421026307893,0.5243319662565437,0.5303357673968857,12228827.68
2026-03-20,0.5463459037711313,0.5573528725284252,0.5378405188223133,0.5393414691073989,19837453.81
2026-03-23,0.5233313327331534,0.5333376679670568,0.5108234136907738,0.516827214831116,17529899.56
2026-03-24,0.5238316494948484,0.5268335500650194,0.5068208795972124,0.5263332333033244,13292161.96
2026-03-25,0.5408424193924843,0.5513490713880831,0.5373402020606182,0.5468462205328265,16849642.1
2026-03-26,0.5408424193924843,0.5528500216731687,0.5343383014904471,0.5373402020606182,12230356.13
2026-03-27,0.5253325997799341,0.5418430529158748,0.5193287986395919,0.5348386182521423,11990380.15
2026-03-30,0.5233313327331534,0.5448449534860458,0.5228310159714581,0.54234336967757,10066846.58
2026-03-31,0.5373402020606182,0.5463459037711313,0.528334500350105,0.5338379847287519,11799858.99
2026-04-01,0.5498481211029975,0.5523497049114735,0.5378405188223133,0.5508487546263879,14145826.86
2026-04-02,0.5443446367243506,0.5543509719582542,0.5388411523457037,0.5408424193924843,11048642.46
2026-04-03,0.5518493881497782,0.5668588910006335,0.5503484378646928,0.5558519222433397,15952541.18
2026-04-07,0.5563522390050349,0.5633566736687672,0.5483471708179121,0.55685255576673,9820805.47
2026-04-08,0.5753642759494515,0.6003801140342102,0.5688601580474142,0.5983788469874296,19206996.2
2026-04-09,0.5898734620386116,0.6038823313660765,0.5863712447067453,0.6003801140342102,16432997.32
2026-04-10,0.6033820146043812,0.6168905671701511,0.5983788469874296,0.6113870827915041,18722104.14
2026-04-13,0.6068842319362476,0.6118873995531994,0.5978785302257345,0.608385182221333,14137770.96
2026-04-14,0.6133883498382848,0.6293984862125305,0.6123877163148944,0.6198924677403221,14565022.1
2026-04-15,0.622394051548798,0.6319000700210062,0.6043826481277716,0.6103864492681137,14764729.61
2026-04-16,0.608385182221333,0.6329007035443966,0.6073845486979428,0.6324003867827015,12603296.38
2026-04-17,0.6409057717315194,0.6634200260078024,0.6389045046847387,0.6634200260078024,17190343.0
2026-04-20,0.6649209762928878,0.682432062952219,0.6634200260078024,0.6714250941949251,14788120.74
2026-04-21,0.6609184421993264,0.67092477743323,0.6549146410589843,0.6694238271481444,13440480.91
2026-04-22,0.6629197092461071,0.7079482177986729,0.662419392484412,0.7069475842752827,21084069.37
2026-04-23,0.7069475842752827,0.7164536027474909,0.6874352305691708,0.6984421993264646,33541554.85
2026-04-24,0.6839330132373046,0.6914377646627321,0.6579165416291554,0.6699241439098397,36888911.6
2026-04-27,0.6744269947650962,0.6864345970457805,0.6714250941949251,0.6779292120969624,18917538.12
2026-04-28,0.6754276282884866,0.6769285785735721,0.6589171751525458,0.6639203427694975,19120509.03
2026-04-29,0.6579165416291554,0.6704244606715348,0.6504117902037279,0.6644206595311927,15503156.97
2026-04-30,0.6699241439098397,0.6724257277183157,0.6514124237271182,0.6609184421993264,15167799.03
2026-05-06,0.6724257277183157,0.6884358640925611,0.6664219265779734,0.6764282618118769,17766516.3
2026-05-07,0.6844333299989998,0.7074479010369777,0.6714250941949251,0.7074479010369777,20592158.51
2026-05-08,0.6964409322796838,0.7179545530325764,0.6934390317095128,0.7154529692241006,18956929.63
2026-05-11,0.7289615217898703,0.7434707078790305,0.7094491680837585,0.7419697575939449,19412799.92
2026-05-12,0.7494745090193724,0.7619824280617519,0.7414694408322497,0.750975459304458,21629858.87
2026-05-13,0.7369665899769932,0.779493514721083,0.7369665899769932,0.7789931979593877,18534526.03
2026-05-14,0.7920014337634623,0.7955036510953286,0.7634833783468373,0.7724890800573505,24101120.25
2026-05-15,0.7729893968190458,0.7829957320529491,0.7354656396919075,0.7504751425427628,28876501.14
2026-05-18,0.7379672235003835,0.7704878130105698,0.7379672235003835,0.7589805274915808,19275662.2
2026-05-19,0.7514757760661531,0.7584802107298856,0.7214567703644427,0.7559786269214097,23111880.77
2026-05-20,0.7459722916875063,0.7664852789170085,0.7459722916875063,0.7589805274915808,21820210.86
2026-05-21,0.7669855956787036,0.7704878130105698,0.7184548697942716,0.7204561368410524,31493090.79
2026-05-22,0.7274605715047848,0.7554783101597146,0.7254593044580041,0.7529767263512387,23819360.28
2026-05-25,0.7584802107298856,0.7829957320529491,0.7439710246407256,0.7814947817678637,23733160.28
2026-05-26,0.7734897135807409,0.7799938314827782,0.759480844253276,0.7744903471041312,19446060.28
2026-05-27,0.7664852789170085,0.794002700810243,0.7639836951085326,0.7699874962488745,23194635.57
2026-05-28,0.765484645393618,0.8120141042312694,0.7559786269214097,0.8100128371844887,26617272.47
2026-05-29,0.811013470707879,0.8225207562268679,0.7879988996699009,0.7955036510953286,30699692.89
2026-06-01,0.7889995331932914,0.7990058684271948,0.765484645393618,0.7664852789170085,28047298.99
2026-06-02,0.7679862292020938,0.8225207562268679,0.7679862292020938,0.8180179053716115,34700348.72
2026-06-03,0.8355289920309426,0.888062252008936,0.8355289920309426,0.8585435630689207,34086257.05
2026-06-04,0.8380305758394185,0.8620457804007869,0.8380305758394185,0.8545410289753592,26035312.83
2026-06-05,0.8490375445967124,0.8845600346770698,0.8215201227034776,0.8320267746990764,39452939.05
2026-06-08,0.7905004834783769,0.8260229735587343,0.7900001667166816,0.8010071354739755,40255554.52
2026-06-09,0.816516955086526,0.8485372278350172,0.8095125204227935,0.848036911073322,30816515.82
2026-06-10,0.8305258244139908,0.8370299423160282,0.8055099863292322,0.8155163215631355,31925751.11
2026-06-11,0.8085118868994032,0.8315264579373811,0.7804941482444734,0.8020077689973658,40686116.17
2026-06-12,0.8255226567970392,0.8295251908906004,0.7894998499549866,0.7925017505251576,39347492.09
2026-06-15,0.8015074522356708,0.8485372278350172,0.7809944650061684,0.845035010503151,38744952.15
2026-06-16,0.8465359607882365,0.8755543329665566,0.8445346937414557,0.8650476809709581,30484282.96
2026-06-17,0.8510388116434932,0.8800571838218131,0.8510388116434932,0.879556867060118,30267967.4
2026-06-18,0.8720521156346905,0.9180812577106465,0.8705511653496049,0.9115771398086093,24022579.69
2026-06-22,0.9205828415191225,0.9375936114167583,0.8965676369577541,0.9300888599913307,29113271.71
2026-06-23,0.9235847420892934,0.9290882264679404,0.8875619352472409,0.8975682704811444,35646614.13
2026-06-24,0.8895632022940215,0.9175809409489515,0.8895632022940215,0.9140787236170851,28246493.06
2026-06-25,0.9225841085659032,0.9445980460804908,0.9030717548597912,0.9420964622720149,35806994.54
2026-06-26,0.9230844253275983,0.925085692374379,0.8715517988729953,0.8790565502984228,57105089.59
2026-06-29,0.8695505318262146,0.8905638358174119,0.8275239238438197,0.8580432463072256,48273780.17
2026-06-30,0.8650476809709581,0.9060736554299623,0.8575429295455304,0.8985689040045347,37038486.38
2026-07-01,0.8985689040045347,0.9095758727618286,0.8475365943116268,0.859544196592311,47573275.6
2026-07-02,0.8255226567970392,0.8305258244139908,0.7814947817678637,0.7884992164315962,49106812.23
2026-07-03,0.7804941482444734,0.8170172718482211,0.7804941482444734,0.7900001667166816,35660164.16
2026-07-06,0.798,0.8,0.743,0.757,70680733.07
2026-07-07,0.75,0.773,0.742,0.761,70181991.29
2026-07-08,0.7689999999999999,0.7849999999999999,0.747,0.757,62745982.86
2026-07-09,0.768,0.807,0.75,0.807,91328309.47
2026-07-10,0.815,0.828,0.778,0.779,77459821.36
2026-07-13,0.761,0.7830000000000001,0.731,0.738,53432031.52
2026-07-14,0.741,0.78,0.727,0.78,88171485.37
2026-07-15,0.78,0.791,0.756,0.759,63058827.1
2026-07-16,0.736,0.763,0.7230000000000001,0.7319999999999999,74391448.94
2026-07-17,0.7160000000000001,0.7160000000000001,0.659,0.659,106197033.78
2026-07-20,0.674,0.687,0.62,0.645,84558661.39
2026-07-21,0.649,0.7019999999999998,0.608,0.701,114591960.75
